1,PL-014,2025-09-16 01:40:17,5,5,2.0
1,PL-014,2025-09-16 03:13:05,55,5,4.0
1,PL-014,2025-09-16 03:13:05,105,5,6.0
1,PL-014,2025-09-16 03:18:12,155,5,8.0
1,PL-014,2025-09-16 07:13:10,205,5,10.0
1,PL-014,2025-09-16 07:13:10,255,5,12.0
1,PL-014,2025-09-16 07:13:10,305,5,14.0
1,PL-014,2025-09-16 07:13:10,355,5,16.0
1,PL-014,2025-09-16 07:13:10,405,5,18.0
1,WM-774,2025-09-16 00:04:19,455,5,20.0
1,WM-774,2025-09-16 00:04:19,5,35,22.0
1,WM-774,2025-09-16 00:04:19,35,35,24.0
1,WM-774,2025-09-16 01:21:50,65,35,26.0
1,WM-774,2025-09-16 01:21:50,95,35,28.0
1,WM-774,2025-09-16 01:21:50,125,35,30.0
1,WM-774,2025-09-16 01:21:50,155,35,32.0
1,WM-774,2025-09-16 01:21:50,185,35,34.0
1,WM-774,2025-09-16 01:26:14,215,35,36.0
1,WM-774,2025-09-16 01:26:14,245,35,38.0
1,WM-774,2025-09-16 01:26:14,275,35,40.0
1,WM-774,2025-09-16 02:59:03,305,35,42.0
1,WM-774,2025-09-16 06:24:02,335,35,44.0
1,WM-774,2025-09-16 08:21:25,365,35,46.0
1,WM-774,2025-09-16 08:21:25,395,35,48.0
1,WM-774,2025-09-16 08:21:25,425,35,50.0
1,WM-774,2025-09-16 08:21:25,455,35,52.0
1,WM-774,2025-09-16 08:21:25,5,65,54.0
1,WM-774,2025-09-16 09:25:50,35,65,56.0
1,WM-774,2025-09-16 09:25:50,65,65,58.0
1,WM-774,2025-09-16 09:25:50,95,65,60.0
1,WM-774,2025-09-16 09:25:50,125,65,62.0
1,WM-774,2025-09-16 09:25:50,155,65,64.0
1,WM-774,2025-09-16 10:19:12,185,65,66.0
1,WM-774,2025-09-16 10:19:12,215,65,68.0
1,WM-774,2025-09-16 10:19:12,245,65,70.0
1,WM-774,2025-09-16 10:19:12,275,65,72.0
1,DG-324,2025-09-16 00:04:19,5,95,76.0
1,DG-324,2025-09-16 00:04:19,40,95,80.0
1,DG-324,2025-09-16 00:04:19,75,95,84.0
1,DG-324,2025-09-16 00:04:19,110,95,88.0
1,DG-324,2025-09-16 00:04:19,145,95,92.0
1,DG-324,2025-09-16 01:26:14,180,95,96.0
1,DG-324,2025-09-16 01:26:14,215,95,100.0
1,DG-324,2025-09-16 03:13:05,250,95,104.0
1,DG-324,2025-09-16 03:13:05,285,95,108.0
1,DG-324,2025-09-16 03:13:05,320,95,112.0
1,DG-324,2025-09-16 03:13:05,355,95,116.0
1,DG-324,2025-09-16 04:29:40,390,95,120.0
1,DG-324,2025-09-16 04:29:40,425,95,124.0
1,DG-324,2025-09-16 04:29:40,460,95,128.0
1,DG-324,2025-09-16 08:21:25,5,130,132.0
1,DG-324,2025-09-16 08:21:25,40,130,136.0
1,DG-324,2025-09-16 08:21:25,75,130,140.0
1,DG-324,2025-09-16 08:21:25,110,130,144.0
1,DG-324,2025-09-16 09:25:50,145,130,148.0
1,DG-324,2025-09-16 09:25:50,180,130,152.0
1,DG-324,2025-09-16 09:25:50,215,130,156.0
1,DG-324,2025-09-16 09:25:50,250,130,160.0
1,DG-324,2025-09-16 09:25:50,285,130,164.0
1,DG-324,2025-09-16 11:38:09,320,130,168.0
1,DG-324,2025-09-16 11:38:09,355,130,172.0
1,DG-324,2025-09-16 11:38:09,390,130,176.0
1,DG-324,2025-09-16 11:38:09,425,130,180.0
1,PL-013,2025-09-16 01:40:17,460,130,184.0
1,PL-013,2025-09-16 01:40:17,305,65,188.0
1,PL-013,2025-09-16 01:40:17,345,65,192.0
1,PL-013,2025-09-16 01:40:17,385,65,196.0
1,PL-013,2025-09-16 03:03:21,425,65,200.0
2,PL-013,2025-09-16 03:03:21,5,5,4.0
2,PL-013,2025-09-16 03:03:21,45,5,8.0
2,PL-013,2025-09-16 03:03:21,85,5,12.0
2,PL-013,2025-09-16 03:13:05,125,5,16.0
2,PL-013,2025-09-16 03:13:05,165,5,20.0
2,PL-013,2025-09-16 04:29:40,205,5,24.0
2,PL-013,2025-09-16 04:29:40,245,5,28.0
2,PL-013,2025-09-16 04:29:40,285,5,32.0
2,PL-013,2025-09-16 04:29:40,325,5,36.0
2,PL-013,2025-09-16 04:29:40,365,5,40.0
2,PL-013,2025-09-16 07:13:10,405,5,44.0
2,PL-013,2025-09-16 07:13:10,445,5,48.0
2,PL-013,2025-09-16 07:13:10,5,35,52.0
2,PL-013,2025-09-16 07:13:10,45,35,56.0
2,PL-013,2025-09-16 07:13:10,85,35,60.0
2,AZ-011,2025-09-16 01:26:14,5,65,66.0
2,AZ-011,2025-09-16 01:26:14,55,65,72.0
2,AZ-011,2025-09-16 01:40:17,105,65,78.0
2,AZ-011,2025-09-16 02:59:03,155,65,84.0
2,AZ-011,2025-09-16 03:03:21,205,65,90.0
2,AZ-011,2025-09-16 03:03:21,255,65,96.0
2,AZ-011,2025-09-16 03:03:21,305,65,102.0
2,AZ-011,2025-09-16 03:13:05,355,65,108.0
2,AZ-011,2025-09-16 03:13:05,405,65,114.0
2,AZ-011,2025-09-16 03:13:05,455,65,120.0
2,AZ-011,2025-09-16 03:13:05,5,100,126.0
2,AZ-011,2025-09-16 03:13:05,55,100,132.0
2,AZ-011,2025-09-16 03:18:12,105,100,138.0
2,AZ-011,2025-09-16 03:18:12,155,100,144.0
2,AZ-011,2025-09-16 03:18:12,205,100,150.0
2,AZ-011,2025-09-16 03:18:12,255,100,156.0
2,AZ-011,2025-09-16 03:18:12,305,100,162.0
2,AZ-011,2025-09-16 06:24:02,355,100,168.0
2,AZ-011,2025-09-16 06:24:02,405,100,174.0
2,AZ-011,2025-09-16 10:19:12,455,100,180.0
2,AZ-011,2025-09-16 11:38:09,5,135,186.0
2,AZ-011,2025-09-16 11:38:09,55,135,192.0
2,MR-009,2025-09-16 00:44:54,5,170,200.0
3,MR-009,2025-09-16 00:44:54,5,5,8.0
3,MR-009,2025-09-16 00:44:54,55,5,16.0
3,MR-009,2025-09-16 00:44:54,105,5,24.0
3,FE-213,2025-09-16 01:21:50,155,5,30.0
3,FE-213,2025-09-16 01:40:17,205,5,36.0
3,FE-213,2025-09-16 01:40:17,255,5,42.0
3,FE-213,2025-09-16 01:40:17,305,5,48.0
3,FE-213,2025-09-16 01:40:17,355,5,54.0
3,MR-009,2025-09-16 01:40:17,5,45,62.0
3,MR-009,2025-09-16 01:40:17,55,45,70.0
3,MR-009,2025-09-16 01:40:17,105,45,78.0
3,MR-009,2025-09-16 01:40:17,155,45,86.0
3,FE-213,2025-09-16 02:59:03,405,5,92.0
3,MR-009,2025-09-16 03:15:28,205,45,100.0
3,MR-009,2025-09-16 03:15:28,255,45,108.0
3,MR-009,2025-09-16 03:15:28,305,45,116.0
3,MR-009,2025-09-16 03:15:28,355,45,124.0
3,MR-009,2025-09-16 03:15:28,405,45,132.0
3,FE-213,2025-09-16 03:18:12,455,5,138.0
3,FE-213,2025-09-16 03:18:12,455,45,144.0
3,FE-213,2025-09-16 03:18:12,5,85,150.0
3,FE-213,2025-09-16 06:24:02,55,85,156.0
3,FE-213,2025-09-16 06:32:46,105,85,162.0
3,FE-213,2025-09-16 06:32:46,155,85,168.0
3,MR-009,2025-09-16 06:32:46,5,115,176.0
3,MR-009,2025-09-16 06:32:46,55,115,184.0
3,MR-009,2025-09-16 06:32:46,105,115,192.0
3,MR-009,2025-09-16 06:32:46,155,115,200.0
4,FE-213,2025-09-16 06:39:51,5,5,6.0
4,FE-213,2025-09-16 07:40:07,55,5,12.0
4,FE-213,2025-09-16 07:40:07,105,5,18.0
4,FE-213,2025-09-16 07:40:07,155,5,24.0
4,FE-213,2025-09-16 08:28:57,205,5,30.0
4,FE-213,2025-09-16 08:28:57,255,5,36.0
4,FE-213,2025-09-16 08:28:57,305,5,42.0
4,FE-213,2025-09-16 09:25:50,355,5,48.0
4,FE-213,2025-09-16 09:25:50,405,5,54.0
4,FE-213,2025-09-16 09:25:50,455,5,60.0
4,FE-213,2025-09-16 10:19:12,5,35,66.0
4,MG-008,2025-09-16 00:04:19,55,35,74.0
4,MG-008,2025-09-16 00:04:19,115,35,82.0
4,MG-008,2025-09-16 00:04:19,175,35,90.0
4,MG-008,2025-09-16 00:04:19,235,35,98.0
4,MG-008,2025-09-16 00:04:19,295,35,106.0
4,MG-008,2025-09-16 04:29:40,355,35,114.0
4,MG-008,2025-09-16 04:29:40,415,35,122.0
4,MG-008,2025-09-16 04:29:40,5,65,130.0
4,MG-008,2025-09-16 05:39:53,65,65,138.0
4,MG-008,2025-09-16 06:24:02,125,65,146.0
4,MG-008,2025-09-16 06:24:02,185,65,154.0
4,MG-008,2025-09-16 06:24:02,245,65,162.0
4,MG-008,2025-09-16 06:24:02,305,65,170.0
4,MG-008,2025-09-16 08:21:25,365,65,178.0
4,MG-008,2025-09-16 08:21:25,425,65,186.0
4,MG-008,2025-09-16 08:21:25,5,95,194.0
4,GK-874,2025-09-16 03:03:21,65,95,198.0
5,MG-008,2025-09-16 08:28:57,5,5,8.0
5,MG-008,2025-09-16 08:28:57,65,5,16.0
5,MG-008,2025-09-16 08:28:57,125,5,24.0
5,BR-178,2025-09-16 01:21:50,5,35,32.0
5,BR-178,2025-09-16 01:21:50,45,35,40.0
5,PL-025,2025-09-16 02:59:03,85,35,50.0
5,BR-178,2025-09-16 03:18:12,135,35,58.0
5,BR-178,2025-09-16 03:18:12,175,35,66.0
5,BR-178,2025-09-16 03:18:12,215,35,74.0
5,BR-178,2025-09-16 06:39:51,255,35,82.0
5,BR-178,2025-09-16 06:39:51,295,35,90.0
5,BR-178,2025-09-16 06:39:51,335,35,98.0
5,BR-178,2025-09-16 06:39:51,375,35,106.0
5,BR-178,2025-09-16 06:39:51,415,35,114.0
5,PL-025,2025-09-16 08:21:25,455,35,124.0
5,PL-025,2025-09-16 08:21:25,5,75,134.0
5,PL-025,2025-09-16 08:21:25,55,75,144.0
5,PL-025,2025-09-16 08:21:25,105,75,154.0
5,GK-874,2025-09-16 03:03:21,185,5,158.0
5,GK-874,2025-09-16 03:03:21,220,5,162.0
5,GK-874,2025-09-16 03:03:21,255,5,166.0
5,GK-874,2025-09-16 03:03:21,290,5,170.0
5,GK-874,2025-09-16 03:15:28,325,5,174.0
5,GK-874,2025-09-16 03:15:28,360,5,178.0
5,GK-874,2025-09-16 05:39:53,395,5,182.0
5,GK-874,2025-09-16 05:39:53,430,5,186.0
5,GK-874,2025-09-16 06:32:46,465,5,190.0
5,GK-874,2025-09-16 06:39:51,155,75,194.0
5,GK-874,2025-09-16 06:39:51,190,75,198.0
6,GK-874,2025-09-16 06:39:51,5,5,4.0
6,GK-874,2025-09-16 06:39:51,40,5,8.0
6,GK-874,2025-09-16 06:39:51,75,5,12.0
6,GK-874,2025-09-16 08:28:57,110,5,16.0
6,GK-874,2025-09-16 11:38:09,145,5,20.0
6,GK-874,2025-09-16 11:38:09,180,5,24.0
6,GK-874,2025-09-16 11:38:09,215,5,28.0
6,GK-874,2025-09-16 11:38:09,250,5,32.0
6,GK-874,2025-09-16 11:38:09,285,5,36.0
6,GT-243,2025-09-16 00:44:54,320,5,42.0
6,GT-243,2025-09-16 00:44:54,360,5,48.0
6,GT-243,2025-09-16 00:44:54,400,5,54.0
6,GT-243,2025-09-16 00:44:54,440,5,60.0
6,GT-243,2025-09-16 00:44:54,5,25,66.0
6,GT-243,2025-09-16 03:03:21,45,25,72.0
6,GT-243,2025-09-16 03:03:21,85,25,78.0
6,GT-243,2025-09-16 05:39:53,125,25,84.0
6,GT-243,2025-09-16 05:39:53,165,25,90.0
6,GT-243,2025-09-16 05:39:53,205,25,96.0
6,GT-243,2025-09-16 05:39:53,245,25,102.0
6,GT-243,2025-09-16 05:39:53,285,25,108.0
6,GT-243,2025-09-16 06:32:46,325,25,114.0
6,GT-243,2025-09-16 06:32:46,365,25,120.0
6,GT-243,2025-09-16 07:40:07,405,25,126.0
6,GT-243,2025-09-16 07:40:07,445,25,132.0
6,GT-243,2025-09-16 07:40:07,5,45,138.0
6,GT-243,2025-09-16 07:40:07,45,45,144.0
6,GT-243,2025-09-16 07:40:07,85,45,150.0
6,GT-243,2025-09-16 08:28:57,125,45,156.0
6,GT-243,2025-09-16 08:28:57,165,45,162.0
6,BP-896,2025-09-16 02:59:03,5,65,172.0
6,BP-896,2025-09-16 02:59:03,45,65,182.0
6,BP-896,2025-09-16 02:59:03,85,65,192.0
6,FL-643,2025-09-16 03:15:28,125,65,200.0
7,BP-896,2025-09-16 02:59:03,5,5,10.0
7,BP-896,2025-09-16 02:59:03,45,5,20.0
7,BP-896,2025-09-16 05:39:53,85,5,30.0
7,BP-896,2025-09-16 10:19:12,125,5,40.0
7,BP-896,2025-09-16 10:19:12,165,5,50.0
7,BP-896,2025-09-16 10:19:12,205,5,60.0
7,BP-896,2025-09-16 10:19:12,245,5,70.0
7,BP-896,2025-09-16 10:19:12,285,5,80.0
7,FL-643,2025-09-16 03:15:28,325,5,88.0
7,FL-643,2025-09-16 03:15:28,355,5,96.0
7,FL-643,2025-09-16 05:39:53,385,5,104.0
7,FL-643,2025-09-16 05:39:53,415,5,112.0
7,FL-643,2025-09-16 05:39:53,445,5,120.0
7,FL-643,2025-09-16 07:40:07,475,5,128.0
7,FL-643,2025-09-16 10:19:12,5,35,136.0
7,FL-643,2025-09-16 10:19:12,35,35,144.0
7,FL-643,2025-09-16 10:19:12,65,35,152.0
7,FL-643,2025-09-16 10:19:12,95,35,160.0
7,FL-643,2025-09-16 10:19:12,125,35,168.0
7,FL-643,2025-09-16 11:38:09,155,35,176.0
7,FL-643,2025-09-16 11:38:09,185,35,184.0
7,FL-643,2025-09-16 11:38:09,215,35,192.0
7,FL-643,2025-09-16 11:38:09,245,35,200.0
8,FL-643,2025-09-16 11:38:09,5,5,8.0
8,LV-337,2025-09-16 00:04:19,5,35,28.0
8,LV-337,2025-09-16 00:04:19,40,35,48.0
8,LV-337,2025-09-16 00:04:19,75,35,68.0
8,LV-337,2025-09-16 00:04:19,110,35,88.0
8,LV-337,2025-09-16 00:44:54,145,35,108.0
8,LV-337,2025-09-16 00:44:54,180,35,128.0
8,LV-337,2025-09-16 00:44:54,215,35,148.0
8,LV-337,2025-09-16 00:44:54,250,35,168.0
8,LV-337,2025-09-16 00:44:54,285,35,188.0
9,LV-337,2025-09-16 01:21:50,5,5,20.0
9,LV-337,2025-09-16 01:21:50,40,5,40.0
9,LV-337,2025-09-16 01:26:14,75,5,60.0
9,LV-337,2025-09-16 03:15:28,110,5,80.0
9,LV-337,2025-09-16 03:15:28,145,5,100.0
9,LV-337,2025-09-16 06:39:51,180,5,120.0
9,LV-337,2025-09-16 06:39:51,215,5,140.0
9,LV-337,2025-09-16 06:39:51,250,5,160.0
9,LV-337,2025-09-16 07:13:10,285,5,180.0
9,LV-337,2025-09-16 07:13:10,320,5,200.0
10,LV-337,2025-09-16 07:13:10,5,5,20.0
1,PL-014,2025-09-16 12:09:43,5,5,2.0
1,PL-014,2025-09-16 14:23:10,55,5,4.0
1,PL-014,2025-09-16 14:23:10,105,5,6.0
1,PL-014,2025-09-16 14:23:10,155,5,8.0
1,PL-014,2025-09-16 14:23:10,205,5,10.0
1,PL-014,2025-09-16 21:20:00,255,5,12.0
1,PL-014,2025-09-16 22:21:59,305,5,14.0
1,PL-014,2025-09-16 22:21:59,355,5,16.0
1,PL-014,2025-09-16 22:21:59,405,5,18.0
1,PL-014,2025-09-16 22:21:59,455,5,20.0
1,PL-014,2025-09-16 22:21:59,5,35,22.0
1,WM-774,2025-09-16 14:23:10,55,35,24.0
1,WM-774,2025-09-16 14:23:10,85,35,26.0
1,WM-774,2025-09-16 14:23:10,115,35,28.0
1,WM-774,2025-09-16 14:23:10,145,35,30.0
1,WM-774,2025-09-16 14:23:10,175,35,32.0
1,WM-774,2025-09-16 14:56:29,205,35,34.0
1,WM-774,2025-09-16 14:56:29,235,35,36.0
1,WM-774,2025-09-16 14:56:29,265,35,38.0
1,WM-774,2025-09-16 14:56:29,295,35,40.0
1,WM-774,2025-09-16 14:56:29,325,35,42.0
1,WM-774,2025-09-16 16:27:39,355,35,44.0
1,WM-774,2025-09-16 16:27:39,385,35,46.0
1,DG-324,2025-09-16 13:34:13,5,65,50.0
1,DG-324,2025-09-16 13:34:13,40,65,54.0
1,DG-324,2025-09-16 13:34:13,75,65,58.0
1,DG-324,2025-09-16 13:34:13,110,65,62.0
1,DG-324,2025-09-16 13:34:13,145,65,66.0
1,DG-324,2025-09-16 13:40:27,180,65,70.0
1,DG-324,2025-09-16 13:40:27,215,65,74.0
1,DG-324,2025-09-16 13:40:27,250,65,78.0
1,DG-324,2025-09-16 13:40:27,285,65,82.0
1,DG-324,2025-09-16 14:36:00,320,65,86.0
1,DG-324,2025-09-16 14:36:00,355,65,90.0
1,DG-324,2025-09-16 15:06:35,390,65,94.0
1,DG-324,2025-09-16 16:49:13,425,65,98.0
1,DG-324,2025-09-16 20:39:38,460,65,102.0
1,DG-324,2025-09-16 21:34:41,5,100,106.0
1,DG-324,2025-09-16 21:34:41,40,100,110.0
1,DG-324,2025-09-16 21:34:41,75,100,114.0
1,DG-324,2025-09-16 21:34:41,110,100,118.0
1,DG-324,2025-09-16 22:04:42,145,100,122.0
1,PL-013,2025-09-16 13:04:10,415,35,126.0
1,PL-013,2025-09-16 13:04:10,455,35,130.0
1,PL-013,2025-09-16 20:39:38,180,100,134.0
1,PL-013,2025-09-16 20:39:38,220,100,138.0
1,PL-013,2025-09-16 20:39:38,260,100,142.0
1,PL-013,2025-09-16 20:39:38,300,100,146.0
1,PL-013,2025-09-16 20:39:38,340,100,150.0
1,PL-013,2025-09-16 21:03:34,380,100,154.0
1,PL-013,2025-09-16 21:03:34,420,100,158.0
1,PL-013,2025-09-16 21:03:34,460,100,162.0
1,PL-013,2025-09-16 21:03:34,5,135,166.0
1,PL-013,2025-09-16 21:03:34,45,135,170.0
1,PL-013,2025-09-16 22:04:42,85,135,174.0
1,PL-013,2025-09-16 22:04:42,125,135,178.0
1,AZ-011,2025-09-16 14:56:29,5,165,184.0
1,AZ-011,2025-09-16 14:56:29,55,165,190.0
1,AZ-011,2025-09-16 14:56:29,105,165,196.0
1,GK-874,2025-09-16 13:40:27,165,135,200.0
2,AZ-011,2025-09-16 21:59:19,5,5,6.0
2,AZ-011,2025-09-16 21:59:19,55,5,12.0
2,AZ-011,2025-09-16 21:59:19,105,5,18.0
2,FE-213,2025-09-16 13:04:10,155,5,24.0
2,FE-213,2025-09-16 13:04:10,205,5,30.0
2,FE-213,2025-09-16 13:04:10,255,5,36.0
2,FE-213,2025-09-16 13:04:10,305,5,42.0
2,MR-009,2025-09-16 13:04:10,5,40,50.0
2,MR-009,2025-09-16 13:04:10,55,40,58.0
2,MR-009,2025-09-16 13:04:10,105,40,66.0
2,MR-009,2025-09-16 13:04:10,155,40,74.0
2,MR-009,2025-09-16 13:34:13,205,40,82.0
2,MR-009,2025-09-16 13:34:13,255,40,90.0
2,MR-009,2025-09-16 13:34:13,305,40,98.0
2,FE-213,2025-09-16 13:34:13,355,5,104.0
2,FE-213,2025-09-16 13:34:13,405,5,110.0
2,FE-213,2025-09-16 14:08:12,455,5,116.0
2,FE-213,2025-09-16 14:08:12,355,40,122.0
2,FE-213,2025-09-16 14:08:12,405,40,128.0
2,FE-213,2025-09-16 14:23:10,455,40,134.0
2,FE-213,2025-09-16 14:23:10,5,80,140.0
2,FE-213,2025-09-16 14:23:10,55,80,146.0
2,FE-213,2025-09-16 14:23:10,105,80,152.0
2,FE-213,2025-09-16 14:23:10,155,80,158.0
2,MR-009,2025-09-16 16:49:13,5,110,166.0
2,MR-009,2025-09-16 16:49:13,55,110,174.0
2,MR-009,2025-09-16 16:49:13,105,110,182.0
2,MR-009,2025-09-16 16:49:13,155,110,190.0
2,FE-213,2025-09-16 20:39:38,205,80,196.0
2,GK-874,2025-09-16 13:40:27,255,80,200.0
3,FE-213,2025-09-16 20:39:38,5,5,6.0
3,FE-213,2025-09-16 20:39:38,55,5,12.0
3,FE-213,2025-09-16 20:39:38,105,5,18.0
3,MR-009,2025-09-16 21:20:00,5,35,26.0
3,FE-213,2025-09-16 21:34:41,155,5,32.0
3,FE-213,2025-09-16 21:34:41,205,5,38.0
3,FE-213,2025-09-16 21:34:41,255,5,44.0
3,FE-213,2025-09-16 21:34:41,305,5,50.0
3,FE-213,2025-09-16 21:34:41,355,5,56.0
3,FE-213,2025-09-16 22:04:42,405,5,62.0
3,FE-213,2025-09-16 22:04:42,455,5,68.0
3,FE-213,2025-09-16 22:04:42,55,35,74.0
3,FE-213,2025-09-16 22:21:59,105,35,80.0
3,FE-213,2025-09-16 22:21:59,155,35,86.0
3,FE-213,2025-09-16 22:21:59,205,35,92.0
3,FE-213,2025-09-16 22:21:59,255,35,98.0
3,FE-213,2025-09-16 23:21:10,305,35,104.0
3,FE-213,2025-09-16 23:21:10,355,35,110.0
3,FE-213,2025-09-16 23:21:10,405,35,116.0
3,FE-213,2025-09-16 23:21:10,455,35,122.0
3,MG-008,2025-09-16 13:04:10,5,75,130.0
3,MG-008,2025-09-16 13:40:27,65,75,138.0
3,MG-008,2025-09-16 13:40:27,125,75,146.0
3,MG-008,2025-09-16 14:56:29,185,75,154.0
3,MG-008,2025-09-16 15:06:35,245,75,162.0
3,MG-008,2025-09-16 15:06:35,305,75,170.0
3,MG-008,2025-09-16 15:06:35,365,75,178.0
3,MG-008,2025-09-16 15:06:35,425,75,186.0
3,MG-008,2025-09-16 15:06:35,5,105,194.0
3,GK-874,2025-09-16 13:40:27,65,105,198.0
4,MG-008,2025-09-16 21:20:00,5,5,8.0
4,MG-008,2025-09-16 21:20:00,65,5,16.0
4,MG-008,2025-09-16 21:20:00,125,5,24.0
4,MG-008,2025-09-16 21:20:00,185,5,32.0
4,MG-008,2025-09-16 21:34:41,245,5,40.0
4,MG-008,2025-09-16 21:34:41,305,5,48.0
4,PL-025,2025-09-16 12:09:43,5,35,58.0
4,BR-178,2025-09-16 13:04:10,55,35,66.0
4,BR-178,2025-09-16 13:04:10,95,35,74.0
4,PL-025,2025-09-16 14:08:12,135,35,84.0
4,PL-025,2025-09-16 14:08:12,185,35,94.0
4,PL-025,2025-09-16 14:08:12,235,35,104.0
4,PL-025,2025-09-16 14:08:12,285,35,114.0
4,PL-025,2025-09-16 14:08:12,335,35,124.0
4,PL-025,2025-09-16 14:36:00,385,35,134.0
4,PL-025,2025-09-16 14:36:00,435,35,144.0
4,PL-025,2025-09-16 14:36:00,5,75,154.0
4,PL-025,2025-09-16 14:36:00,55,75,164.0
4,BR-178,2025-09-16 14:56:29,105,75,172.0
4,PL-025,2025-09-16 16:27:39,145,75,182.0
4,PL-025,2025-09-16 16:27:39,195,75,192.0
4,BR-178,2025-09-16 19:07:42,245,75,200.0
5,PL-025,2025-09-16 16:27:39,5,5,10.0
5,PL-025,2025-09-16 16:27:39,55,5,20.0
5,PL-025,2025-09-16 19:07:42,105,5,30.0
5,PL-025,2025-09-16 19:07:42,155,5,40.0
5,BR-178,2025-09-16 19:07:42,205,5,48.0
5,BR-178,2025-09-16 19:07:42,245,5,56.0
5,BR-178,2025-09-16 19:07:42,285,5,64.0
5,BR-178,2025-09-16 19:07:42,325,5,72.0
5,BR-178,2025-09-16 21:03:34,365,5,80.0
5,BR-178,2025-09-16 21:03:34,405,5,88.0
5,BR-178,2025-09-16 21:03:34,445,5,96.0
5,BR-178,2025-09-16 21:03:34,5,45,104.0
5,PL-025,2025-09-16 22:04:42,45,45,114.0
5,PL-025,2025-09-16 22:04:42,95,45,124.0
5,PL-025,2025-09-16 22:04:42,145,45,134.0
5,PL-025,2025-09-16 22:04:42,195,45,144.0
5,PL-025,2025-09-16 22:04:42,245,45,154.0
5,BR-178,2025-09-16 22:21:59,295,45,162.0
5,BR-178,2025-09-16 22:21:59,335,45,170.0
5,BR-178,2025-09-16 23:21:10,375,45,178.0
5,BR-178,2025-09-16 23:21:10,415,45,186.0
5,GK-874,2025-09-16 13:40:27,455,45,190.0
5,GK-874,2025-09-16 16:27:39,455,65,194.0
5,GK-874,2025-09-16 16:27:39,5,85,198.0
6,GK-874,2025-09-16 16:27:39,5,5,4.0
6,GK-874,2025-09-16 21:59:19,40,5,8.0
6,GT-243,2025-09-16 13:40:27,75,5,14.0
6,GT-243,2025-09-16 13:40:27,115,5,20.0
6,GT-243,2025-09-16 22:21:59,155,5,26.0
6,GT-243,2025-09-16 22:21:59,195,5,32.0
6,GT-243,2025-09-16 22:21:59,235,5,38.0
6,GT-243,2025-09-16 22:21:59,275,5,44.0
6,BP-896,2025-09-16 13:34:13,5,25,54.0
6,BP-896,2025-09-16 13:34:13,45,25,64.0
6,BP-896,2025-09-16 13:40:27,85,25,74.0
6,BP-896,2025-09-16 13:40:27,125,25,84.0
6,BP-896,2025-09-16 15:06:35,165,25,94.0
6,BP-896,2025-09-16 15:06:35,205,25,104.0
6,BP-896,2025-09-16 15:06:35,245,25,114.0
6,BP-896,2025-09-16 15:06:35,285,25,124.0
6,BP-896,2025-09-16 16:49:13,325,25,134.0
6,BP-896,2025-09-16 16:49:13,365,25,144.0
6,BP-896,2025-09-16 16:49:13,405,25,154.0
6,BP-896,2025-09-16 19:07:42,445,25,164.0
6,BP-896,2025-09-16 19:07:42,5,55,174.0
6,BP-896,2025-09-16 19:07:42,45,55,184.0
6,BP-896,2025-09-16 21:34:41,85,55,194.0
7,BP-896,2025-09-16 21:34:41,5,5,10.0
7,BP-896,2025-09-16 21:59:19,45,5,20.0
7,BP-896,2025-09-16 21:59:19,85,5,30.0
7,FL-643,2025-09-16 12:09:43,125,5,38.0
7,FL-643,2025-09-16 12:09:43,155,5,46.0
7,FL-643,2025-09-16 12:09:43,185,5,54.0
7,FL-643,2025-09-16 20:39:38,215,5,62.0
7,FL-643,2025-09-16 20:39:38,245,5,70.0
7,FL-643,2025-09-16 20:39:38,275,5,78.0
7,FL-643,2025-09-16 20:39:38,305,5,86.0
7,FL-643,2025-09-16 21:03:34,335,5,94.0
7,FL-643,2025-09-16 21:34:41,365,5,102.0
7,FL-643,2025-09-16 21:34:41,395,5,110.0
7,LV-337,2025-09-16 14:08:12,5,35,130.0
7,LV-337,2025-09-16 14:36:00,40,35,150.0
7,LV-337,2025-09-16 14:36:00,75,35,170.0
7,LV-337,2025-09-16 14:36:00,110,35,190.0
8,LV-337,2025-09-16 14:56:29,5,5,20.0
8,LV-337,2025-09-16 19:07:42,40,5,40.0
8,LV-337,2025-09-16 19:07:42,75,5,60.0
8,LV-337,2025-09-16 20:39:38,110,5,80.0
8,LV-337,2025-09-16 20:39:38,145,5,100.0
8,LV-337,2025-09-16 22:21:59,180,5,120.0
8,LV-337,2025-09-16 22:21:59,215,5,140.0
8,LV-337,2025-09-16 22:21:59,250,5,160.0
8,LV-337,2025-09-16 22:21:59,285,5,180.0
8,LV-337,2025-09-16 23:21:10,320,5,200.0
9,LV-337,2025-09-16 23:21:10,5,5,20.0
1,PL-014,2025-09-17 04:15:10,5,5,2.0
1,PL-014,2025-09-17 04:15:10,55,5,4.0
1,PL-014,2025-09-17 04:15:10,105,5,6.0
1,PL-014,2025-09-17 04:15:10,155,5,8.0
1,PL-014,2025-09-17 06:24:10,205,5,10.0
1,PL-014,2025-09-17 06:24:10,255,5,12.0
1,PL-014,2025-09-17 07:23:21,305,5,14.0
1,PL-014,2025-09-17 07:23:21,355,5,16.0
1,PL-014,2025-09-17 10:11:08,405,5,18.0
1,PL-014,2025-09-17 10:11:08,455,5,20.0
1,PL-014,2025-09-17 10:11:08,5,35,22.0
1,PL-014,2025-09-17 10:11:08,55,35,24.0
1,PL-014,2025-09-17 10:11:08,105,35,26.0
1,PL-014,2025-09-17 11:25:18,155,35,28.0
1,WM-774,2025-09-17 05:11:22,205,35,30.0
1,WM-774,2025-09-17 05:11:22,235,35,32.0
1,WM-774,2025-09-17 05:11:22,265,35,34.0
1,WM-774,2025-09-17 05:11:22,295,35,36.0
1,WM-774,2025-09-17 11:25:18,325,35,38.0
1,WM-774,2025-09-17 11:25:18,355,35,40.0
1,WM-774,2025-09-17 11:25:18,385,35,42.0
1,WM-774,2025-09-17 11:25:18,415,35,44.0
1,WM-774,2025-09-17 11:57:36,445,35,46.0
1,WM-774,2025-09-17 11:57:36,475,35,48.0
1,WM-774,2025-09-17 11:57:36,5,65,50.0
1,DG-324,2025-09-17 01:13:10,5,95,54.0
1,DG-324,2025-09-17 01:13:10,40,95,58.0
1,DG-324,2025-09-17 01:13:10,75,95,62.0
1,DG-324,2025-09-17 01:23:30,110,95,66.0
1,DG-324,2025-09-17 01:23:30,145,95,70.0
1,DG-324,2025-09-17 07:19:22,180,95,74.0
1,DG-324,2025-09-17 07:19:22,215,95,78.0
1,DG-324,2025-09-17 07:19:22,250,95,82.0
1,DG-324,2025-09-17 07:19:22,285,95,86.0
1,DG-324,2025-09-17 11:46:58,320,95,90.0
1,DG-324,2025-09-17 11:46:58,355,95,94.0
1,DG-324,2025-09-17 11:46:58,390,95,98.0
1,DG-324,2025-09-17 11:46:58,425,95,102.0
1,DG-324,2025-09-17 11:46:58,460,95,106.0
1,DG-324,2025-09-17 11:57:36,5,130,110.0
1,DG-324,2025-09-17 11:57:36,40,130,114.0
1,PL-013,2025-09-17 02:07:00,35,65,118.0
1,PL-013,2025-09-17 02:07:00,75,65,122.0
1,PL-013,2025-09-17 02:07:00,115,65,126.0
1,PL-013,2025-09-17 05:12:20,155,65,130.0
1,PL-013,2025-09-17 08:51:42,195,65,134.0
1,PL-013,2025-09-17 08:51:42,235,65,138.0
1,PL-013,2025-09-17 08:51:42,275,65,142.0
1,PL-013,2025-09-17 08:51:42,315,65,146.0
1,PL-013,2025-09-17 08:51:42,355,65,150.0
1,AZ-011,2025-09-17 01:23:30,75,130,156.0
1,AZ-011,2025-09-17 01:23:30,125,130,162.0
1,AZ-011,2025-09-17 01:23:30,175,130,168.0
1,AZ-011,2025-09-17 01:23:30,225,130,174.0
1,AZ-011,2025-09-17 02:48:44,275,130,180.0
1,AZ-011,2025-09-17 02:48:44,325,130,186.0
1,AZ-011,2025-09-17 10:11:08,375,130,192.0
1,AZ-011,2025-09-17 10:11:08,425,130,198.0
2,AZ-011,2025-09-17 10:11:08,5,5,6.0
2,AZ-011,2025-09-17 10:11:08,55,5,12.0
2,AZ-011,2025-09-17 10:11:08,105,5,18.0
2,FE-213,2025-09-17 00:00:16,155,5,24.0
2,FE-213,2025-09-17 00:00:16,205,5,30.0
2,FE-213,2025-09-17 00:00:16,255,5,36.0
2,FE-213,2025-09-17 00:00:16,305,5,42.0
2,FE-213,2025-09-17 00:00:16,355,5,48.0
2,FE-213,2025-09-17 01:13:10,405,5,54.0
2,FE-213,2025-09-17 01:13:10,455,5,60.0
2,FE-213,2025-09-17 01:13:10,5,40,66.0
2,FE-213,2025-09-17 02:07:00,55,40,72.0
2,FE-213,2025-09-17 02:28:40,105,40,78.0
2,FE-213,2025-09-17 02:28:40,155,40,84.0
2,FE-213,2025-09-17 02:28:40,205,40,90.0
2,FE-213,2025-09-17 02:28:40,255,40,96.0
2,MR-009,2025-09-17 02:48:44,5,70,104.0
2,MR-009,2025-09-17 02:48:44,55,70,112.0
2,MR-009,2025-09-17 04:44:20,105,70,120.0
2,MR-009,2025-09-17 04:44:20,155,70,128.0
2,MR-009,2025-09-17 05:11:22,205,70,136.0
2,MR-009,2025-09-17 07:23:21,255,70,144.0
2,MR-009,2025-09-17 07:23:21,305,70,152.0
2,MR-009,2025-09-17 07:23:21,355,70,160.0
2,FE-213,2025-09-17 10:11:08,405,70,166.0
2,FE-213,2025-09-17 10:31:29,455,70,172.0
2,FE-213,2025-09-17 10:31:29,305,40,178.0
2,MR-009,2025-09-17 11:46:58,5,110,186.0
2,MR-009,2025-09-17 11:46:58,55,110,194.0
2,GK-874,2025-09-17 01:23:30,355,40,198.0
3,MG-008,2025-09-17 01:13:10,5,5,8.0
3,MG-008,2025-09-17 01:13:10,65,5,16.0
3,MG-008,2025-09-17 01:23:30,125,5,24.0
3,MG-008,2025-09-17 02:07:00,185,5,32.0
3,MG-008,2025-09-17 04:44:20,245,5,40.0
3,MG-008,2025-09-17 04:44:20,305,5,48.0
3,MG-008,2025-09-17 04:44:20,365,5,56.0
3,MG-008,2025-09-17 04:44:20,425,5,64.0
3,MG-008,2025-09-17 05:11:22,5,35,72.0
3,MG-008,2025-09-17 05:11:22,65,35,80.0
3,MG-008,2025-09-17 05:11:22,125,35,88.0
3,MG-008,2025-09-17 05:11:22,185,35,96.0
3,MG-008,2025-09-17 05:11:22,245,35,104.0
3,MG-008,2025-09-17 05:31:26,305,35,112.0
3,MG-008,2025-09-17 05:31:26,365,35,120.0
3,MG-008,2025-09-17 05:31:26,425,35,128.0
3,MG-008,2025-09-17 05:31:26,5,65,136.0
3,MG-008,2025-09-17 11:25:15,65,65,144.0
3,MG-008,2025-09-17 11:25:18,125,65,152.0
3,MG-008,2025-09-17 11:25:18,185,65,160.0
3,MG-008,2025-09-17 11:25:18,245,65,168.0
3,MG-008,2025-09-17 11:25:18,305,65,176.0
3,MG-008,2025-09-17 11:25:18,365,65,184.0
3,BR-178,2025-09-17 03:38:11,5,95,192.0
3,BR-178,2025-09-17 03:38:11,45,95,200.0
4,BR-178,2025-09-17 03:38:11,5,5,8.0
4,PL-025,2025-09-17 04:15:10,45,5,18.0
4,PL-025,2025-09-17 04:15:10,95,5,28.0
4,PL-025,2025-09-17 04:15:10,145,5,38.0
4,PL-025,2025-09-17 04:44:20,195,5,48.0
4,PL-025,2025-09-17 04:44:20,245,5,58.0
4,PL-025,2025-09-17 04:44:20,295,5,68.0
4,PL-025,2025-09-17 04:44:20,345,5,78.0
4,BR-178,2025-09-17 05:11:22,395,5,86.0
4,BR-178,2025-09-17 05:11:22,435,5,94.0
4,BR-178,2025-09-17 05:11:22,5,45,102.0
4,BR-178,2025-09-17 05:11:22,45,45,110.0
4,BR-178,2025-09-17 05:11:22,85,45,118.0
4,PL-025,2025-09-17 05:12:20,125,45,128.0
4,PL-025,2025-09-17 05:12:20,175,45,138.0
4,PL-025,2025-09-17 05:12:20,225,45,148.0
4,BR-178,2025-09-17 05:12:20,275,45,156.0
4,BR-178,2025-09-17 05:12:20,315,45,164.0
4,BR-178,2025-09-17 05:12:20,355,45,172.0
4,BR-178,2025-09-17 05:12:20,395,45,180.0
4,BR-178,2025-09-17 05:12:20,435,45,188.0
4,BR-178,2025-09-17 06:24:10,5,85,196.0
4,GK-874,2025-09-17 02:28:40,45,85,200.0
5,BR-178,2025-09-17 06:24:10,5,5,8.0
5,PL-025,2025-09-17 07:19:22,45,5,18.0
5,PL-025,2025-09-17 07:19:22,95,5,28.0
5,BR-178,2025-09-17 07:23:21,145,5,36.0
5,BR-178,2025-09-17 07:23:21,185,5,44.0
5,BR-178,2025-09-17 07:23:21,225,5,52.0
5,BR-178,2025-09-17 07:23:21,265,5,60.0
5,BR-178,2025-09-17 10:11:08,305,5,68.0
5,BR-178,2025-09-17 10:11:08,345,5,76.0
5,BR-178,2025-09-17 10:11:08,385,5,84.0
5,BR-178,2025-09-17 10:11:08,425,5,92.0
5,PL-025,2025-09-17 10:31:29,5,45,102.0
5,PL-025,2025-09-17 10:31:29,55,45,112.0
5,PL-025,2025-09-17 10:31:29,105,45,122.0
5,BR-178,2025-09-17 10:31:29,465,5,130.0
5,BR-178,2025-09-17 11:25:15,155,45,138.0
5,BR-178,2025-09-17 11:25:15,195,45,146.0
5,BR-178,2025-09-17 11:25:18,235,45,154.0
5,BR-178,2025-09-17 11:25:18,275,45,162.0
5,BR-178,2025-09-17 11:33:13,315,45,170.0
5,BR-178,2025-09-17 11:33:13,355,45,178.0
5,BR-178,2025-09-17 11:33:13,395,45,186.0
5,BR-178,2025-09-17 11:33:13,435,45,194.0
5,GK-874,2025-09-17 02:28:40,5,85,198.0
6,BR-178,2025-09-17 11:46:58,5,5,8.0
6,BR-178,2025-09-17 11:46:58,45,5,16.0
6,BR-178,2025-09-17 11:46:58,85,5,24.0
6,BR-178,2025-09-17 11:46:58,125,5,32.0
6,BR-178,2025-09-17 11:46:58,165,5,40.0
6,GK-874,2025-09-17 02:28:40,205,5,44.0
6,GK-874,2025-09-17 02:48:44,240,5,48.0
6,GK-874,2025-09-17 02:48:44,275,5,52.0
6,GK-874,2025-09-17 02:48:44,310,5,56.0
6,GK-874,2025-09-17 02:48:44,345,5,60.0
6,GK-874,2025-09-17 03:38:11,380,5,64.0
6,GK-874,2025-09-17 03:38:11,415,5,68.0
6,GK-874,2025-09-17 03:38:11,450,5,72.0
6,GK-874,2025-09-17 03:38:11,205,25,76.0
6,GK-874,2025-09-17 03:38:11,240,25,80.0
6,GK-874,2025-09-17 04:15:10,275,25,84.0
6,GK-874,2025-09-17 04:15:10,310,25,88.0
6,GK-874,2025-09-17 04:15:10,345,25,92.0
6,GK-874,2025-09-17 04:44:20,380,25,96.0
6,GK-874,2025-09-17 07:23:21,415,25,100.0
6,GK-874,2025-09-17 07:23:21,450,25,104.0
6,GK-874,2025-09-17 07:23:21,5,45,108.0
6,GK-874,2025-09-17 07:23:21,40,45,112.0
6,GK-874,2025-09-17 07:23:21,75,45,116.0
6,GK-874,2025-09-17 11:33:13,110,45,120.0
6,GK-874,2025-09-17 11:33:13,145,45,124.0
6,GK-874,2025-09-17 11:33:13,180,45,128.0
6,GK-874,2025-09-17 11:33:13,215,45,132.0
6,GK-874,2025-09-17 11:33:13,250,45,136.0
6,GT-243,2025-09-17 02:28:40,285,45,142.0
6,GT-243,2025-09-17 02:28:40,325,45,148.0
6,GT-243,2025-09-17 02:28:40,365,45,154.0
6,GT-243,2025-09-17 02:48:44,405,45,160.0
6,GT-243,2025-09-17 02:48:44,445,45,166.0
6,GT-243,2025-09-17 02:48:44,5,65,172.0
6,GT-243,2025-09-17 03:38:11,45,65,178.0
6,GT-243,2025-09-17 04:15:10,85,65,184.0
6,GT-243,2025-09-17 04:15:10,125,65,190.0
6,GT-243,2025-09-17 04:15:10,165,65,196.0
7,GT-243,2025-09-17 04:44:20,5,5,6.0
7,GT-243,2025-09-17 04:44:20,45,5,12.0
7,GT-243,2025-09-17 06:24:10,85,5,18.0
7,GT-243,2025-09-17 06:24:10,125,5,24.0
7,GT-243,2025-09-17 06:24:10,165,5,30.0
7,GT-243,2025-09-17 07:19:22,205,5,36.0
7,GT-243,2025-09-17 07:19:22,245,5,42.0
7,GT-243,2025-09-17 07:19:22,285,5,48.0
7,GT-243,2025-09-17 07:19:22,325,5,54.0
7,GT-243,2025-09-17 08:51:42,365,5,60.0
7,GT-243,2025-09-17 08:51:42,405,5,66.0
7,GT-243,2025-09-17 11:25:15,445,5,72.0
7,BP-896,2025-09-17 00:00:16,5,25,82.0
7,BP-896,2025-09-17 00:00:16,45,25,92.0
7,BP-896,2025-09-17 00:00:16,85,25,102.0
7,BP-896,2025-09-17 00:00:16,125,25,112.0
7,BP-896,2025-09-17 00:00:16,165,25,122.0
7,BP-896,2025-09-17 01:23:30,205,25,132.0
7,BP-896,2025-09-17 01:23:30,245,25,142.0
7,BP-896,2025-09-17 01:23:30,285,25,152.0
7,BP-896,2025-09-17 01:23:30,325,25,162.0
7,BP-896,2025-09-17 03:38:11,365,25,172.0
7,BP-896,2025-09-17 03:38:11,405,25,182.0
7,BP-896,2025-09-17 07:23:21,445,25,192.0
7,FL-643,2025-09-17 00:00:16,5,55,200.0
8,BP-896,2025-09-17 07:23:21,5,5,10.0
8,BP-896,2025-09-17 07:23:21,45,5,20.0
8,BP-896,2025-09-17 10:11:08,85,5,30.0
8,BP-896,2025-09-17 10:11:08,125,5,40.0
8,BP-896,2025-09-17 10:11:08,165,5,50.0
8,BP-896,2025-09-17 10:11:08,205,5,60.0
8,BP-896,2025-09-17 11:33:13,245,5,70.0
8,BP-896,2025-09-17 11:33:13,285,5,80.0
8,BP-896,2025-09-17 11:33:13,325,5,90.0
8,BP-896,2025-09-17 11:33:13,365,5,100.0
8,BP-896,2025-09-17 11:57:36,405,5,110.0
8,BP-896,2025-09-17 11:57:36,445,5,120.0
8,BP-896,2025-09-17 11:57:36,5,35,130.0
8,BP-896,2025-09-17 11:57:36,45,35,140.0
8,BP-896,2025-09-17 11:57:36,85,35,150.0
8,FL-643,2025-09-17 00:00:16,125,35,158.0
8,FL-643,2025-09-17 00:00:16,155,35,166.0
8,FL-643,2025-09-17 05:31:26,185,35,174.0
8,FL-643,2025-09-17 11:46:58,215,35,182.0
8,FL-643,2025-09-17 11:46:58,245,35,190.0
8,FL-643,2025-09-17 11:46:58,275,35,198.0
9,FL-643,2025-09-17 11:46:58,5,5,8.0
9,LV-337,2025-09-17 00:00:16,5,35,28.0
9,LV-337,2025-09-17 01:13:10,40,35,48.0
9,LV-337,2025-09-17 01:13:10,75,35,68.0
9,LV-337,2025-09-17 01:13:10,110,35,88.0
9,LV-337,2025-09-17 01:13:10,145,35,108.0
9,LV-337,2025-09-17 04:15:10,180,35,128.0
9,LV-337,2025-09-17 04:15:10,215,35,148.0
9,LV-337,2025-09-17 04:15:10,250,35,168.0
9,LV-337,2025-09-17 05:11:22,285,35,188.0
10,LV-337,2025-09-17 05:31:26,5,5,20.0
10,LV-337,2025-09-17 05:31:26,40,5,40.0
10,LV-337,2025-09-17 05:31:26,75,5,60.0
10,LV-337,2025-09-17 05:31:26,110,5,80.0
10,LV-337,2025-09-17 05:31:26,145,5,100.0
10,LV-337,2025-09-17 06:24:10,180,5,120.0
10,LV-337,2025-09-17 06:24:10,215,5,140.0
10,LV-337,2025-09-17 06:24:10,250,5,160.0
10,LV-337,2025-09-17 07:19:22,285,5,180.0
10,LV-337,2025-09-17 07:19:22,320,5,200.0
11,LV-337,2025-09-17 07:19:22,5,5,20.0
11,LV-337,2025-09-17 08:51:42,40,5,40.0
11,LV-337,2025-09-17 08:51:42,75,5,60.0
11,LV-337,2025-09-17 11:46:58,110,5,80.0
11,LV-337,2025-09-17 11:46:58,145,5,100.0
11,LV-337,2025-09-17 11:46:58,180,5,120.0
11,LV-337,2025-09-17 11:46:58,215,5,140.0
11,LV-337,2025-09-17 11:46:58,250,5,160.0
11,LV-337,2025-09-17 11:57:36,285,5,180.0
1,PL-014,2025-09-17 13:26:49,5,5,2.0
1,PL-014,2025-09-17 13:26:49,55,5,4.0
1,PL-014,2025-09-17 13:26:49,105,5,6.0
1,PL-014,2025-09-17 13:26:49,155,5,8.0
1,PL-014,2025-09-17 13:26:49,205,5,10.0
1,PL-014,2025-09-17 14:32:28,255,5,12.0
1,PL-014,2025-09-17 14:32:28,305,5,14.0
1,PL-014,2025-09-17 14:32:28,355,5,16.0
1,PL-014,2025-09-17 17:48:47,405,5,18.0
1,PL-014,2025-09-17 19:33:09,455,5,20.0
1,PL-014,2025-09-17 19:33:09,5,35,22.0
1,PL-014,2025-09-17 20:15:42,55,35,24.0
1,PL-014,2025-09-17 20:15:42,105,35,26.0
1,PL-014,2025-09-17 20:15:42,155,35,28.0
1,PL-014,2025-09-17 20:39:18,205,35,30.0
1,PL-014,2025-09-17 20:39:18,255,35,32.0
1,PL-014,2025-09-17 20:39:18,305,35,34.0
1,PL-014,2025-09-17 20:39:18,355,35,36.0
1,PL-014,2025-09-17 23:23:53,405,35,38.0
1,PL-014,2025-09-17 23:23:53,455,35,40.0
1,WM-774,2025-09-17 14:37:37,5,65,42.0
1,WM-774,2025-09-17 14:37:37,35,65,44.0
1,WM-774,2025-09-17 14:37:37,65,65,46.0
1,WM-774,2025-09-17 16:16:22,95,65,48.0
1,WM-774,2025-09-17 16:16:22,125,65,50.0
1,WM-774,2025-09-17 16:16:22,155,65,52.0
1,WM-774,2025-09-17 16:16:22,185,65,54.0
1,WM-774,2025-09-17 18:34:24,215,65,56.0
1,WM-774,2025-09-17 18:34:24,245,65,58.0
1,WM-774,2025-09-17 18:34:24,275,65,60.0
1,WM-774,2025-09-17 18:34:24,305,65,62.0
1,WM-774,2025-09-17 20:15:42,335,65,64.0
1,WM-774,2025-09-17 20:15:42,365,65,66.0
1,WM-774,2025-09-17 20:19:26,395,65,68.0
1,WM-774,2025-09-17 20:19:26,425,65,70.0
1,WM-774,2025-09-17 20:39:18,455,65,72.0
1,WM-774,2025-09-17 20:39:18,5,95,74.0
1,DG-324,2025-09-17 12:38:48,5,125,78.0
1,DG-324,2025-09-17 12:38:48,40,125,82.0
1,DG-324,2025-09-17 13:26:49,75,125,86.0
1,DG-324,2025-09-17 13:26:49,110,125,90.0
1,DG-324,2025-09-17 14:02:13,145,125,94.0
1,DG-324,2025-09-17 14:02:13,180,125,98.0
1,DG-324,2025-09-17 14:02:13,215,125,102.0
1,DG-324,2025-09-17 14:02:13,250,125,106.0
1,DG-324,2025-09-17 14:42:15,285,125,110.0
1,DG-324,2025-09-17 14:42:15,320,125,114.0
1,DG-324,2025-09-17 14:42:15,355,125,118.0
1,DG-324,2025-09-17 14:54:08,390,125,122.0
1,DG-324,2025-09-17 14:54:08,425,125,126.0
1,DG-324,2025-09-17 20:19:26,460,125,130.0
1,DG-324,2025-09-17 20:19:26,5,160,134.0
1,DG-324,2025-09-17 20:19:26,40,160,138.0
1,DG-324,2025-09-17 20:19:26,75,160,142.0
1,DG-324,2025-09-17 20:19:26,110,160,146.0
1,PL-013,2025-09-17 14:32:28,145,160,150.0
1,PL-013,2025-09-17 14:42:15,185,160,154.0
1,PL-013,2025-09-17 14:42:15,225,160,158.0
1,PL-013,2025-09-17 14:42:15,265,160,162.0
1,PL-013,2025-09-17 15:01:29,305,160,166.0
1,PL-013,2025-09-17 15:01:29,345,160,170.0
1,PL-013,2025-09-17 18:34:24,385,160,174.0
1,PL-013,2025-09-17 18:34:24,425,160,178.0
1,PL-013,2025-09-17 18:34:24,465,160,182.0
1,PL-013,2025-09-17 18:34:24,35,95,186.0
1,PL-013,2025-09-17 18:34:24,75,95,190.0
1,AZ-011,2025-09-17 14:37:37,5,195,196.0
1,GK-874,2025-09-17 12:06:05,115,95,200.0
2,AZ-011,2025-09-17 14:37:37,5,5,6.0
2,AZ-011,2025-09-17 14:37:37,55,5,12.0
2,AZ-011,2025-09-17 14:37:37,105,5,18.0
2,AZ-011,2025-09-17 15:09:38,155,5,24.0
2,AZ-011,2025-09-17 20:39:18,205,5,30.0
2,AZ-011,2025-09-17 20:39:18,255,5,36.0
2,AZ-011,2025-09-17 22:08:08,305,5,42.0
2,MR-009,2025-09-17 12:38:48,5,40,50.0
2,MR-009,2025-09-17 12:38:48,55,40,58.0
2,FE-213,2025-09-17 13:26:49,355,5,64.0
2,FE-213,2025-09-17 13:26:49,405,5,70.0
2,FE-213,2025-09-17 13:26:49,455,5,76.0
2,MR-009,2025-09-17 13:39:59,105,40,84.0
2,MR-009,2025-09-17 13:39:59,155,40,92.0
2,MR-009,2025-09-17 13:39:59,205,40,100.0
2,MR-009,2025-09-17 14:42:15,255,40,108.0
2,MR-009,2025-09-17 14:42:15,305,40,116.0
2,MR-009,2025-09-17 15:01:29,355,40,124.0
2,MR-009,2025-09-17 15:01:29,405,40,132.0
2,MR-009,2025-09-17 15:01:29,455,40,140.0
2,MR-009,2025-09-17 15:01:29,5,80,148.0
2,FE-213,2025-09-17 15:03:30,55,80,154.0
2,FE-213,2025-09-17 15:03:30,105,80,160.0
2,MR-009,2025-09-17 16:16:22,5,120,168.0
2,MR-009,2025-09-17 16:16:22,55,120,176.0
2,MR-009,2025-09-17 18:34:24,105,120,184.0
2,MR-009,2025-09-17 18:34:24,155,120,192.0
2,FE-213,2025-09-17 22:08:08,155,80,198.0
3,MG-008,2025-09-17 12:06:05,5,5,8.0
3,MG-008,2025-09-17 12:06:05,65,5,16.0
3,MG-008,2025-09-17 13:39:59,125,5,24.0
3,MG-008,2025-09-17 13:39:59,185,5,32.0
3,MG-008,2025-09-17 14:54:08,245,5,40.0
3,MG-008,2025-09-17 14:54:08,305,5,48.0
3,MG-008,2025-09-17 14:54:08,365,5,56.0
3,MG-008,2025-09-17 14:54:08,425,5,64.0
3,MG-008,2025-09-17 15:09:38,5,35,72.0
3,MG-008,2025-09-17 15:09:38,65,35,80.0
3,MG-008,2025-09-17 16:08:52,125,35,88.0
3,MG-008,2025-09-17 16:08:52,185,35,96.0
3,MG-008,2025-09-17 16:08:52,245,35,104.0
3,MG-008,2025-09-17 16:08:52,305,35,112.0
3,MG-008,2025-09-17 19:33:09,365,35,120.0
3,MG-008,2025-09-17 19:33:09,425,35,128.0
3,MG-008,2025-09-17 20:15:42,5,65,136.0
3,MG-008,2025-09-17 23:23:53,65,65,144.0
3,BR-178,2025-09-17 12:06:05,5,95,152.0
3,BR-178,2025-09-17 12:06:05,45,95,160.0
3,BR-178,2025-09-17 12:06:05,85,95,168.0
3,BR-178,2025-09-17 12:06:05,125,95,176.0
3,BR-178,2025-09-17 12:38:48,165,95,184.0
3,PL-025,2025-09-17 13:26:49,205,95,194.0
3,GK-874,2025-09-17 12:06:05,255,95,198.0
4,PL-025,2025-09-17 13:39:59,5,5,10.0
4,PL-025,2025-09-17 13:39:59,55,5,20.0
4,PL-025,2025-09-17 14:37:37,105,5,30.0
4,PL-025,2025-09-17 14:37:37,155,5,40.0
4,PL-025,2025-09-17 14:37:37,205,5,50.0
4,PL-025,2025-09-17 14:42:15,255,5,60.0
4,PL-025,2025-09-17 14:42:15,305,5,70.0
4,BR-178,2025-09-17 14:54:08,355,5,78.0
4,BR-178,2025-09-17 14:54:08,395,5,86.0
4,BR-178,2025-09-17 14:54:08,435,5,94.0
4,BR-178,2025-09-17 14:54:08,5,45,102.0
4,PL-025,2025-09-17 15:03:30,45,45,112.0
4,PL-025,2025-09-17 15:03:30,95,45,122.0
4,BR-178,2025-09-17 15:09:38,145,45,130.0
4,BR-178,2025-09-17 15:09:38,185,45,138.0
4,BR-178,2025-09-17 15:09:38,225,45,146.0
4,BR-178,2025-09-17 15:09:38,265,45,154.0
4,PL-025,2025-09-17 15:41:53,305,45,164.0
4,PL-025,2025-09-17 15:41:53,355,45,174.0
4,PL-025,2025-09-17 15:41:53,405,45,184.0
4,PL-025,2025-09-17 15:41:53,455,45,194.0
4,GK-874,2025-09-17 12:38:48,5,85,198.0
5,PL-025,2025-09-17 15:41:53,5,5,10.0
5,BR-178,2025-09-17 16:08:52,55,5,18.0
5,BR-178,2025-09-17 16:08:52,95,5,26.0
5,BR-178,2025-09-17 16:08:52,135,5,34.0
5,PL-025,2025-09-17 16:16:22,175,5,44.0
5,PL-025,2025-09-17 16:16:22,225,5,54.0
5,PL-025,2025-09-17 16:16:22,275,5,64.0
5,BR-178,2025-09-17 16:16:22,325,5,72.0
5,BR-178,2025-09-17 16:16:22,365,5,80.0
5,BR-178,2025-09-17 16:16:22,405,5,88.0
5,PL-025,2025-09-17 20:07:25,445,5,98.0
5,PL-025,2025-09-17 20:07:25,5,45,108.0
5,PL-025,2025-09-17 20:07:25,55,45,118.0
5,PL-025,2025-09-17 20:07:25,105,45,128.0
5,PL-025,2025-09-17 20:07:25,155,45,138.0
5,PL-025,2025-09-17 22:08:08,205,45,148.0
5,PL-025,2025-09-17 22:08:08,255,45,158.0
5,PL-025,2025-09-17 22:08:08,305,45,168.0
5,PL-025,2025-09-17 23:23:53,355,45,178.0
5,PL-025,2025-09-17 23:23:53,405,45,188.0
5,PL-025,2025-09-17 23:23:53,455,45,198.0
6,PL-025,2025-09-17 23:23:53,5,5,10.0
6,PL-025,2025-09-17 23:23:53,55,5,20.0
6,GK-874,2025-09-17 12:38:48,105,5,24.0
6,GK-874,2025-09-17 12:38:48,140,5,28.0
6,GK-874,2025-09-17 12:38:48,175,5,32.0
6,GK-874,2025-09-17 14:32:28,210,5,36.0
6,GK-874,2025-09-17 14:32:28,245,5,40.0
6,GK-874,2025-09-17 14:32:28,280,5,44.0
6,GK-874,2025-09-17 14:32:28,315,5,48.0
6,GK-874,2025-09-17 15:01:29,350,5,52.0
6,GK-874,2025-09-17 15:03:30,385,5,56.0
6,GK-874,2025-09-17 15:03:30,420,5,60.0
6,GK-874,2025-09-17 15:03:30,455,5,64.0
6,GK-874,2025-09-17 15:03:30,105,25,68.0
6,GK-874,2025-09-17 15:41:53,140,25,72.0
6,GK-874,2025-09-17 15:41:53,175,25,76.0
6,GK-874,2025-09-17 15:41:53,210,25,80.0
6,GK-874,2025-09-17 15:41:53,245,25,84.0
6,GK-874,2025-09-17 20:07:25,280,25,88.0
6,GK-874,2025-09-17 20:07:25,315,25,92.0
6,GK-874,2025-09-17 20:07:25,350,25,96.0
6,GK-874,2025-09-17 20:07:25,385,25,100.0
6,GK-874,2025-09-17 20:07:25,420,25,104.0
6,GK-874,2025-09-17 20:15:42,455,25,108.0
6,GK-874,2025-09-17 20:15:42,5,45,112.0
6,GK-874,2025-09-17 20:15:42,40,45,116.0
6,GK-874,2025-09-17 20:15:42,75,45,120.0
6,GK-874,2025-09-17 20:58:44,110,45,124.0
6,GK-874,2025-09-17 20:58:44,145,45,128.0
6,GK-874,2025-09-17 22:08:08,180,45,132.0
6,GT-243,2025-09-17 12:06:05,215,45,138.0
6,GT-243,2025-09-17 12:06:05,255,45,144.0
6,GT-243,2025-09-17 14:54:08,295,45,150.0
6,GT-243,2025-09-17 14:54:08,335,45,156.0
6,GT-243,2025-09-17 14:54:08,375,45,162.0
6,GT-243,2025-09-17 16:08:52,415,45,168.0
6,GT-243,2025-09-17 16:08:52,455,45,174.0
6,GT-243,2025-09-17 16:08:52,5,65,180.0
6,GT-243,2025-09-17 16:08:52,45,65,186.0
6,GT-243,2025-09-17 17:48:47,85,65,192.0
6,GT-243,2025-09-17 17:48:47,125,65,198.0
7,GT-243,2025-09-17 17:48:47,5,5,6.0
7,GT-243,2025-09-17 19:33:09,45,5,12.0
7,GT-243,2025-09-17 19:33:09,85,5,18.0
7,GT-243,2025-09-17 19:33:09,125,5,24.0
7,GT-243,2025-09-17 20:07:25,165,5,30.0
7,GT-243,2025-09-17 20:07:25,205,5,36.0
7,GT-243,2025-09-17 20:07:25,245,5,42.0
7,GT-243,2025-09-17 20:19:26,285,5,48.0
7,GT-243,2025-09-17 20:19:26,325,5,54.0
7,GT-243,2025-09-17 20:19:26,365,5,60.0
7,GT-243,2025-09-17 20:19:26,405,5,66.0
7,GT-243,2025-09-17 20:58:44,445,5,72.0
7,GT-243,2025-09-17 20:58:44,5,25,78.0
7,GT-243,2025-09-17 20:58:44,45,25,84.0
7,GT-243,2025-09-17 20:58:44,85,25,90.0
7,GT-243,2025-09-17 20:58:44,125,25,96.0
7,BP-896,2025-09-17 12:06:05,5,45,106.0
7,BP-896,2025-09-17 12:06:05,45,45,116.0
7,BP-896,2025-09-17 12:06:05,85,45,126.0
7,BP-896,2025-09-17 15:01:29,125,45,136.0
7,BP-896,2025-09-17 15:01:29,165,45,146.0
7,BP-896,2025-09-17 15:03:30,205,45,156.0
7,BP-896,2025-09-17 15:03:30,245,45,166.0
7,BP-896,2025-09-17 15:41:53,285,45,176.0
7,BP-896,2025-09-17 15:41:53,325,45,186.0
7,BP-896,2025-09-17 18:34:24,365,45,196.0
8,BP-896,2025-09-17 19:33:09,5,5,10.0
8,BP-896,2025-09-17 19:33:09,45,5,20.0
8,BP-896,2025-09-17 19:33:09,85,5,30.0
8,BP-896,2025-09-17 19:33:09,125,5,40.0
8,BP-896,2025-09-17 20:15:42,165,5,50.0
8,BP-896,2025-09-17 20:15:42,205,5,60.0
8,BP-896,2025-09-17 20:15:42,245,5,70.0
8,BP-896,2025-09-17 20:15:42,285,5,80.0
8,BP-896,2025-09-17 20:58:44,325,5,90.0
8,BP-896,2025-09-17 20:58:44,365,5,100.0
8,BP-896,2025-09-17 20:58:44,405,5,110.0
8,BP-896,2025-09-17 20:58:44,445,5,120.0
8,BP-896,2025-09-17 20:58:44,5,35,130.0
8,FL-643,2025-09-17 12:38:48,45,35,138.0
8,FL-643,2025-09-17 13:39:59,75,35,146.0
8,FL-643,2025-09-17 13:39:59,105,35,154.0
8,FL-643,2025-09-17 13:39:59,135,35,162.0
8,FL-643,2025-09-17 13:39:59,165,35,170.0
8,FL-643,2025-09-17 13:39:59,195,35,178.0
8,FL-643,2025-09-17 14:02:13,225,35,186.0
8,FL-643,2025-09-17 14:37:37,255,35,194.0
9,FL-643,2025-09-17 14:37:37,5,5,8.0
9,FL-643,2025-09-17 14:37:37,35,5,16.0
9,FL-643,2025-09-17 14:37:37,65,5,24.0
9,FL-643,2025-09-17 14:37:37,95,5,32.0
9,FL-643,2025-09-17 14:42:15,125,5,40.0
9,FL-643,2025-09-17 15:01:29,155,5,48.0
9,FL-643,2025-09-17 17:48:47,185,5,56.0
9,FL-643,2025-09-17 17:48:47,215,5,64.0
9,FL-643,2025-09-17 17:48:47,245,5,72.0
9,FL-643,2025-09-17 20:39:18,275,5,80.0
9,FL-643,2025-09-17 20:39:18,305,5,88.0
9,FL-643,2025-09-17 20:39:18,335,5,96.0
9,FL-643,2025-09-17 20:58:44,365,5,104.0
9,FL-643,2025-09-17 23:23:53,395,5,112.0
9,FL-643,2025-09-17 23:23:53,425,5,120.0
9,FL-643,2025-09-17 23:23:53,455,5,128.0
9,FL-643,2025-09-17 23:23:53,5,35,136.0
9,FL-643,2025-09-17 23:23:53,35,35,144.0
9,LV-337,2025-09-17 14:02:13,5,65,164.0
9,LV-337,2025-09-17 14:02:13,40,65,184.0
10,LV-337,2025-09-17 14:02:13,5,5,20.0
10,LV-337,2025-09-17 14:02:13,40,5,40.0
10,LV-337,2025-09-17 14:02:13,75,5,60.0
10,LV-337,2025-09-17 16:08:52,110,5,80.0
10,LV-337,2025-09-17 16:08:52,145,5,100.0
10,LV-337,2025-09-17 16:08:52,180,5,120.0
10,LV-337,2025-09-17 16:08:52,215,5,140.0
10,LV-337,2025-09-17 16:08:52,250,5,160.0
10,LV-337,2025-09-17 17:48:47,285,5,180.0
10,LV-337,2025-09-17 17:48:47,320,5,200.0
11,LV-337,2025-09-17 17:48:47,5,5,20.0
11,LV-337,2025-09-17 17:48:47,40,5,40.0
11,LV-337,2025-09-17 17:48:47,75,5,60.0
11,LV-337,2025-09-17 20:39:18,110,5,80.0
11,LV-337,2025-09-17 20:39:18,145,5,100.0
11,LV-337,2025-09-17 20:39:18,180,5,120.0
11,LV-337,2025-09-17 20:39:18,215,5,140.0
11,LV-337,2025-09-17 20:39:18,250,5,160.0
1,PL-014,2025-09-18 01:14:23,5,5,2.0
1,PL-014,2025-09-18 01:14:23,55,5,4.0
1,PL-014,2025-09-18 01:14:23,105,5,6.0
1,PL-014,2025-09-18 01:14:23,155,5,8.0
1,PL-014,2025-09-18 01:32:11,205,5,10.0
1,PL-014,2025-09-18 01:32:11,255,5,12.0
1,PL-014,2025-09-18 01:32:11,305,5,14.0
1,PL-014,2025-09-18 01:32:11,355,5,16.0
1,PL-014,2025-09-18 01:32:11,405,5,18.0
1,PL-014,2025-09-18 01:55:23,455,5,20.0
1,PL-014,2025-09-18 01:55:23,5,35,22.0
1,PL-014,2025-09-18 01:55:23,55,35,24.0
1,PL-014,2025-09-18 01:57:14,105,35,26.0
1,PL-014,2025-09-18 02:08:10,155,35,28.0
1,PL-014,2025-09-18 02:08:10,205,35,30.0
1,WM-774,2025-09-18 00:45:31,255,35,32.0
1,WM-774,2025-09-18 07:21:43,285,35,34.0
1,WM-774,2025-09-18 07:21:43,315,35,36.0
1,WM-774,2025-09-18 07:21:43,345,35,38.0
1,WM-774,2025-09-18 09:17:52,375,35,40.0
1,WM-774,2025-09-18 09:17:52,405,35,42.0
1,WM-774,2025-09-18 09:17:52,435,35,44.0
1,DG-324,2025-09-18 01:56:05,5,65,48.0
1,DG-324,2025-09-18 01:56:05,40,65,52.0
1,DG-324,2025-09-18 03:24:14,75,65,56.0
1,DG-324,2025-09-18 05:02:03,110,65,60.0
1,DG-324,2025-09-18 05:02:03,145,65,64.0
1,DG-324,2025-09-18 05:02:03,180,65,68.0
1,DG-324,2025-09-18 05:02:03,215,65,72.0
1,DG-324,2025-09-18 07:21:43,250,65,76.0
1,DG-324,2025-09-18 07:21:43,285,65,80.0
1,DG-324,2025-09-18 07:21:43,320,65,84.0
1,DG-324,2025-09-18 07:21:43,355,65,88.0
1,DG-324,2025-09-18 07:21:43,390,65,92.0
1,DG-324,2025-09-18 09:17:52,425,65,96.0
1,DG-324,2025-09-18 09:17:52,460,65,100.0
1,PL-013,2025-09-18 01:56:05,465,35,104.0
1,PL-013,2025-09-18 01:56:05,5,100,108.0
1,PL-013,2025-09-18 05:02:03,45,100,112.0
1,AZ-011,2025-09-18 01:55:23,5,130,118.0
1,AZ-011,2025-09-18 01:55:23,55,130,124.0
1,AZ-011,2025-09-18 03:24:14,105,130,130.0
1,AZ-011,2025-09-18 03:24:14,155,130,136.0
1,MR-009,2025-09-18 00:43:29,5,165,144.0
1,MR-009,2025-09-18 00:43:29,55,165,152.0
1,FE-213,2025-09-18 00:45:31,205,130,158.0
1,FE-213,2025-09-18 00:45:31,255,130,164.0
1,FE-213,2025-09-18 00:45:31,305,130,170.0
1,FE-213,2025-09-18 00:45:31,355,130,176.0
1,MR-009,2025-09-18 01:55:23,105,165,184.0
1,MR-009,2025-09-18 01:55:23,155,165,192.0
1,MR-009,2025-09-18 01:55:23,205,165,200.0
2,FE-213,2025-09-18 01:55:23,5,5,6.0
2,FE-213,2025-09-18 01:55:23,55,5,12.0
2,FE-213,2025-09-18 01:55:23,105,5,18.0
2,FE-213,2025-09-18 01:55:23,155,5,24.0
2,FE-213,2025-09-18 01:55:23,205,5,30.0
2,MR-009,2025-09-18 01:56:05,5,35,38.0
2,MR-009,2025-09-18 01:56:05,55,35,46.0
2,MR-009,2025-09-18 01:56:05,105,35,54.0
2,MR-009,2025-09-18 01:56:05,155,35,62.0
2,MR-009,2025-09-18 01:56:05,205,35,70.0
2,FE-213,2025-09-18 03:24:14,255,5,76.0
2,FE-213,2025-09-18 03:24:14,305,5,82.0
2,FE-213,2025-09-18 03:24:14,355,5,88.0
2,FE-213,2025-09-18 03:24:14,405,5,94.0
2,FE-213,2025-09-18 03:24:14,455,5,100.0
2,MG-008,2025-09-18 01:32:11,255,35,108.0
2,MG-008,2025-09-18 01:32:11,315,35,116.0
2,MG-008,2025-09-18 01:32:11,375,35,124.0
2,MG-008,2025-09-18 01:32:11,435,35,132.0
2,MG-008,2025-09-18 01:32:11,5,75,140.0
2,MG-008,2025-09-18 01:32:55,65,75,148.0
2,MG-008,2025-09-18 01:32:55,125,75,156.0
2,MG-008,2025-09-18 01:32:55,185,75,164.0
2,MG-008,2025-09-18 01:56:05,245,75,172.0
2,MG-008,2025-09-18 02:08:10,305,75,180.0
2,MG-008,2025-09-18 02:08:10,365,75,188.0
2,MG-008,2025-09-18 02:08:10,425,75,196.0
2,GK-874,2025-09-18 00:45:31,5,105,200.0
3,MG-008,2025-09-18 02:08:10,5,5,8.0
3,MG-008,2025-09-18 02:08:10,65,5,16.0
3,MG-008,2025-09-18 03:24:14,125,5,24.0
3,MG-008,2025-09-18 03:24:14,185,5,32.0
3,MG-008,2025-09-18 05:02:03,245,5,40.0
3,MG-008,2025-09-18 06:06:20,305,5,48.0
3,MG-008,2025-09-18 06:06:20,365,5,56.0
3,MG-008,2025-09-18 06:06:20,425,5,64.0
3,MG-008,2025-09-18 06:06:20,5,35,72.0
3,MG-008,2025-09-18 06:06:20,65,35,80.0
3,MG-008,2025-09-18 09:17:52,125,35,88.0
3,MG-008,2025-09-18 09:17:52,185,35,96.0
3,MG-008,2025-09-18 09:17:52,245,35,104.0
3,MG-008,2025-09-18 09:17:52,305,35,112.0
3,BR-178,2025-09-18 00:45:31,5,65,120.0
3,BR-178,2025-09-18 00:45:31,45,65,128.0
3,BR-178,2025-09-18 00:45:31,85,65,136.0
3,BR-178,2025-09-18 00:45:31,125,65,144.0
3,BR-178,2025-09-18 00:45:31,165,65,152.0
3,PL-025,2025-09-18 01:14:23,205,65,162.0
3,PL-025,2025-09-18 01:14:23,255,65,172.0
3,PL-025,2025-09-18 01:14:23,305,65,182.0
3,PL-025,2025-09-18 01:14:23,355,65,192.0
3,BR-178,2025-09-18 01:57:14,405,65,200.0
4,PL-025,2025-09-18 01:55:23,5,5,10.0
4,PL-025,2025-09-18 01:55:23,55,5,20.0
4,PL-025,2025-09-18 01:55:23,105,5,30.0
4,PL-025,2025-09-18 01:55:23,155,5,40.0
4,PL-025,2025-09-18 01:55:23,205,5,50.0
4,PL-025,2025-09-18 01:56:05,255,5,60.0
4,PL-025,2025-09-18 01:56:05,305,5,70.0
4,BR-178,2025-09-18 01:57:14,355,5,78.0
4,PL-025,2025-09-18 05:02:03,395,5,88.0
4,PL-025,2025-09-18 05:02:03,445,5,98.0
4,PL-025,2025-09-18 05:02:03,5,45,108.0
4,GK-874,2025-09-18 00:45:31,55,45,112.0
4,GK-874,2025-09-18 00:45:31,90,45,116.0
4,GK-874,2025-09-18 01:14:23,125,45,120.0
4,GK-874,2025-09-18 01:14:23,160,45,124.0
4,GK-874,2025-09-18 01:14:23,195,45,128.0
4,GK-874,2025-09-18 01:14:23,230,45,132.0
4,GK-874,2025-09-18 01:57:14,265,45,136.0
4,GK-874,2025-09-18 01:57:14,300,45,140.0
4,GK-874,2025-09-18 02:08:10,335,45,144.0
4,GK-874,2025-09-18 03:24:14,370,45,148.0
4,GK-874,2025-09-18 03:24:14,405,45,152.0
4,GK-874,2025-09-18 09:17:52,440,45,156.0
4,GK-874,2025-09-18 09:17:52,55,65,160.0
4,GK-874,2025-09-18 09:17:52,90,65,164.0
4,GK-874,2025-09-18 09:17:52,125,65,168.0
4,GK-874,2025-09-18 09:17:52,160,65,172.0
4,GT-243,2025-09-18 00:43:29,195,65,178.0
4,GT-243,2025-09-18 01:32:55,235,65,184.0
4,GT-243,2025-09-18 01:32:55,275,65,190.0
4,GT-243,2025-09-18 01:32:55,315,65,196.0
5,GT-243,2025-09-18 01:57:14,5,5,6.0
5,GT-243,2025-09-18 01:57:14,45,5,12.0
5,GT-243,2025-09-18 01:57:14,85,5,18.0
5,GT-243,2025-09-18 01:57:14,125,5,24.0
5,GT-243,2025-09-18 01:57:14,165,5,30.0
5,GT-243,2025-09-18 06:06:20,205,5,36.0
5,GT-243,2025-09-18 06:06:20,245,5,42.0
5,GT-243,2025-09-18 06:06:20,285,5,48.0
5,BP-896,2025-09-18 06:06:20,5,25,58.0
5,BP-896,2025-09-18 06:06:20,45,25,68.0
5,BP-896,2025-09-18 06:06:20,85,25,78.0
5,BP-896,2025-09-18 06:06:20,125,25,88.0
5,BP-896,2025-09-18 09:17:52,165,25,98.0
5,BP-896,2025-09-18 09:17:52,205,25,108.0
5,BP-896,2025-09-18 09:17:52,245,25,118.0
5,FL-643,2025-09-18 00:43:29,285,25,126.0
5,FL-643,2025-09-18 00:43:29,315,25,134.0
5,FL-643,2025-09-18 00:43:29,345,25,142.0
5,FL-643,2025-09-18 00:43:29,375,25,150.0
5,FL-643,2025-09-18 00:43:29,405,25,158.0
5,FL-643,2025-09-18 01:32:11,435,25,166.0
5,FL-643,2025-09-18 01:32:11,465,25,174.0
5,FL-643,2025-09-18 01:32:11,5,55,182.0
5,FL-643,2025-09-18 01:32:11,35,55,190.0
5,FL-643,2025-09-18 01:32:11,65,55,198.0
6,FL-643,2025-09-18 01:32:55,5,5,8.0
6,FL-643,2025-09-18 01:32:55,35,5,16.0
6,FL-643,2025-09-18 01:32:55,65,5,24.0
6,FL-643,2025-09-18 05:02:03,95,5,32.0
6,FL-643,2025-09-18 05:02:03,125,5,40.0
6,FL-643,2025-09-18 05:02:03,155,5,48.0
6,FL-643,2025-09-18 05:02:03,185,5,56.0
6,FL-643,2025-09-18 07:21:43,215,5,64.0
6,FL-643,2025-09-18 07:21:43,245,5,72.0
6,FL-643,2025-09-18 07:21:43,275,5,80.0
1,PL-014,2025-09-18 13:54:32,5,5,2.0
1,PL-014,2025-09-18 15:05:07,55,5,4.0
1,PL-014,2025-09-18 15:05:07,105,5,6.0
1,PL-014,2025-09-18 15:23:02,155,5,8.0
1,PL-014,2025-09-18 15:23:02,205,5,10.0
1,PL-014,2025-09-18 18:31:53,255,5,12.0
1,PL-014,2025-09-18 18:31:53,305,5,14.0
1,PL-014,2025-09-18 18:31:53,355,5,16.0
1,PL-014,2025-09-18 18:36:19,405,5,18.0
1,PL-014,2025-09-18 18:36:19,455,5,20.0
1,PL-014,2025-09-18 18:36:19,5,35,22.0
1,PL-014,2025-09-18 19:06:17,55,35,24.0
1,WM-774,2025-09-18 13:27:13,105,35,26.0
1,WM-774,2025-09-18 13:27:13,135,35,28.0
1,WM-774,2025-09-18 14:12:51,165,35,30.0
1,WM-774,2025-09-18 14:12:51,195,35,32.0
1,WM-774,2025-09-18 14:12:51,225,35,34.0
1,WM-774,2025-09-18 14:12:51,255,35,36.0
1,WM-774,2025-09-18 14:12:51,285,35,38.0
1,WM-774,2025-09-18 15:23:02,315,35,40.0
1,WM-774,2025-09-18 15:23:02,345,35,42.0
1,WM-774,2025-09-18 15:23:02,375,35,44.0
1,WM-774,2025-09-18 15:23:02,405,35,46.0
1,WM-774,2025-09-18 15:23:02,435,35,48.0
1,WM-774,2025-09-18 15:23:16,465,35,50.0
1,WM-774,2025-09-18 15:23:16,5,65,52.0
1,WM-774,2025-09-18 15:23:16,35,65,54.0
1,WM-774,2025-09-18 15:50:35,65,65,56.0
1,WM-774,2025-09-18 15:50:35,95,65,58.0
1,WM-774,2025-09-18 15:50:35,125,65,60.0
1,WM-774,2025-09-18 15:50:35,155,65,62.0
1,WM-774,2025-09-18 19:15:41,185,65,64.0
1,WM-774,2025-09-18 19:15:41,215,65,66.0
1,WM-774,2025-09-18 19:15:41,245,65,68.0
1,WM-774,2025-09-18 19:15:41,275,65,70.0
1,DG-324,2025-09-18 12:01:09,5,95,74.0
1,DG-324,2025-09-18 12:01:09,40,95,78.0
1,DG-324,2025-09-18 12:01:09,75,95,82.0
1,DG-324,2025-09-18 12:01:09,110,95,86.0
1,DG-324,2025-09-18 13:27:13,145,95,90.0
1,DG-324,2025-09-18 13:27:13,180,95,94.0
1,DG-324,2025-09-18 13:27:13,215,95,98.0
1,DG-324,2025-09-18 14:12:51,250,95,102.0
1,DG-324,2025-09-18 14:12:51,285,95,106.0
1,DG-324,2025-09-18 14:12:51,320,95,110.0
1,DG-324,2025-09-18 14:12:51,355,95,114.0
1,DG-324,2025-09-18 14:12:51,390,95,118.0
1,DG-324,2025-09-18 14:27:18,425,95,122.0
1,DG-324,2025-09-18 14:27:18,460,95,126.0
1,DG-324,2025-09-18 15:35:46,5,130,130.0
1,DG-324,2025-09-18 15:35:46,40,130,134.0
1,DG-324,2025-09-18 15:35:46,75,130,138.0
1,DG-324,2025-09-18 15:35:46,110,130,142.0
1,DG-324,2025-09-18 15:35:46,145,130,146.0
1,DG-324,2025-09-18 15:50:35,180,130,150.0
1,DG-324,2025-09-18 15:50:35,215,130,154.0
1,DG-324,2025-09-18 15:50:35,250,130,158.0
1,DG-324,2025-09-18 19:15:41,285,130,162.0
1,DG-324,2025-09-18 19:15:41,320,130,166.0
1,DG-324,2025-09-18 19:15:41,355,130,170.0
1,DG-324,2025-09-18 19:15:41,390,130,174.0
1,DG-324,2025-09-18 19:41:19,425,130,178.0
1,PL-013,2025-09-18 15:35:46,460,130,182.0
1,PL-013,2025-09-18 17:45:32,305,65,186.0
1,PL-013,2025-09-18 19:15:41,345,65,190.0
1,PL-013,2025-09-18 19:15:41,385,65,194.0
1,AZ-011,2025-09-18 14:27:18,5,165,200.0
2,AZ-011,2025-09-18 14:27:18,5,5,6.0
2,AZ-011,2025-09-18 14:27:18,55,5,12.0
2,AZ-011,2025-09-18 14:35:35,105,5,18.0
2,AZ-011,2025-09-18 15:35:46,155,5,24.0
2,AZ-011,2025-09-18 15:35:46,205,5,30.0
2,AZ-011,2025-09-18 15:35:46,255,5,36.0
2,AZ-011,2025-09-18 15:35:46,305,5,42.0
2,AZ-011,2025-09-18 15:35:46,355,5,48.0
2,AZ-011,2025-09-18 15:50:35,405,5,54.0
2,AZ-011,2025-09-18 15:50:35,455,5,60.0
2,AZ-011,2025-09-18 15:50:35,5,40,66.0
2,AZ-011,2025-09-18 15:50:35,55,40,72.0
2,AZ-011,2025-09-18 16:54:51,105,40,78.0
2,AZ-011,2025-09-18 18:31:53,155,40,84.0
2,AZ-011,2025-09-18 18:36:19,205,40,90.0
2,AZ-011,2025-09-18 18:36:19,255,40,96.0
2,AZ-011,2025-09-18 18:36:19,305,40,102.0
2,AZ-011,2025-09-18 18:36:19,355,40,108.0
2,AZ-011,2025-09-18 18:36:19,405,40,114.0
2,AZ-011,2025-09-18 19:15:41,455,40,120.0
2,AZ-011,2025-09-18 19:15:41,5,75,126.0
2,AZ-011,2025-09-18 19:15:41,55,75,132.0
2,AZ-011,2025-09-18 19:15:41,105,75,138.0
2,MR-009,2025-09-18 13:54:32,5,110,146.0
2,FE-213,2025-09-18 14:12:51,155,75,152.0
2,FE-213,2025-09-18 14:27:18,205,75,158.0
2,FE-213,2025-09-18 14:27:18,255,75,164.0
2,FE-213,2025-09-18 14:27:18,305,75,170.0
2,FE-213,2025-09-18 15:23:02,355,75,176.0
2,FE-213,2025-09-18 15:23:02,405,75,182.0
2,MR-009,2025-09-18 15:23:16,55,110,190.0
2,MR-009,2025-09-18 15:23:16,105,110,198.0
3,MR-009,2025-09-18 15:23:16,5,5,8.0
3,MR-009,2025-09-18 15:23:16,55,5,16.0
3,MR-009,2025-09-18 15:23:16,105,5,24.0
3,MR-009,2025-09-18 16:54:51,155,5,32.0
3,MR-009,2025-09-18 16:54:51,205,5,40.0
3,MR-009,2025-09-18 16:54:51,255,5,48.0
3,MR-009,2025-09-18 16:54:51,305,5,56.0
3,MR-009,2025-09-18 16:54:51,355,5,64.0
3,MR-009,2025-09-18 18:01:25,405,5,72.0
3,FE-213,2025-09-18 18:47:20,455,5,78.0
3,FE-213,2025-09-18 19:41:19,5,45,84.0
3,FE-213,2025-09-18 19:41:19,55,45,90.0
3,MR-009,2025-09-18 19:44:37,5,75,98.0
3,MR-009,2025-09-18 19:44:37,55,75,106.0
3,MR-009,2025-09-18 19:44:37,105,75,114.0
3,MR-009,2025-09-18 19:44:37,155,75,122.0
3,MR-009,2025-09-18 19:44:37,205,75,130.0
3,FE-213,2025-09-18 20:46:39,255,75,136.0
3,MG-008,2025-09-18 13:54:32,305,75,144.0
3,MG-008,2025-09-18 13:54:32,365,75,152.0
3,MG-008,2025-09-18 13:54:32,425,75,160.0
3,MG-008,2025-09-18 13:54:32,105,45,168.0
3,MG-008,2025-09-18 13:54:32,165,45,176.0
3,MG-008,2025-09-18 15:23:02,225,45,184.0
3,MG-008,2025-09-18 15:23:02,285,45,192.0
3,MG-008,2025-09-18 15:23:02,345,45,200.0
4,MG-008,2025-09-18 15:23:02,5,5,8.0
4,MG-008,2025-09-18 15:23:02,65,5,16.0
4,MG-008,2025-09-18 16:54:51,125,5,24.0
4,MG-008,2025-09-18 16:54:51,185,5,32.0
4,MG-008,2025-09-18 18:31:53,245,5,40.0
4,MG-008,2025-09-18 20:46:39,305,5,48.0
4,MG-008,2025-09-18 20:46:39,365,5,56.0
4,MG-008,2025-09-18 20:46:39,425,5,64.0
4,MG-008,2025-09-18 20:46:39,5,35,72.0
4,BR-178,2025-09-18 12:01:09,5,65,80.0
4,BR-178,2025-09-18 12:01:09,45,65,88.0
4,BR-178,2025-09-18 12:01:09,85,65,96.0
4,BR-178,2025-09-18 12:01:09,125,65,104.0
4,BR-178,2025-09-18 12:01:09,165,65,112.0
4,PL-025,2025-09-18 13:27:13,205,65,122.0
4,PL-025,2025-09-18 13:27:13,255,65,132.0
4,PL-025,2025-09-18 13:27:13,305,65,142.0
4,BR-178,2025-09-18 13:27:13,355,65,150.0
4,BR-178,2025-09-18 13:27:13,395,65,158.0
4,PL-025,2025-09-18 14:27:18,435,65,168.0
4,PL-025,2025-09-18 14:27:18,5,105,178.0
4,PL-025,2025-09-18 14:27:18,55,105,188.0
4,PL-025,2025-09-18 15:05:07,105,105,198.0
5,PL-025,2025-09-18 15:05:07,5,5,10.0
5,BR-178,2025-09-18 18:01:25,55,5,18.0
5,BR-178,2025-09-18 18:01:25,95,5,26.0
5,BR-178,2025-09-18 18:01:25,135,5,34.0
5,BR-178,2025-09-18 18:01:25,175,5,42.0
5,BR-178,2025-09-18 18:01:25,215,5,50.0
5,PL-025,2025-09-18 18:31:53,255,5,60.0
5,BR-178,2025-09-18 18:36:19,305,5,68.0
5,BR-178,2025-09-18 18:36:19,345,5,76.0
5,BR-178,2025-09-18 18:36:19,385,5,84.0
5,BR-178,2025-09-18 18:36:19,425,5,92.0
5,BR-178,2025-09-18 18:36:19,465,5,100.0
5,BR-178,2025-09-18 18:47:20,5,45,108.0
5,BR-178,2025-09-18 18:47:20,45,45,116.0
5,BR-178,2025-09-18 18:47:20,85,45,124.0
5,BR-178,2025-09-18 18:47:20,125,45,132.0
5,BR-178,2025-09-18 18:47:20,165,45,140.0
5,PL-025,2025-09-18 18:47:20,205,45,150.0
5,PL-025,2025-09-18 18:47:20,255,45,160.0
5,PL-025,2025-09-18 18:47:20,305,45,170.0
5,PL-025,2025-09-18 18:47:20,355,45,180.0
5,PL-025,2025-09-18 19:44:37,405,45,190.0
5,PL-025,2025-09-18 19:44:37,455,45,200.0
6,PL-025,2025-09-18 19:44:37,5,5,10.0
6,GK-874,2025-09-18 14:35:35,55,5,14.0
6,GK-874,2025-09-18 14:35:35,90,5,18.0
6,GK-874,2025-09-18 15:05:07,125,5,22.0
6,GK-874,2025-09-18 15:05:07,160,5,26.0
6,GK-874,2025-09-18 15:23:02,195,5,30.0
6,GK-874,2025-09-18 15:23:02,230,5,34.0
6,GK-874,2025-09-18 15:23:02,265,5,38.0
6,GK-874,2025-09-18 15:23:02,300,5,42.0
6,GK-874,2025-09-18 15:23:16,335,5,46.0
6,GK-874,2025-09-18 15:23:16,370,5,50.0
6,GK-874,2025-09-18 17:45:32,405,5,54.0
6,GK-874,2025-09-18 17:45:32,440,5,58.0
6,GK-874,2025-09-18 17:45:32,55,25,62.0
6,GK-874,2025-09-18 18:31:53,90,25,66.0
6,GK-874,2025-09-18 18:31:53,125,25,70.0
6,GK-874,2025-09-18 20:46:39,160,25,74.0
6,GT-243,2025-09-18 14:35:35,195,25,80.0
6,GT-243,2025-09-18 14:35:35,235,25,86.0
6,GT-243,2025-09-18 14:35:35,275,25,92.0
6,GT-243,2025-09-18 14:35:35,315,25,98.0
6,GT-243,2025-09-18 14:35:35,355,25,104.0
6,GT-243,2025-09-18 15:05:07,395,25,110.0
6,GT-243,2025-09-18 15:05:07,435,25,116.0
6,GT-243,2025-09-18 17:45:32,5,45,122.0
6,GT-243,2025-09-18 18:01:25,45,45,128.0
6,GT-243,2025-09-18 18:01:25,85,45,134.0
6,GT-243,2025-09-18 18:01:25,125,45,140.0
6,GT-243,2025-09-18 18:01:25,165,45,146.0
6,GT-243,2025-09-18 18:36:19,205,45,152.0
6,GT-243,2025-09-18 18:47:20,245,45,158.0
6,GT-243,2025-09-18 18:47:20,285,45,164.0
6,GT-243,2025-09-18 19:06:17,325,45,170.0
6,GT-243,2025-09-18 19:06:17,365,45,176.0
6,GT-243,2025-09-18 19:41:19,405,45,182.0
6,GT-243,2025-09-18 19:41:19,445,45,188.0
6,GT-243,2025-09-18 19:41:19,5,65,194.0
6,GT-243,2025-09-18 19:41:19,45,65,200.0
7,BP-896,2025-09-18 14:12:51,5,5,10.0
7,BP-896,2025-09-18 14:12:51,45,5,20.0
7,BP-896,2025-09-18 14:12:51,85,5,30.0
7,BP-896,2025-09-18 14:12:51,125,5,40.0
7,BP-896,2025-09-18 14:27:18,165,5,50.0
7,BP-896,2025-09-18 14:27:18,205,5,60.0
7,BP-896,2025-09-18 14:27:18,245,5,70.0
7,BP-896,2025-09-18 14:27:18,285,5,80.0
7,BP-896,2025-09-18 15:05:07,325,5,90.0
7,BP-896,2025-09-18 17:45:32,365,5,100.0
7,BP-896,2025-09-18 18:47:20,405,5,110.0
7,BP-896,2025-09-18 18:47:20,445,5,120.0
7,BP-896,2025-09-18 19:06:17,5,35,130.0
7,BP-896,2025-09-18 19:06:17,45,35,140.0
7,BP-896,2025-09-18 19:15:41,85,35,150.0
7,BP-896,2025-09-18 19:41:19,125,35,160.0
7,BP-896,2025-09-18 19:41:19,165,35,170.0
7,BP-896,2025-09-18 19:41:19,205,35,180.0
7,BP-896,2025-09-18 19:44:37,245,35,190.0
7,FL-643,2025-09-18 12:01:09,285,35,198.0
8,FL-643,2025-09-18 12:01:09,5,5,8.0
8,FL-643,2025-09-18 14:12:51,35,5,16.0
8,FL-643,2025-09-18 14:12:51,65,5,24.0
8,FL-643,2025-09-18 15:50:35,95,5,32.0
8,FL-643,2025-09-18 15:50:35,125,5,40.0
8,FL-643,2025-09-18 15:50:35,155,5,48.0
8,FL-643,2025-09-18 17:45:32,185,5,56.0
8,FL-643,2025-09-18 17:45:32,215,5,64.0
8,FL-643,2025-09-18 17:45:32,245,5,72.0
8,LV-337,2025-09-18 13:54:32,5,35,92.0
8,LV-337,2025-09-18 13:54:32,40,35,112.0
8,LV-337,2025-09-18 14:35:35,75,35,132.0
8,LV-337,2025-09-18 14:35:35,110,35,152.0
8,LV-337,2025-09-18 15:35:46,145,35,172.0
8,LV-337,2025-09-18 15:35:46,180,35,192.0
9,LV-337,2025-09-18 15:35:46,5,5,20.0
9,LV-337,2025-09-18 19:06:17,40,5,40.0
9,LV-337,2025-09-18 19:06:17,75,5,60.0
9,LV-337,2025-09-18 19:06:17,110,5,80.0
9,LV-337,2025-09-18 19:06:17,145,5,100.0
9,LV-337,2025-09-18 19:06:17,180,5,120.0
9,LV-337,2025-09-18 19:41:19,215,5,140.0
9,LV-337,2025-09-18 19:41:19,250,5,160.0
9,LV-337,2025-09-18 19:41:19,285,5,180.0
9,LV-337,2025-09-18 19:41:19,320,5,200.0
10,LV-337,2025-09-18 19:41:19,5,5,20.0
1,PL-014,2025-09-19 00:01:15,5,5,2.0
1,PL-014,2025-09-19 00:01:15,55,5,4.0
1,PL-014,2025-09-19 00:01:15,105,5,6.0
1,PL-014,2025-09-19 00:10:12,155,5,8.0
1,PL-014,2025-09-19 04:53:49,205,5,10.0
1,PL-014,2025-09-19 04:53:49,255,5,12.0
1,PL-014,2025-09-19 04:53:49,305,5,14.0
1,PL-014,2025-09-19 04:53:49,355,5,16.0
1,PL-014,2025-09-19 06:04:30,405,5,18.0
1,PL-014,2025-09-19 06:04:30,455,5,20.0
1,PL-014,2025-09-19 06:04:30,5,35,22.0
1,PL-014,2025-09-19 06:04:30,55,35,24.0
1,PL-014,2025-09-19 07:20:28,105,35,26.0
1,PL-014,2025-09-19 07:20:28,155,35,28.0
1,PL-014,2025-09-19 07:20:28,205,35,30.0
1,WM-774,2025-09-19 00:01:15,255,35,32.0
1,WM-774,2025-09-19 00:01:15,285,35,34.0
1,WM-774,2025-09-19 00:01:15,315,35,36.0
1,WM-774,2025-09-19 00:01:15,345,35,38.0
1,WM-774,2025-09-19 00:58:00,375,35,40.0
1,WM-774,2025-09-19 00:58:00,405,35,42.0
1,WM-774,2025-09-19 00:58:00,435,35,44.0
1,WM-774,2025-09-19 07:20:28,465,35,46.0
1,WM-774,2025-09-19 07:20:28,5,65,48.0
1,WM-774,2025-09-19 09:23:07,35,65,50.0
1,WM-774,2025-09-19 09:23:07,65,65,52.0
1,WM-774,2025-09-19 11:21:07,95,65,54.0
1,WM-774,2025-09-19 11:21:07,125,65,56.0
1,WM-774,2025-09-19 11:21:07,155,65,58.0
1,DG-324,2025-09-19 00:01:15,5,95,62.0
1,DG-324,2025-09-19 00:01:15,40,95,66.0
1,DG-324,2025-09-19 00:13:25,75,95,70.0
1,DG-324,2025-09-19 00:13:25,110,95,74.0
1,DG-324,2025-09-19 00:13:25,145,95,78.0
1,DG-324,2025-09-19 00:58:00,180,95,82.0
1,DG-324,2025-09-19 00:58:00,215,95,86.0
1,DG-324,2025-09-19 07:33:17,250,95,90.0
1,DG-324,2025-09-19 07:33:17,285,95,94.0
1,DG-324,2025-09-19 07:33:17,320,95,98.0
1,DG-324,2025-09-19 07:33:17,355,95,102.0
1,DG-324,2025-09-19 07:33:17,390,95,106.0
1,DG-324,2025-09-19 09:19:03,425,95,110.0
1,DG-324,2025-09-19 09:19:03,460,95,114.0
1,DG-324,2025-09-19 09:19:03,5,130,118.0
1,DG-324,2025-09-19 09:19:03,40,130,122.0
1,DG-324,2025-09-19 09:23:07,75,130,126.0
1,DG-324,2025-09-19 09:23:07,110,130,130.0
1,DG-324,2025-09-19 09:23:07,145,130,134.0
1,AZ-011,2025-09-19 00:11:46,180,130,140.0
1,AZ-011,2025-09-19 00:11:46,230,130,146.0
1,AZ-011,2025-09-19 07:33:17,280,130,152.0
1,AZ-011,2025-09-19 07:33:17,330,130,158.0
1,AZ-011,2025-09-19 07:33:17,380,130,164.0
1,AZ-011,2025-09-19 07:33:17,430,130,170.0
1,AZ-011,2025-09-19 07:33:17,5,165,176.0
1,AZ-011,2025-09-19 08:47:56,55,165,182.0
1,AZ-011,2025-09-19 09:19:03,105,165,188.0
1,AZ-011,2025-09-19 10:43:20,155,165,194.0
1,AZ-011,2025-09-19 10:43:20,205,165,200.0
2,AZ-011,2025-09-19 10:43:20,5,5,6.0
2,AZ-011,2025-09-19 10:43:20,55,5,12.0
2,AZ-011,2025-09-19 11:21:07,105,5,18.0
2,AZ-011,2025-09-19 11:21:07,155,5,24.0
2,FE-213,2025-09-19 00:58:00,205,5,30.0
2,MR-009,2025-09-19 00:58:00,5,40,38.0
2,MR-009,2025-09-19 06:04:30,55,40,46.0
2,MR-009,2025-09-19 06:04:30,105,40,54.0
2,MR-009,2025-09-19 07:20:28,155,40,62.0
2,MR-009,2025-09-19 07:20:28,205,40,70.0
2,MR-009,2025-09-19 07:33:17,255,40,78.0
2,MR-009,2025-09-19 07:33:17,305,40,86.0
2,MR-009,2025-09-19 07:33:17,355,40,94.0
2,MR-009,2025-09-19 07:33:17,405,40,102.0
2,MR-009,2025-09-19 07:33:17,455,40,110.0
2,MR-009,2025-09-19 09:03:44,5,80,118.0
2,MR-009,2025-09-19 09:03:44,55,80,126.0
2,MR-009,2025-09-19 09:03:44,105,80,134.0
2,MR-009,2025-09-19 09:19:03,155,80,142.0
2,MR-009,2025-09-19 09:19:03,205,80,150.0
2,MR-009,2025-09-19 09:19:03,255,80,158.0
2,MR-009,2025-09-19 09:19:03,305,80,166.0
2,MR-009,2025-09-19 09:19:03,355,80,174.0
2,FE-213,2025-09-19 10:43:20,405,80,180.0
2,FE-213,2025-09-19 10:43:20,455,80,186.0
2,FE-213,2025-09-19 10:43:20,255,5,192.0
2,FE-213,2025-09-19 10:43:20,305,5,198.0
3,MG-008,2025-09-19 00:01:15,5,5,8.0
3,MG-008,2025-09-19 00:10:12,65,5,16.0
3,MG-008,2025-09-19 00:10:12,125,5,24.0
3,MG-008,2025-09-19 00:10:12,185,5,32.0
3,MG-008,2025-09-19 04:53:49,245,5,40.0
3,MG-008,2025-09-19 04:53:49,305,5,48.0
3,MG-008,2025-09-19 04:53:49,365,5,56.0
3,MG-008,2025-09-19 04:53:49,425,5,64.0
3,MG-008,2025-09-19 04:53:49,5,35,72.0
3,BR-178,2025-09-19 00:10:12,5,65,80.0
3,BR-178,2025-09-19 00:10:12,45,65,88.0
3,PL-025,2025-09-19 00:11:46,85,65,98.0
3,PL-025,2025-09-19 00:11:46,135,65,108.0
3,PL-025,2025-09-19 00:11:46,185,65,118.0
3,BR-178,2025-09-19 00:13:25,235,65,126.0
3,BR-178,2025-09-19 00:13:25,275,65,134.0
3,BR-178,2025-09-19 00:13:25,315,65,142.0
3,BR-178,2025-09-19 00:13:25,355,65,150.0
3,BR-178,2025-09-19 00:58:00,395,65,158.0
3,BR-178,2025-09-19 00:58:00,435,65,166.0
3,PL-025,2025-09-19 04:53:49,5,105,176.0
3,PL-025,2025-09-19 04:53:49,55,105,186.0
3,PL-025,2025-09-19 04:53:49,105,105,196.0
3,GK-874,2025-09-19 04:53:49,65,35,200.0
4,PL-025,2025-09-19 07:33:17,5,5,10.0
4,PL-025,2025-09-19 07:33:17,55,5,20.0
4,BR-178,2025-09-19 08:55:40,105,5,28.0
4,BR-178,2025-09-19 08:55:40,145,5,36.0
4,BR-178,2025-09-19 08:55:40,185,5,44.0
4,BR-178,2025-09-19 08:55:40,225,5,52.0
4,BR-178,2025-09-19 08:55:40,265,5,60.0
4,PL-025,2025-09-19 09:03:44,305,5,70.0
4,PL-025,2025-09-19 09:03:44,355,5,80.0
4,PL-025,2025-09-19 09:03:44,405,5,90.0
4,PL-025,2025-09-19 09:03:44,455,5,100.0
4,PL-025,2025-09-19 09:03:44,5,45,110.0
4,BR-178,2025-09-19 10:43:20,55,45,118.0
4,BR-178,2025-09-19 10:43:20,95,45,126.0
4,GK-874,2025-09-19 06:04:30,135,45,130.0
4,GK-874,2025-09-19 09:23:07,170,45,134.0
4,GK-874,2025-09-19 09:23:07,205,45,138.0
4,GK-874,2025-09-19 09:23:07,240,45,142.0
4,GK-874,2025-09-19 09:23:07,275,45,146.0
4,GK-874,2025-09-19 09:23:07,310,45,150.0
4,GT-243,2025-09-19 00:10:12,345,45,156.0
4,GT-243,2025-09-19 00:10:12,385,45,162.0
4,GT-243,2025-09-19 00:10:12,425,45,168.0
4,GT-243,2025-09-19 00:10:12,465,45,174.0
4,GT-243,2025-09-19 00:13:25,135,65,180.0
4,GT-243,2025-09-19 00:13:25,175,65,186.0
4,GT-243,2025-09-19 08:55:40,215,65,192.0
4,GT-243,2025-09-19 09:03:44,255,65,198.0
5,BP-896,2025-09-19 00:11:46,5,5,10.0
5,BP-896,2025-09-19 00:11:46,45,5,20.0
5,BP-896,2025-09-19 08:47:56,85,5,30.0
5,BP-896,2025-09-19 08:55:40,125,5,40.0
5,BP-896,2025-09-19 08:55:40,165,5,50.0
5,BP-896,2025-09-19 09:03:44,205,5,60.0
5,BP-896,2025-09-19 09:03:44,245,5,70.0
5,BP-896,2025-09-19 09:03:44,285,5,80.0
5,BP-896,2025-09-19 09:03:44,325,5,90.0
5,BP-896,2025-09-19 09:03:44,365,5,100.0
5,BP-896,2025-09-19 09:19:03,405,5,110.0
5,BP-896,2025-09-19 09:19:03,445,5,120.0
5,BP-896,2025-09-19 09:19:03,5,35,130.0
5,BP-896,2025-09-19 09:19:03,45,35,140.0
5,BP-896,2025-09-19 09:23:07,85,35,150.0
5,BP-896,2025-09-19 09:23:07,125,35,160.0
5,BP-896,2025-09-19 09:23:07,165,35,170.0
5,BP-896,2025-09-19 09:23:07,205,35,180.0
5,BP-896,2025-09-19 11:21:07,245,35,190.0
5,BP-896,2025-09-19 11:21:07,285,35,200.0
6,BP-896,2025-09-19 11:21:07,5,5,10.0
6,BP-896,2025-09-19 11:21:07,45,5,20.0
6,BP-896,2025-09-19 11:21:07,85,5,30.0
6,FL-643,2025-09-19 04:53:49,125,5,38.0
6,FL-643,2025-09-19 04:53:49,155,5,46.0
6,FL-643,2025-09-19 04:53:49,185,5,54.0
6,FL-643,2025-09-19 04:53:49,215,5,62.0
6,FL-643,2025-09-19 07:20:28,245,5,70.0
6,FL-643,2025-09-19 07:20:28,275,5,78.0
6,FL-643,2025-09-19 07:20:28,305,5,86.0
6,FL-643,2025-09-19 07:20:28,335,5,94.0
6,FL-643,2025-09-19 08:47:56,365,5,102.0
6,FL-643,2025-09-19 08:47:56,395,5,110.0
6,FL-643,2025-09-19 08:47:56,425,5,118.0
6,FL-643,2025-09-19 09:23:07,455,5,126.0
6,FL-643,2025-09-19 09:23:07,5,35,134.0
6,FL-643,2025-09-19 09:23:07,35,35,142.0
6,LV-337,2025-09-19 00:13:25,5,65,162.0
6,LV-337,2025-09-19 00:13:25,40,65,182.0
7,LV-337,2025-09-19 09:19:03,5,5,20.0
7,LV-337,2025-09-19 09:19:03,40,5,40.0
7,LV-337,2025-09-19 09:19:03,75,5,60.0
1,PL-014,2025-09-19 16:38:55,5,5,2.0
1,PL-014,2025-09-19 16:38:55,55,5,4.0
1,PL-014,2025-09-19 17:13:02,105,5,6.0
1,PL-014,2025-09-19 17:13:02,155,5,8.0
1,PL-014,2025-09-19 20:11:49,205,5,10.0
1,PL-014,2025-09-19 20:59:56,255,5,12.0
1,PL-014,2025-09-19 20:59:56,305,5,14.0
1,PL-014,2025-09-19 20:59:56,355,5,16.0
1,PL-014,2025-09-19 21:29:34,405,5,18.0
1,PL-014,2025-09-19 21:29:34,455,5,20.0
1,PL-014,2025-09-19 21:29:34,5,35,22.0
1,PL-014,2025-09-19 21:29:34,55,35,24.0
1,WM-774,2025-09-19 14:01:07,105,35,26.0
1,WM-774,2025-09-19 14:01:07,135,35,28.0
1,WM-774,2025-09-19 14:01:07,165,35,30.0
1,WM-774,2025-09-19 14:01:07,195,35,32.0
1,WM-774,2025-09-19 14:01:07,225,35,34.0
1,WM-774,2025-09-19 15:59:30,255,35,36.0
1,WM-774,2025-09-19 15:59:30,285,35,38.0
1,WM-774,2025-09-19 15:59:30,315,35,40.0
1,WM-774,2025-09-19 15:59:30,345,35,42.0
1,WM-774,2025-09-19 17:18:07,375,35,44.0
1,WM-774,2025-09-19 17:18:07,405,35,46.0
1,WM-774,2025-09-19 17:18:07,435,35,48.0
1,WM-774,2025-09-19 22:09:06,465,35,50.0
1,WM-774,2025-09-19 22:09:06,5,65,52.0
1,WM-774,2025-09-19 22:09:06,35,65,54.0
1,DG-324,2025-09-19 15:04:28,5,95,58.0
1,DG-324,2025-09-19 15:04:28,40,95,62.0
1,DG-324,2025-09-19 15:04:28,75,95,66.0
1,DG-324,2025-09-19 17:18:07,110,95,70.0
1,DG-324,2025-09-19 17:18:07,145,95,74.0
1,DG-324,2025-09-19 17:18:07,180,95,78.0
1,DG-324,2025-09-19 17:18:07,215,95,82.0
1,DG-324,2025-09-19 17:18:07,250,95,86.0
1,DG-324,2025-09-19 20:26:39,285,95,90.0
1,DG-324,2025-09-19 20:26:39,320,95,94.0
1,DG-324,2025-09-19 20:26:39,355,95,98.0
1,PL-013,2025-09-19 14:01:07,390,95,102.0
1,PL-013,2025-09-19 14:01:07,430,95,106.0
1,PL-013,2025-09-19 14:01:07,65,65,110.0
1,PL-013,2025-09-19 14:01:07,105,65,114.0
1,PL-013,2025-09-19 14:01:07,145,65,118.0
1,PL-013,2025-09-19 14:24:42,185,65,122.0
1,PL-013,2025-09-19 15:59:30,225,65,126.0
1,PL-013,2025-09-19 15:59:30,265,65,130.0
1,PL-013,2025-09-19 17:35:35,305,65,134.0
1,PL-013,2025-09-19 20:59:56,345,65,138.0
1,AZ-011,2025-09-19 12:20:59,5,130,144.0
1,AZ-011,2025-09-19 12:20:59,55,130,150.0
1,AZ-011,2025-09-19 12:20:59,105,130,156.0
1,AZ-011,2025-09-19 17:35:35,155,130,162.0
1,AZ-011,2025-09-19 17:35:35,205,130,168.0
1,AZ-011,2025-09-19 20:37:07,255,130,174.0
1,AZ-011,2025-09-19 20:37:07,305,130,180.0
1,AZ-011,2025-09-19 20:37:07,355,130,186.0
1,AZ-011,2025-09-19 20:59:56,405,130,192.0
1,AZ-011,2025-09-19 20:59:56,455,130,198.0
2,AZ-011,2025-09-19 20:59:56,5,5,6.0
2,AZ-011,2025-09-19 20:59:56,55,5,12.0
2,AZ-011,2025-09-19 21:29:34,105,5,18.0
2,AZ-011,2025-09-19 21:29:34,155,5,24.0
2,AZ-011,2025-09-19 21:29:34,205,5,30.0
2,FE-213,2025-09-19 12:20:59,255,5,36.0
2,FE-213,2025-09-19 12:20:59,305,5,42.0
2,FE-213,2025-09-19 14:24:42,355,5,48.0
2,FE-213,2025-09-19 16:24:41,405,5,54.0
2,FE-213,2025-09-19 16:24:41,455,5,60.0
2,FE-213,2025-09-19 16:38:55,5,40,66.0
2,FE-213,2025-09-19 16:38:55,55,40,72.0
2,FE-213,2025-09-19 16:38:55,105,40,78.0
2,FE-213,2025-09-19 16:38:55,155,40,84.0
2,FE-213,2025-09-19 16:38:55,205,40,90.0
2,FE-213,2025-09-19 17:35:35,255,40,96.0
2,FE-213,2025-09-19 17:35:35,305,40,102.0
2,FE-213,2025-09-19 17:35:35,355,40,108.0
2,MR-009,2025-09-19 19:19:49,5,70,116.0
2,MR-009,2025-09-19 19:19:49,55,70,124.0
2,MR-009,2025-09-19 20:26:39,105,70,132.0
2,MR-009,2025-09-19 20:26:39,155,70,140.0
2,MR-009,2025-09-19 20:26:39,205,70,148.0
2,MR-009,2025-09-19 20:26:39,255,70,156.0
2,MR-009,2025-09-19 20:26:39,305,70,164.0
2,MR-009,2025-09-19 22:09:06,355,70,172.0
2,MR-009,2025-09-19 22:09:06,405,70,180.0
2,MR-009,2025-09-19 22:09:06,455,70,188.0
2,MR-009,2025-09-19 22:09:06,5,110,196.0
2,GK-874,2025-09-19 17:13:02,405,40,200.0
3,MG-008,2025-09-19 15:04:28,5,5,8.0
3,MG-008,2025-09-19 15:04:28,65,5,16.0
3,MG-008,2025-09-19 15:04:28,125,5,24.0
3,MG-008,2025-09-19 15:04:28,185,5,32.0
3,MG-008,2025-09-19 20:37:07,245,5,40.0
3,MG-008,2025-09-19 20:37:07,305,5,48.0
3,MG-008,2025-09-19 20:37:07,365,5,56.0
3,MG-008,2025-09-19 20:37:07,425,5,64.0
3,MG-008,2025-09-19 20:59:56,5,35,72.0
3,MG-008,2025-09-19 20:59:56,65,35,80.0
3,MG-008,2025-09-19 20:59:56,125,35,88.0
3,PL-025,2025-09-19 14:24:42,5,65,98.0
3,PL-025,2025-09-19 14:24:42,55,65,108.0
3,PL-025,2025-09-19 14:24:42,105,65,118.0
3,PL-025,2025-09-19 14:24:42,155,65,128.0
3,BR-178,2025-09-19 15:04:28,205,65,136.0
3,BR-178,2025-09-19 15:04:28,245,65,144.0
3,BR-178,2025-09-19 15:04:28,285,65,152.0
3,PL-025,2025-09-19 17:13:02,325,65,162.0
3,BR-178,2025-09-19 17:35:35,375,65,170.0
3,BR-178,2025-09-19 17:35:35,415,65,178.0
3,BR-178,2025-09-19 19:19:49,455,65,186.0
3,BR-178,2025-09-19 19:19:49,5,105,194.0
3,GK-874,2025-09-19 17:18:07,185,35,198.0
4,BR-178,2025-09-19 19:19:49,5,5,8.0
4,PL-025,2025-09-19 22:09:06,45,5,18.0
4,PL-025,2025-09-19 22:09:06,95,5,28.0
4,PL-025,2025-09-19 22:09:06,145,5,38.0
4,GK-874,2025-09-19 17:18:07,195,5,42.0
4,GK-874,2025-09-19 17:18:07,230,5,46.0
4,GK-874,2025-09-19 17:18:07,265,5,50.0
4,GK-874,2025-09-19 17:18:07,300,5,54.0
4,GK-874,2025-09-19 19:19:49,335,5,58.0
4,GK-874,2025-09-19 19:19:49,370,5,62.0
4,GK-874,2025-09-19 19:19:49,405,5,66.0
4,GK-874,2025-09-19 20:26:39,440,5,70.0
4,GK-874,2025-09-19 20:26:39,195,25,74.0
4,GT-243,2025-09-19 14:01:07,230,25,80.0
4,GT-243,2025-09-19 14:01:07,270,25,86.0
4,GT-243,2025-09-19 14:01:07,310,25,92.0
4,GT-243,2025-09-19 20:11:49,350,25,98.0
4,GT-243,2025-09-19 20:11:49,390,25,104.0
4,GT-243,2025-09-19 20:11:49,430,25,110.0
4,GT-243,2025-09-19 20:11:49,5,45,116.0
4,GT-243,2025-09-19 20:11:49,45,45,122.0
4,GT-243,2025-09-19 20:59:56,85,45,128.0
4,GT-243,2025-09-19 20:59:56,125,45,134.0
4,GT-243,2025-09-19 20:59:56,165,45,140.0
4,BP-896,2025-09-19 12:20:59,5,65,150.0
4,BP-896,2025-09-19 12:20:59,45,65,160.0
4,BP-896,2025-09-19 12:20:59,85,65,170.0
4,BP-896,2025-09-19 12:20:59,125,65,180.0
4,BP-896,2025-09-19 15:59:30,165,65,190.0
4,BP-896,2025-09-19 16:24:41,205,65,200.0
5,BP-896,2025-09-19 16:24:41,5,5,10.0
5,BP-896,2025-09-19 16:24:41,45,5,20.0
5,BP-896,2025-09-19 20:26:39,85,5,30.0
5,BP-896,2025-09-19 20:26:39,125,5,40.0
5,BP-896,2025-09-19 20:26:39,165,5,50.0
5,FL-643,2025-09-19 14:24:42,205,5,58.0
5,FL-643,2025-09-19 14:24:42,235,5,66.0
5,FL-643,2025-09-19 14:24:42,265,5,74.0
5,FL-643,2025-09-19 14:24:42,295,5,82.0
5,FL-643,2025-09-19 15:04:28,325,5,90.0
5,FL-643,2025-09-19 15:59:30,355,5,98.0
5,FL-643,2025-09-19 15:59:30,385,5,106.0
5,FL-643,2025-09-19 15:59:30,415,5,114.0
5,FL-643,2025-09-19 15:59:30,445,5,122.0
5,FL-643,2025-09-19 15:59:30,475,5,130.0
5,FL-643,2025-09-19 17:13:02,5,35,138.0
5,FL-643,2025-09-19 17:13:02,35,35,146.0
5,FL-643,2025-09-19 17:18:07,65,35,154.0
5,FL-643,2025-09-19 19:19:49,95,35,162.0
5,FL-643,2025-09-19 19:19:49,125,35,170.0
5,FL-643,2025-09-19 19:19:49,155,35,178.0
5,FL-643,2025-09-19 19:19:49,185,35,186.0
5,FL-643,2025-09-19 19:19:49,215,35,194.0
6,FL-643,2025-09-19 20:11:49,5,5,8.0
6,FL-643,2025-09-19 20:11:49,35,5,16.0
6,FL-643,2025-09-19 20:11:49,65,5,24.0
6,FL-643,2025-09-19 20:11:49,95,5,32.0
6,FL-643,2025-09-19 20:11:49,125,5,40.0
6,FL-643,2025-09-19 20:37:07,155,5,48.0
6,FL-643,2025-09-19 20:37:07,185,5,56.0
6,FL-643,2025-09-19 20:37:07,215,5,64.0
6,FL-643,2025-09-19 21:29:34,245,5,72.0
6,LV-337,2025-09-19 16:24:41,5,35,92.0
6,LV-337,2025-09-19 16:38:55,40,35,112.0
6,LV-337,2025-09-19 16:38:55,75,35,132.0
6,LV-337,2025-09-19 16:38:55,110,35,152.0
6,LV-337,2025-09-19 17:13:02,145,35,172.0
6,LV-337,2025-09-19 17:13:02,180,35,192.0
7,LV-337,2025-09-19 17:13:02,5,5,20.0
7,LV-337,2025-09-19 17:13:02,40,5,40.0
7,LV-337,2025-09-19 20:11:49,75,5,60.0
7,LV-337,2025-09-19 20:11:49,110,5,80.0
7,LV-337,2025-09-19 20:11:49,145,5,100.0
7,LV-337,2025-09-19 20:11:49,180,5,120.0
7,LV-337,2025-09-19 20:11:49,215,5,140.0
7,LV-337,2025-09-19 21:29:34,250,5,160.0
7,LV-337,2025-09-19 21:29:34,285,5,180.0
7,LV-337,2025-09-19 21:29:34,320,5,200.0
8,LV-337,2025-09-19 21:29:34,5,5,20.0
8,LV-337,2025-09-19 22:09:06,40,5,40.0
8,LV-337,2025-09-19 22:09:06,75,5,60.0
8,LV-337,2025-09-19 22:09:06,110,5,80.0
8,LV-337,2025-09-19 22:09:06,145,5,100.0
8,LV-337,2025-09-19 22:09:06,180,5,120.0
1,PL-014,2025-09-20 00:28:30,5,5,2.0
1,PL-014,2025-09-20 00:28:30,55,5,4.0
1,PL-014,2025-09-20 00:28:30,105,5,6.0
1,PL-014,2025-09-20 00:28:30,155,5,8.0
1,PL-014,2025-09-20 00:28:30,205,5,10.0
1,PL-014,2025-09-20 01:19:45,255,5,12.0
1,PL-014,2025-09-20 01:19:45,305,5,14.0
1,PL-014,2025-09-20 02:23:06,355,5,16.0
1,PL-014,2025-09-20 02:23:06,405,5,18.0
1,PL-014,2025-09-20 02:23:06,455,5,20.0
1,PL-014,2025-09-20 03:15:20,5,35,22.0
1,PL-014,2025-09-20 03:15:20,55,35,24.0
1,PL-014,2025-09-20 03:15:20,105,35,26.0
1,PL-014,2025-09-20 08:12:25,155,35,28.0
1,PL-014,2025-09-20 08:12:25,205,35,30.0
1,PL-014,2025-09-20 09:53:06,255,35,32.0
1,PL-014,2025-09-20 09:53:06,305,35,34.0
1,WM-774,2025-09-20 06:09:03,355,35,36.0
1,WM-774,2025-09-20 06:09:03,385,35,38.0
1,WM-774,2025-09-20 06:09:03,415,35,40.0
1,WM-774,2025-09-20 06:09:03,445,35,42.0
1,WM-774,2025-09-20 06:11:48,475,35,44.0
1,WM-774,2025-09-20 09:53:06,5,65,46.0
1,WM-774,2025-09-20 09:53:06,35,65,48.0
1,WM-774,2025-09-20 09:53:06,65,65,50.0
1,WM-774,2025-09-20 11:05:25,95,65,52.0
1,WM-774,2025-09-20 11:05:25,125,65,54.0
1,WM-774,2025-09-20 11:05:25,155,65,56.0
1,DG-324,2025-09-20 01:19:45,5,95,60.0
1,DG-324,2025-09-20 01:19:45,40,95,64.0
1,DG-324,2025-09-20 05:05:09,75,95,68.0
1,DG-324,2025-09-20 05:05:09,110,95,72.0
1,DG-324,2025-09-20 05:05:09,145,95,76.0
1,DG-324,2025-09-20 05:05:09,180,95,80.0
1,DG-324,2025-09-20 05:05:09,215,95,84.0
1,DG-324,2025-09-20 10:57:22,250,95,88.0
1,DG-324,2025-09-20 10:57:22,285,95,92.0
1,DG-324,2025-09-20 10:57:22,320,95,96.0
1,DG-324,2025-09-20 10:57:22,355,95,100.0
1,DG-324,2025-09-20 10:57:22,390,95,104.0
1,PL-013,2025-09-20 04:12:28,425,95,108.0
1,PL-013,2025-09-20 04:12:28,465,95,112.0
1,PL-013,2025-09-20 04:12:28,185,65,116.0
1,PL-013,2025-09-20 04:12:28,225,65,120.0
1,PL-013,2025-09-20 05:05:09,265,65,124.0
1,PL-013,2025-09-20 05:05:09,305,65,128.0
1,PL-013,2025-09-20 05:05:09,345,65,132.0
1,PL-013,2025-09-20 05:05:09,385,65,136.0
1,PL-013,2025-09-20 09:53:06,425,65,140.0
1,PL-013,2025-09-20 09:53:06,465,65,144.0
1,PL-013,2025-09-20 09:53:06,5,130,148.0
1,PL-013,2025-09-20 09:53:06,45,130,152.0
1,AZ-011,2025-09-20 00:21:41,5,160,158.0
1,AZ-011,2025-09-20 00:28:30,55,160,164.0
1,AZ-011,2025-09-20 00:28:30,105,160,170.0
1,AZ-011,2025-09-20 00:28:30,155,160,176.0
1,AZ-011,2025-09-20 03:14:30,205,160,182.0
1,AZ-011,2025-09-20 03:14:30,255,160,188.0
1,AZ-011,2025-09-20 03:14:30,305,160,194.0
1,AZ-011,2025-09-20 03:14:30,355,160,200.0
2,AZ-011,2025-09-20 03:14:30,5,5,6.0
2,AZ-011,2025-09-20 04:23:09,55,5,12.0
2,AZ-011,2025-09-20 04:23:09,105,5,18.0
2,AZ-011,2025-09-20 04:23:09,155,5,24.0
2,AZ-011,2025-09-20 04:46:10,205,5,30.0
2,AZ-011,2025-09-20 10:57:22,255,5,36.0
2,AZ-011,2025-09-20 10:57:22,305,5,42.0
2,AZ-011,2025-09-20 10:57:22,355,5,48.0
2,AZ-011,2025-09-20 10:57:22,405,5,54.0
2,AZ-011,2025-09-20 10:57:22,455,5,60.0
2,MR-009,2025-09-20 00:28:30,5,40,68.0
2,MR-009,2025-09-20 00:28:30,55,40,76.0
2,MR-009,2025-09-20 00:28:30,105,40,84.0
2,MR-009,2025-09-20 00:28:30,155,40,92.0
2,MR-009,2025-09-20 01:19:45,205,40,100.0
2,MR-009,2025-09-20 01:19:45,255,40,108.0
2,MR-009,2025-09-20 01:19:45,305,40,116.0
2,MR-009,2025-09-20 01:19:45,355,40,124.0
2,FE-213,2025-09-20 01:19:45,405,40,130.0
2,FE-213,2025-09-20 01:19:45,455,40,136.0
2,FE-213,2025-09-20 01:19:45,5,80,142.0
2,FE-213,2025-09-20 01:19:45,55,80,148.0
2,FE-213,2025-09-20 01:19:45,105,80,154.0
2,FE-213,2025-09-20 03:14:30,155,80,160.0
2,FE-213,2025-09-20 03:14:30,205,80,166.0
2,FE-213,2025-09-20 03:14:30,255,80,172.0
2,FE-213,2025-09-20 03:14:30,305,80,178.0
2,MR-009,2025-09-20 03:15:20,5,110,186.0
2,FE-213,2025-09-20 03:15:20,355,80,192.0
2,FE-213,2025-09-20 03:15:20,405,80,198.0
3,FE-213,2025-09-20 03:15:20,5,5,6.0
3,FE-213,2025-09-20 03:15:20,55,5,12.0
3,MR-009,2025-09-20 04:23:09,5,35,20.0
3,FE-213,2025-09-20 04:23:09,105,5,26.0
3,FE-213,2025-09-20 04:23:09,155,5,32.0
3,MR-009,2025-09-20 04:46:10,55,35,40.0
3,MR-009,2025-09-20 04:46:10,105,35,48.0
3,FE-213,2025-09-20 05:05:09,205,5,54.0
3,FE-213,2025-09-20 05:16:02,255,5,60.0
3,FE-213,2025-09-20 05:16:02,305,5,66.0
3,FE-213,2025-09-20 05:16:02,355,5,72.0
3,MR-009,2025-09-20 05:16:02,155,35,80.0
3,MR-009,2025-09-20 05:16:02,205,35,88.0
3,MR-009,2025-09-20 05:16:02,255,35,96.0
3,MR-009,2025-09-20 05:16:02,305,35,104.0
3,MR-009,2025-09-20 05:16:02,355,35,112.0
3,FE-213,2025-09-20 06:09:03,405,5,118.0
3,FE-213,2025-09-20 06:09:03,455,5,124.0
3,FE-213,2025-09-20 06:09:03,405,35,130.0
3,FE-213,2025-09-20 06:09:03,455,35,136.0
3,FE-213,2025-09-20 06:09:03,5,75,142.0
3,MR-009,2025-09-20 06:09:03,5,105,150.0
3,MR-009,2025-09-20 06:09:03,55,105,158.0
3,MR-009,2025-09-20 06:09:03,105,105,166.0
3,MR-009,2025-09-20 06:09:03,155,105,174.0
3,FE-213,2025-09-20 06:11:48,205,105,180.0
3,FE-213,2025-09-20 06:11:48,255,105,186.0
3,FE-213,2025-09-20 06:11:48,305,105,192.0
3,FE-213,2025-09-20 06:11:48,355,105,198.0
4,MR-009,2025-09-20 08:12:25,5,5,8.0
4,MR-009,2025-09-20 08:12:25,55,5,16.0
4,FE-213,2025-09-20 11:05:25,105,5,22.0
4,FE-213,2025-09-20 11:05:25,155,5,28.0
4,FE-213,2025-09-20 11:05:25,205,5,34.0
4,FE-213,2025-09-20 11:05:25,255,5,40.0
4,MR-009,2025-09-20 11:05:25,5,45,48.0
4,MR-009,2025-09-20 11:05:25,55,45,56.0
4,MG-008,2025-09-20 04:12:28,305,5,64.0
4,MG-008,2025-09-20 04:12:28,365,5,72.0
4,MG-008,2025-09-20 04:12:28,425,5,80.0
4,MG-008,2025-09-20 04:12:28,105,45,88.0
4,MG-008,2025-09-20 04:12:28,165,45,96.0
4,MG-008,2025-09-20 04:46:10,225,45,104.0
4,MG-008,2025-09-20 04:46:10,285,45,112.0
4,MG-008,2025-09-20 04:46:10,345,45,120.0
4,MG-008,2025-09-20 06:09:03,405,45,128.0
4,MG-008,2025-09-20 06:09:03,5,85,136.0
4,MG-008,2025-09-20 06:11:48,65,85,144.0
4,MG-008,2025-09-20 08:12:25,125,85,152.0
4,MG-008,2025-09-20 10:57:22,185,85,160.0
4,MG-008,2025-09-20 10:57:22,245,85,168.0
4,MG-008,2025-09-20 10:57:22,305,85,176.0
4,MG-008,2025-09-20 10:57:22,365,85,184.0
4,MG-008,2025-09-20 10:57:22,425,85,192.0
4,BR-178,2025-09-20 00:28:30,5,115,200.0
5,BR-178,2025-09-20 00:28:30,5,5,8.0
5,PL-025,2025-09-20 04:12:28,45,5,18.0
5,PL-025,2025-09-20 04:12:28,95,5,28.0
5,PL-025,2025-09-20 04:12:28,145,5,38.0
5,PL-025,2025-09-20 04:12:28,195,5,48.0
5,PL-025,2025-09-20 04:12:28,245,5,58.0
5,BR-178,2025-09-20 04:12:28,295,5,66.0
5,BR-178,2025-09-20 04:12:28,335,5,74.0
5,BR-178,2025-09-20 04:46:10,375,5,82.0
5,BR-178,2025-09-20 04:46:10,415,5,90.0
5,BR-178,2025-09-20 04:46:10,455,5,98.0
5,PL-025,2025-09-20 10:57:22,5,45,108.0
5,PL-025,2025-09-20 10:57:22,55,45,118.0
5,PL-025,2025-09-20 10:57:22,105,45,128.0
5,PL-025,2025-09-20 10:57:22,155,45,138.0
5,PL-025,2025-09-20 10:57:22,205,45,148.0
5,GK-874,2025-09-20 03:14:30,255,45,152.0
5,GK-874,2025-09-20 03:14:30,290,45,156.0
5,GK-874,2025-09-20 03:14:30,325,45,160.0
5,GK-874,2025-09-20 03:14:30,360,45,164.0
5,GK-874,2025-09-20 04:23:09,395,45,168.0
5,GK-874,2025-09-20 04:23:09,430,45,172.0
5,GK-874,2025-09-20 04:23:09,465,45,176.0
5,GK-874,2025-09-20 09:53:06,255,65,180.0
5,GK-874,2025-09-20 09:53:06,290,65,184.0
5,GK-874,2025-09-20 09:53:06,325,65,188.0
5,GK-874,2025-09-20 09:53:06,360,65,192.0
5,GT-243,2025-09-20 00:21:41,395,65,198.0
6,GT-243,2025-09-20 00:21:41,5,5,6.0
6,GT-243,2025-09-20 00:21:41,45,5,12.0
6,GT-243,2025-09-20 00:21:41,85,5,18.0
6,GT-243,2025-09-20 02:23:06,125,5,24.0
6,GT-243,2025-09-20 02:23:06,165,5,30.0
6,GT-243,2025-09-20 02:23:06,205,5,36.0
6,GT-243,2025-09-20 02:23:06,245,5,42.0
6,GT-243,2025-09-20 03:14:30,285,5,48.0
6,GT-243,2025-09-20 03:14:30,325,5,54.0
6,GT-243,2025-09-20 03:14:30,365,5,60.0
6,GT-243,2025-09-20 03:14:30,405,5,66.0
6,GT-243,2025-09-20 03:14:30,445,5,72.0
6,GT-243,2025-09-20 05:05:09,5,25,78.0
6,GT-243,2025-09-20 05:05:09,45,25,84.0
6,GT-243,2025-09-20 05:05:09,85,25,90.0
6,GT-243,2025-09-20 05:05:09,125,25,96.0
6,GT-243,2025-09-20 11:05:25,165,25,102.0
6,GT-243,2025-09-20 11:05:25,205,25,108.0
6,GT-243,2025-09-20 11:05:25,245,25,114.0
6,BP-896,2025-09-20 03:15:20,5,45,124.0
6,BP-896,2025-09-20 03:15:20,45,45,134.0
6,BP-896,2025-09-20 03:15:20,85,45,144.0
6,BP-896,2025-09-20 04:12:28,125,45,154.0
6,BP-896,2025-09-20 04:12:28,165,45,164.0
6,BP-896,2025-09-20 04:12:28,205,45,174.0
6,BP-896,2025-09-20 04:12:28,245,45,184.0
6,BP-896,2025-09-20 04:46:10,285,45,194.0
7,BP-896,2025-09-20 04:46:10,5,5,10.0
7,BP-896,2025-09-20 04:46:10,45,5,20.0
7,BP-896,2025-09-20 04:46:10,85,5,30.0
7,BP-896,2025-09-20 05:16:02,125,5,40.0
7,BP-896,2025-09-20 05:16:02,165,5,50.0
7,BP-896,2025-09-20 05:16:02,205,5,60.0
7,BP-896,2025-09-20 08:12:25,245,5,70.0
7,BP-896,2025-09-20 08:12:25,285,5,80.0
7,FL-643,2025-09-20 01:19:45,325,5,88.0
7,FL-643,2025-09-20 01:19:45,355,5,96.0
7,FL-643,2025-09-20 01:19:45,385,5,104.0
7,FL-643,2025-09-20 01:19:45,415,5,112.0
7,FL-643,2025-09-20 02:23:06,445,5,120.0
7,FL-643,2025-09-20 02:23:06,475,5,128.0
7,FL-643,2025-09-20 02:23:06,5,35,136.0
7,FL-643,2025-09-20 02:23:06,35,35,144.0
7,FL-643,2025-09-20 03:14:30,65,35,152.0
7,FL-643,2025-09-20 03:15:20,95,35,160.0
7,FL-643,2025-09-20 03:15:20,125,35,168.0
7,FL-643,2025-09-20 05:05:09,155,35,176.0
7,FL-643,2025-09-20 05:05:09,185,35,184.0
7,FL-643,2025-09-20 05:05:09,215,35,192.0
7,FL-643,2025-09-20 05:16:02,245,35,200.0
8,FL-643,2025-09-20 06:11:48,5,5,8.0
8,LV-337,2025-09-20 00:21:41,5,35,28.0
8,LV-337,2025-09-20 00:21:41,40,35,48.0
8,LV-337,2025-09-20 00:21:41,75,35,68.0
8,LV-337,2025-09-20 02:23:06,110,35,88.0
8,LV-337,2025-09-20 02:23:06,145,35,108.0
8,LV-337,2025-09-20 11:05:25,180,35,128.0
8,LV-337,2025-09-20 11:05:25,215,35,148.0
8,LV-337,2025-09-20 11:05:25,250,35,168.0
8,LV-337,2025-09-20 11:05:25,285,35,188.0
1,PL-014,2025-09-20 12:27:52,5,5,2.0
1,PL-014,2025-09-20 13:45:24,55,5,4.0
1,PL-014,2025-09-20 13:45:24,105,5,6.0
1,PL-014,2025-09-20 13:52:28,155,5,8.0
1,PL-014,2025-09-20 13:52:28,205,5,10.0
1,PL-014,2025-09-20 13:52:28,255,5,12.0
1,PL-014,2025-09-20 15:32:58,305,5,14.0
1,PL-014,2025-09-20 15:32:58,355,5,16.0
1,PL-014,2025-09-20 15:32:58,405,5,18.0
1,PL-014,2025-09-20 16:36:31,455,5,20.0
1,PL-014,2025-09-20 16:36:31,5,35,22.0
1,PL-014,2025-09-20 16:36:31,55,35,24.0
1,PL-014,2025-09-20 17:39:24,105,35,26.0
1,PL-014,2025-09-20 17:39:24,155,35,28.0
1,PL-014,2025-09-20 17:39:24,205,35,30.0
1,WM-774,2025-09-20 12:27:52,255,35,32.0
1,WM-774,2025-09-20 13:45:24,285,35,34.0
1,WM-774,2025-09-20 13:45:24,315,35,36.0
1,WM-774,2025-09-20 13:45:24,345,35,38.0
1,WM-774,2025-09-20 13:45:24,375,35,40.0
1,WM-774,2025-09-20 14:00:52,405,35,42.0
1,WM-774,2025-09-20 14:00:52,435,35,44.0
1,WM-774,2025-09-20 14:00:52,465,35,46.0
1,WM-774,2025-09-20 14:00:52,5,65,48.0
1,WM-774,2025-09-20 18:00:24,35,65,50.0
1,WM-774,2025-09-20 18:00:24,65,65,52.0
1,WM-774,2025-09-20 18:00:24,95,65,54.0
1,WM-774,2025-09-20 19:31:55,125,65,56.0
1,WM-774,2025-09-20 19:31:55,155,65,58.0
1,WM-774,2025-09-20 19:44:12,185,65,60.0
1,WM-774,2025-09-20 19:44:12,215,65,62.0
1,WM-774,2025-09-20 20:42:45,245,65,64.0
1,WM-774,2025-09-20 20:42:45,275,65,66.0
1,WM-774,2025-09-20 20:42:45,305,65,68.0
1,WM-774,2025-09-20 21:56:41,335,65,70.0
1,WM-774,2025-09-20 21:56:41,365,65,72.0
1,DG-324,2025-09-20 18:00:24,5,95,76.0
1,DG-324,2025-09-20 20:40:22,40,95,80.0
1,DG-324,2025-09-20 20:40:22,75,95,84.0
1,DG-324,2025-09-20 20:40:22,110,95,88.0
1,PL-013,2025-09-20 12:27:52,395,65,92.0
1,PL-013,2025-09-20 12:27:52,435,65,96.0
1,PL-013,2025-09-20 12:27:52,145,95,100.0
1,PL-013,2025-09-20 12:58:19,185,95,104.0
1,PL-013,2025-09-20 13:45:24,225,95,108.0
1,PL-013,2025-09-20 13:45:24,265,95,112.0
1,PL-013,2025-09-20 13:45:24,305,95,116.0
1,PL-013,2025-09-20 13:45:24,345,95,120.0
1,PL-013,2025-09-20 13:45:24,385,95,124.0
1,PL-013,2025-09-20 15:32:58,425,95,128.0
1,PL-013,2025-09-20 15:32:58,465,95,132.0
1,PL-013,2025-09-20 15:32:58,5,130,136.0
1,PL-013,2025-09-20 15:32:58,45,130,140.0
1,PL-013,2025-09-20 16:05:25,85,130,144.0
1,AZ-011,2025-09-20 17:39:24,5,160,150.0
1,AZ-011,2025-09-20 17:39:24,55,160,156.0
1,AZ-011,2025-09-20 17:39:24,105,160,162.0
1,AZ-011,2025-09-20 19:44:12,155,160,168.0
1,AZ-011,2025-09-20 19:44:12,205,160,174.0
1,AZ-011,2025-09-20 19:44:12,255,160,180.0
1,AZ-011,2025-09-20 19:44:12,305,160,186.0
1,AZ-011,2025-09-20 19:44:12,355,160,192.0
1,AZ-011,2025-09-20 20:42:45,405,160,198.0
2,AZ-011,2025-09-20 23:09:55,5,5,6.0
2,AZ-011,2025-09-20 23:09:55,55,5,12.0
2,AZ-011,2025-09-20 23:09:55,105,5,18.0
2,AZ-011,2025-09-20 23:09:55,155,5,24.0
2,AZ-011,2025-09-20 23:09:55,205,5,30.0
2,FE-213,2025-09-20 12:58:19,255,5,36.0
2,FE-213,2025-09-20 12:58:19,305,5,42.0
2,FE-213,2025-09-20 12:58:19,355,5,48.0
2,MR-009,2025-09-20 13:58:38,5,40,56.0
2,FE-213,2025-09-20 16:05:25,405,5,62.0
2,FE-213,2025-09-20 16:05:25,455,5,68.0
2,MR-009,2025-09-20 16:05:25,55,40,76.0
2,MR-009,2025-09-20 16:05:25,105,40,84.0
2,FE-213,2025-09-20 16:36:31,155,40,90.0
2,FE-213,2025-09-20 16:36:31,205,40,96.0
2,FE-213,2025-09-20 16:36:31,255,40,102.0
2,FE-213,2025-09-20 18:00:24,305,40,108.0
2,FE-213,2025-09-20 18:00:24,355,40,114.0
2,FE-213,2025-09-20 18:00:24,405,40,120.0
2,FE-213,2025-09-20 18:00:24,455,40,126.0
2,FE-213,2025-09-20 18:08:35,5,80,132.0
2,FE-213,2025-09-20 21:12:37,55,80,138.0
2,FE-213,2025-09-20 21:12:37,105,80,144.0
2,FE-213,2025-09-20 21:12:37,155,80,150.0
2,FE-213,2025-09-20 21:12:37,205,80,156.0
2,FE-213,2025-09-20 21:12:37,255,80,162.0
2,MR-009,2025-09-20 21:12:37,5,110,170.0
2,MR-009,2025-09-20 21:12:37,55,110,178.0
2,MR-009,2025-09-20 21:12:37,105,110,186.0
2,MR-009,2025-09-20 21:12:37,155,110,194.0
2,FE-213,2025-09-20 23:13:14,305,80,200.0
3,MR-009,2025-09-20 23:09:55,5,5,8.0
3,MR-009,2025-09-20 23:09:55,55,5,16.0
3,FE-213,2025-09-20 23:13:14,105,5,22.0
3,MR-009,2025-09-20 23:20:48,5,45,30.0
3,MR-009,2025-09-20 23:20:48,55,45,38.0
3,MR-009,2025-09-20 23:20:48,105,45,46.0
3,MR-009,2025-09-20 23:20:48,155,45,54.0
3,MR-009,2025-09-20 23:20:48,205,45,62.0
3,MG-008,2025-09-20 12:02:50,255,45,70.0
3,MG-008,2025-09-20 12:02:50,315,45,78.0
3,MG-008,2025-09-20 13:45:24,375,45,86.0
3,MG-008,2025-09-20 13:45:24,435,45,94.0
3,MG-008,2025-09-20 13:58:38,155,5,102.0
3,MG-008,2025-09-20 13:58:38,215,5,110.0
3,MG-008,2025-09-20 13:58:38,275,5,118.0
3,MG-008,2025-09-20 13:58:38,335,5,126.0
3,MG-008,2025-09-20 14:00:52,395,5,134.0
3,MG-008,2025-09-20 14:00:52,5,85,142.0
3,MG-008,2025-09-20 19:31:55,65,85,150.0
3,MG-008,2025-09-20 19:31:55,125,85,158.0
3,MG-008,2025-09-20 19:31:55,185,85,166.0
3,MG-008,2025-09-20 19:31:55,245,85,174.0
3,MG-008,2025-09-20 21:56:41,305,85,182.0
3,MG-008,2025-09-20 21:56:41,365,85,190.0
3,MG-008,2025-09-20 21:56:41,425,85,198.0
4,MG-008,2025-09-20 21:56:41,5,5,8.0
4,MG-008,2025-09-20 23:09:55,65,5,16.0
4,MG-008,2025-09-20 23:09:55,125,5,24.0
4,MG-008,2025-09-20 23:09:55,185,5,32.0
4,MG-008,2025-09-20 23:09:55,245,5,40.0
4,MG-008,2025-09-20 23:09:55,305,5,48.0
4,BR-178,2025-09-20 12:02:50,5,35,56.0
4,BR-178,2025-09-20 12:27:52,45,35,64.0
4,BR-178,2025-09-20 12:58:19,85,35,72.0
4,PL-025,2025-09-20 13:58:38,125,35,82.0
4,PL-025,2025-09-20 13:58:38,175,35,92.0
4,PL-025,2025-09-20 13:58:38,225,35,102.0
4,PL-025,2025-09-20 13:58:38,275,35,112.0
4,PL-025,2025-09-20 14:00:52,325,35,122.0
4,PL-025,2025-09-20 14:00:52,375,35,132.0
4,PL-025,2025-09-20 14:00:52,425,35,142.0
4,BR-178,2025-09-20 15:32:58,5,75,150.0
4,BR-178,2025-09-20 15:32:58,45,75,158.0
4,BR-178,2025-09-20 15:32:58,85,75,166.0
4,BR-178,2025-09-20 16:05:25,125,75,174.0
4,BR-178,2025-09-20 19:31:55,165,75,182.0
4,BR-178,2025-09-20 19:44:12,205,75,190.0
4,BR-178,2025-09-20 19:44:12,245,75,198.0
5,BR-178,2025-09-20 19:44:12,5,5,8.0
5,BR-178,2025-09-20 19:44:12,45,5,16.0
5,BR-178,2025-09-20 20:40:22,85,5,24.0
5,BR-178,2025-09-20 20:40:22,125,5,32.0
5,BR-178,2025-09-20 20:40:22,165,5,40.0
5,BR-178,2025-09-20 21:12:37,205,5,48.0
5,BR-178,2025-09-20 21:12:37,245,5,56.0
5,BR-178,2025-09-20 21:56:41,285,5,64.0
5,BR-178,2025-09-20 21:56:41,325,5,72.0
5,BR-178,2025-09-20 21:56:41,365,5,80.0
5,BR-178,2025-09-20 21:56:41,405,5,88.0
5,GK-874,2025-09-20 12:27:52,445,5,92.0
5,GK-874,2025-09-20 12:27:52,445,25,96.0
5,GK-874,2025-09-20 16:05:25,5,45,100.0
5,GK-874,2025-09-20 16:05:25,40,45,104.0
5,GK-874,2025-09-20 16:05:25,75,45,108.0
5,GK-874,2025-09-20 16:05:25,110,45,112.0
5,GK-874,2025-09-20 16:05:25,145,45,116.0
5,GK-874,2025-09-20 18:08:35,180,45,120.0
5,GK-874,2025-09-20 18:08:35,215,45,124.0
5,GK-874,2025-09-20 18:08:35,250,45,128.0
5,GK-874,2025-09-20 18:08:35,285,45,132.0
5,GK-874,2025-09-20 18:08:35,320,45,136.0
5,GK-874,2025-09-20 21:56:41,355,45,140.0
5,GK-874,2025-09-20 21:56:41,390,45,144.0
5,GK-874,2025-09-20 21:56:41,425,45,148.0
5,GK-874,2025-09-20 21:56:41,460,45,152.0
5,GT-243,2025-09-20 13:52:28,5,65,158.0
5,GT-243,2025-09-20 13:58:38,45,65,164.0
5,GT-243,2025-09-20 13:58:38,85,65,170.0
5,GT-243,2025-09-20 18:00:24,125,65,176.0
5,GT-243,2025-09-20 18:00:24,165,65,182.0
5,GT-243,2025-09-20 18:00:24,205,65,188.0
5,GT-243,2025-09-20 18:00:24,245,65,194.0
5,GT-243,2025-09-20 19:31:55,285,65,200.0
6,GT-243,2025-09-20 19:31:55,5,5,6.0
6,GT-243,2025-09-20 19:31:55,45,5,12.0
6,GT-243,2025-09-20 19:31:55,85,5,18.0
6,GT-243,2025-09-20 20:40:22,125,5,24.0
6,GT-243,2025-09-20 20:40:22,165,5,30.0
6,GT-243,2025-09-20 20:40:22,205,5,36.0
6,GT-243,2025-09-20 20:40:22,245,5,42.0
6,GT-243,2025-09-20 20:42:45,285,5,48.0
6,GT-243,2025-09-20 20:42:45,325,5,54.0
6,GT-243,2025-09-20 20:42:45,365,5,60.0
6,GT-243,2025-09-20 20:42:45,405,5,66.0
6,GT-243,2025-09-20 23:13:14,445,5,72.0
6,GT-243,2025-09-20 23:13:14,5,25,78.0
6,GT-243,2025-09-20 23:20:48,45,25,84.0
6,GT-243,2025-09-20 23:20:48,85,25,90.0
6,GT-243,2025-09-20 23:20:48,125,25,96.0
6,BP-896,2025-09-20 12:02:50,5,45,106.0
6,BP-896,2025-09-20 12:02:50,45,45,116.0
6,BP-896,2025-09-20 12:02:50,85,45,126.0
6,BP-896,2025-09-20 12:02:50,125,45,136.0
6,BP-896,2025-09-20 12:02:50,165,45,146.0
6,BP-896,2025-09-20 14:00:52,205,45,156.0
6,BP-896,2025-09-20 14:00:52,245,45,166.0
6,BP-896,2025-09-20 16:36:31,285,45,176.0
6,BP-896,2025-09-20 16:36:31,325,45,186.0
6,BP-896,2025-09-20 16:36:31,365,45,196.0
7,BP-896,2025-09-20 16:36:31,5,5,10.0
7,BP-896,2025-09-20 16:36:31,45,5,20.0
7,BP-896,2025-09-20 18:00:24,85,5,30.0
7,BP-896,2025-09-20 18:00:24,125,5,40.0
7,BP-896,2025-09-20 18:00:24,165,5,50.0
7,BP-896,2025-09-20 18:00:24,205,5,60.0
7,BP-896,2025-09-20 18:00:24,245,5,70.0
7,BP-896,2025-09-20 23:20:48,285,5,80.0
7,FL-643,2025-09-20 13:52:28,325,5,88.0
7,FL-643,2025-09-20 13:52:28,355,5,96.0
7,FL-643,2025-09-20 13:52:28,385,5,104.0
7,FL-643,2025-09-20 13:52:28,415,5,112.0
7,FL-643,2025-09-20 15:32:58,445,5,120.0
7,FL-643,2025-09-20 15:32:58,475,5,128.0
7,FL-643,2025-09-20 15:32:58,5,35,136.0
7,FL-643,2025-09-20 23:13:14,35,35,144.0
7,FL-643,2025-09-20 23:13:14,65,35,152.0
7,FL-643,2025-09-20 23:13:14,95,35,160.0
7,FL-643,2025-09-20 23:13:14,125,35,168.0
7,FL-643,2025-09-20 23:13:14,155,35,176.0
7,LV-337,2025-09-20 15:32:58,5,65,196.0
8,LV-337,2025-09-20 15:32:58,5,5,20.0
8,LV-337,2025-09-20 15:32:58,40,5,40.0
8,LV-337,2025-09-20 17:39:24,75,5,60.0
8,LV-337,2025-09-20 17:39:24,110,5,80.0
8,LV-337,2025-09-20 17:39:24,145,5,100.0
8,LV-337,2025-09-20 17:39:24,180,5,120.0
8,LV-337,2025-09-20 17:39:24,215,5,140.0
8,LV-337,2025-09-20 18:08:35,250,5,160.0
8,LV-337,2025-09-20 18:08:35,285,5,180.0
8,LV-337,2025-09-20 18:08:35,320,5,200.0
9,LV-337,2025-09-20 21:12:37,5,5,20.0
9,LV-337,2025-09-20 21:12:37,40,5,40.0
9,LV-337,2025-09-20 21:56:41,75,5,60.0
9,LV-337,2025-09-20 21:56:41,110,5,80.0
9,LV-337,2025-09-20 21:56:41,145,5,100.0
9,LV-337,2025-09-20 21:56:41,180,5,120.0
9,LV-337,2025-09-20 21:56:41,215,5,140.0
9,LV-337,2025-09-20 23:13:14,250,5,160.0
9,LV-337,2025-09-20 23:13:14,285,5,180.0
9,LV-337,2025-09-20 23:13:14,320,5,200.0
10,LV-337,2025-09-20 23:13:14,5,5,20.0
