1,MR-009,2025-09-16 00:44:54,0,0
1,MR-009,2025-09-16 00:44:54,50,0
1,MR-009,2025-09-16 00:44:54,100,0
1,MR-009,2025-09-16 00:44:54,150,0
1,MR-009,2025-09-16 01:40:17,200,0
1,MR-009,2025-09-16 01:40:17,250,0
1,MR-009,2025-09-16 01:40:17,300,0
1,MR-009,2025-09-16 01:40:17,350,0
1,PL-025,2025-09-16 02:59:03,400,0
1,MR-009,2025-09-16 03:15:28,450,0
1,MR-009,2025-09-16 03:15:28,0,40
1,MR-009,2025-09-16 03:15:28,50,40
1,MR-009,2025-09-16 03:15:28,100,40
1,MR-009,2025-09-16 03:15:28,150,40
1,MR-009,2025-09-16 06:32:46,200,40
1,MR-009,2025-09-16 06:32:46,250,40
1,MR-009,2025-09-16 06:32:46,300,40
1,MR-009,2025-09-16 06:32:46,350,40
1,PL-025,2025-09-16 08:21:25,400,40
1,PL-025,2025-09-16 08:21:25,450,40
1,PL-025,2025-09-16 08:21:25,0,80
1,PL-025,2025-09-16 08:21:25,50,80
1,MG-008,2025-09-16 00:04:19,100,80
2,MG-008,2025-09-16 00:04:19,0,0
2,MG-008,2025-09-16 00:04:19,60,0
2,MG-008,2025-09-16 00:04:19,120,0
2,MG-008,2025-09-16 00:04:19,180,0
2,MG-008,2025-09-16 04:29:40,240,0
2,MG-008,2025-09-16 04:29:40,300,0
2,MG-008,2025-09-16 04:29:40,360,0
2,MG-008,2025-09-16 05:39:53,420,0
2,MG-008,2025-09-16 06:24:02,0,30
2,MG-008,2025-09-16 06:24:02,60,30
2,MG-008,2025-09-16 06:24:02,120,30
2,MG-008,2025-09-16 06:24:02,180,30
2,MG-008,2025-09-16 08:21:25,240,30
2,MG-008,2025-09-16 08:21:25,300,30
2,MG-008,2025-09-16 08:21:25,360,30
2,MG-008,2025-09-16 08:28:57,420,30
2,MG-008,2025-09-16 08:28:57,0,60
2,MG-008,2025-09-16 08:28:57,60,60
1,AZ-011,2025-09-16 01:26:14,160,80
2,AZ-011,2025-09-16 01:26:14,120,60
2,AZ-011,2025-09-16 01:40:17,170,60
2,AZ-011,2025-09-16 02:59:03,220,60
2,AZ-011,2025-09-16 03:03:21,270,60
2,AZ-011,2025-09-16 03:03:21,320,60
2,AZ-011,2025-09-16 03:03:21,370,60
2,AZ-011,2025-09-16 03:13:05,420,60
2,AZ-011,2025-09-16 03:13:05,0,90
2,AZ-011,2025-09-16 03:13:05,50,90
3,AZ-011,2025-09-16 03:13:05,0,0
3,AZ-011,2025-09-16 03:13:05,50,0
3,AZ-011,2025-09-16 03:18:12,100,0
3,AZ-011,2025-09-16 03:18:12,150,0
3,AZ-011,2025-09-16 03:18:12,200,0
3,AZ-011,2025-09-16 03:18:12,250,0
3,AZ-011,2025-09-16 03:18:12,300,0
3,AZ-011,2025-09-16 06:24:02,350,0
3,AZ-011,2025-09-16 06:24:02,400,0
3,AZ-011,2025-09-16 10:19:12,450,0
3,AZ-011,2025-09-16 11:38:09,0,35
3,AZ-011,2025-09-16 11:38:09,50,35
3,BR-178,2025-09-16 01:21:50,100,35
3,BR-178,2025-09-16 01:21:50,140,35
3,BR-178,2025-09-16 03:18:12,180,35
3,BR-178,2025-09-16 03:18:12,220,35
3,BR-178,2025-09-16 03:18:12,260,35
3,BR-178,2025-09-16 06:39:51,300,35
3,BR-178,2025-09-16 06:39:51,340,35
3,BR-178,2025-09-16 06:39:51,380,35
3,BR-178,2025-09-16 06:39:51,420,35
3,BR-178,2025-09-16 06:39:51,460,35
3,FE-213,2025-09-16 01:21:50,0,70
2,PL-014,2025-09-16 01:40:17,100,95
3,FE-213,2025-09-16 01:40:17,50,70
3,FE-213,2025-09-16 01:40:17,100,75
3,FE-213,2025-09-16 01:40:17,150,75
3,FE-213,2025-09-16 01:40:17,200,75
3,FE-213,2025-09-16 02:59:03,250,75
3,PL-014,2025-09-16 03:13:05,300,75
3,PL-014,2025-09-16 03:13:05,350,75
3,FE-213,2025-09-16 03:18:12,400,75
4,FE-213,2025-09-16 03:18:12,0,0
4,FE-213,2025-09-16 03:18:12,50,0
3,PL-014,2025-09-16 03:18:12,450,75
4,FE-213,2025-09-16 06:24:02,100,0
4,FE-213,2025-09-16 06:32:46,150,0
4,FE-213,2025-09-16 06:32:46,200,0
4,FE-213,2025-09-16 06:39:51,250,0
4,PL-014,2025-09-16 07:13:10,300,0
4,PL-014,2025-09-16 07:13:10,350,0
4,PL-014,2025-09-16 07:13:10,400,0
4,PL-014,2025-09-16 07:13:10,450,0
4,PL-014,2025-09-16 07:13:10,0,30
4,FE-213,2025-09-16 07:40:07,50,30
4,FE-213,2025-09-16 07:40:07,100,30
4,FE-213,2025-09-16 07:40:07,150,30
4,FE-213,2025-09-16 08:28:57,200,30
4,FE-213,2025-09-16 08:28:57,250,30
4,FE-213,2025-09-16 08:28:57,300,30
4,FE-213,2025-09-16 09:25:50,350,30
4,FE-213,2025-09-16 09:25:50,400,30
4,FE-213,2025-09-16 09:25:50,450,30
4,FE-213,2025-09-16 10:19:12,0,60
4,DG-324,2025-09-16 00:04:19,50,60
4,DG-324,2025-09-16 00:04:19,85,60
4,DG-324,2025-09-16 00:04:19,120,60
4,DG-324,2025-09-16 00:04:19,155,60
4,DG-324,2025-09-16 00:04:19,190,60
4,LV-337,2025-09-16 00:04:19,225,60
4,LV-337,2025-09-16 00:04:19,260,60
4,LV-337,2025-09-16 00:04:19,295,60
5,LV-337,2025-09-16 00:04:19,0,0
5,LV-337,2025-09-16 00:44:54,35,0
5,LV-337,2025-09-16 00:44:54,70,0
5,LV-337,2025-09-16 00:44:54,105,0
5,LV-337,2025-09-16 00:44:54,140,0
5,LV-337,2025-09-16 00:44:54,175,0
5,LV-337,2025-09-16 01:21:50,210,0
5,LV-337,2025-09-16 01:21:50,245,0
5,LV-337,2025-09-16 01:26:14,280,0
4,DG-324,2025-09-16 01:26:14,330,60
4,DG-324,2025-09-16 01:26:14,365,60
4,DG-324,2025-09-16 03:13:05,400,60
5,DG-324,2025-09-16 03:13:05,315,0
5,DG-324,2025-09-16 03:13:05,350,0
5,DG-324,2025-09-16 03:13:05,385,0
6,LV-337,2025-09-16 03:15:28,0,0
6,LV-337,2025-09-16 03:15:28,35,0
5,DG-324,2025-09-16 04:29:40,420,0
5,DG-324,2025-09-16 04:29:40,455,0
6,DG-324,2025-09-16 04:29:40,70,0
6,LV-337,2025-09-16 06:39:51,105,0
6,LV-337,2025-09-16 06:39:51,140,0
6,LV-337,2025-09-16 06:39:51,175,0
6,LV-337,2025-09-16 07:13:10,210,0
6,LV-337,2025-09-16 07:13:10,245,0
6,LV-337,2025-09-16 07:13:10,280,0
6,DG-324,2025-09-16 08:21:25,315,0
6,DG-324,2025-09-16 08:21:25,350,0
6,DG-324,2025-09-16 08:21:25,385,0
6,DG-324,2025-09-16 08:21:25,420,0
6,DG-324,2025-09-16 09:25:50,455,0
6,DG-324,2025-09-16 09:25:50,0,35
6,DG-324,2025-09-16 09:25:50,35,35
6,DG-324,2025-09-16 09:25:50,70,35
6,DG-324,2025-09-16 09:25:50,105,35
7,DG-324,2025-09-16 11:38:09,0,0
7,DG-324,2025-09-16 11:38:09,35,0
7,DG-324,2025-09-16 11:38:09,70,0
7,DG-324,2025-09-16 11:38:09,105,0
7,PL-013,2025-09-16 01:40:17,140,0
7,PL-013,2025-09-16 01:40:17,180,0
7,PL-013,2025-09-16 01:40:17,220,0
7,PL-013,2025-09-16 01:40:17,260,0
7,BP-896,2025-09-16 02:59:03,300,0
7,BP-896,2025-09-16 02:59:03,340,0
7,BP-896,2025-09-16 02:59:03,380,0
7,BP-896,2025-09-16 02:59:03,420,0
7,BP-896,2025-09-16 02:59:03,460,0
7,PL-013,2025-09-16 03:03:21,140,30
7,PL-013,2025-09-16 03:03:21,180,30
7,PL-013,2025-09-16 03:03:21,220,30
7,PL-013,2025-09-16 03:03:21,260,30
7,PL-013,2025-09-16 03:13:05,300,30
7,PL-013,2025-09-16 03:13:05,340,30
7,PL-013,2025-09-16 04:29:40,380,30
7,PL-013,2025-09-16 04:29:40,420,30
7,PL-013,2025-09-16 04:29:40,460,30
7,PL-013,2025-09-16 04:29:40,0,35
7,PL-013,2025-09-16 04:29:40,40,35
7,BP-896,2025-09-16 05:39:53,80,35
7,PL-013,2025-09-16 07:13:10,120,60
7,PL-013,2025-09-16 07:13:10,160,60
7,PL-013,2025-09-16 07:13:10,200,60
7,PL-013,2025-09-16 07:13:10,240,60
7,PL-013,2025-09-16 07:13:10,280,60
7,BP-896,2025-09-16 10:19:12,320,60
7,BP-896,2025-09-16 10:19:12,360,60
7,BP-896,2025-09-16 10:19:12,400,60
7,BP-896,2025-09-16 10:19:12,440,60
8,BP-896,2025-09-16 10:19:12,0,0
4,WM-774,2025-09-16 00:04:19,435,60
7,WM-774,2025-09-16 00:04:19,0,65
7,WM-774,2025-09-16 00:04:19,30,65
8,WM-774,2025-09-16 01:21:50,40,0
8,WM-774,2025-09-16 01:21:50,70,0
8,WM-774,2025-09-16 01:21:50,100,0
8,WM-774,2025-09-16 01:21:50,130,0
8,WM-774,2025-09-16 01:21:50,160,0
8,WM-774,2025-09-16 01:26:14,190,0
8,WM-774,2025-09-16 01:26:14,220,0
8,WM-774,2025-09-16 01:26:14,250,0
8,WM-774,2025-09-16 02:59:03,280,0
8,FL-643,2025-09-16 03:15:28,310,0
8,FL-643,2025-09-16 03:15:28,340,0
8,FL-643,2025-09-16 03:15:28,370,0
8,FL-643,2025-09-16 05:39:53,400,0
8,FL-643,2025-09-16 05:39:53,430,0
8,FL-643,2025-09-16 05:39:53,460,0
8,WM-774,2025-09-16 06:24:02,0,30
8,FL-643,2025-09-16 07:40:07,30,30
8,WM-774,2025-09-16 08:21:25,60,30
8,WM-774,2025-09-16 08:21:25,90,30
8,WM-774,2025-09-16 08:21:25,120,30
8,WM-774,2025-09-16 08:21:25,150,30
8,WM-774,2025-09-16 08:21:25,180,30
8,WM-774,2025-09-16 09:25:50,210,30
8,WM-774,2025-09-16 09:25:50,240,30
8,WM-774,2025-09-16 09:25:50,270,30
8,WM-774,2025-09-16 09:25:50,300,30
8,WM-774,2025-09-16 09:25:50,330,30
8,WM-774,2025-09-16 10:19:12,360,30
8,WM-774,2025-09-16 10:19:12,390,30
8,WM-774,2025-09-16 10:19:12,420,30
8,WM-774,2025-09-16 10:19:12,450,30
8,FL-643,2025-09-16 10:19:12,0,60
8,FL-643,2025-09-16 10:19:12,30,60
8,FL-643,2025-09-16 10:19:12,60,60
8,FL-643,2025-09-16 10:19:12,90,60
8,FL-643,2025-09-16 10:19:12,120,60
8,FL-643,2025-09-16 11:38:09,150,60
8,FL-643,2025-09-16 11:38:09,180,60
8,FL-643,2025-09-16 11:38:09,210,60
8,FL-643,2025-09-16 11:38:09,240,60
8,FL-643,2025-09-16 11:38:09,270,60
8,GT-243,2025-09-16 00:44:54,300,60
9,GT-243,2025-09-16 00:44:54,0,0
9,GT-243,2025-09-16 00:44:54,40,0
9,GT-243,2025-09-16 00:44:54,80,0
9,GT-243,2025-09-16 00:44:54,120,0
9,GT-243,2025-09-16 03:03:21,160,0
9,GT-243,2025-09-16 03:03:21,200,0
9,GT-243,2025-09-16 05:39:53,240,0
9,GT-243,2025-09-16 05:39:53,280,0
9,GT-243,2025-09-16 05:39:53,320,0
9,GT-243,2025-09-16 05:39:53,360,0
9,GT-243,2025-09-16 05:39:53,400,0
9,GT-243,2025-09-16 06:32:46,440,0
9,GT-243,2025-09-16 06:32:46,0,20
9,GT-243,2025-09-16 07:40:07,40,20
9,GT-243,2025-09-16 07:40:07,80,20
9,GT-243,2025-09-16 07:40:07,120,20
9,GT-243,2025-09-16 07:40:07,160,20
9,GT-243,2025-09-16 07:40:07,200,20
9,GT-243,2025-09-16 08:28:57,240,20
9,GT-243,2025-09-16 08:28:57,280,20
9,GK-874,2025-09-16 03:03:21,320,20
9,GK-874,2025-09-16 03:03:21,355,20
9,GK-874,2025-09-16 03:03:21,390,20
9,GK-874,2025-09-16 03:03:21,425,20
9,GK-874,2025-09-16 03:03:21,460,20
9,GK-874,2025-09-16 03:15:28,0,40
9,GK-874,2025-09-16 03:15:28,35,40
9,GK-874,2025-09-16 05:39:53,70,40
9,GK-874,2025-09-16 05:39:53,105,40
9,GK-874,2025-09-16 06:32:46,140,40
9,GK-874,2025-09-16 06:39:51,175,40
9,GK-874,2025-09-16 06:39:51,210,40
9,GK-874,2025-09-16 06:39:51,245,40
9,GK-874,2025-09-16 06:39:51,280,40
9,GK-874,2025-09-16 06:39:51,315,40
9,GK-874,2025-09-16 08:28:57,350,40
9,GK-874,2025-09-16 11:38:09,385,40
9,GK-874,2025-09-16 11:38:09,420,40
9,GK-874,2025-09-16 11:38:09,455,40
9,GK-874,2025-09-16 11:38:09,0,60
10,GK-874,2025-09-16 11:38:09,0,0
1,PL-025,2025-09-16 12:09:43,0,0
1,MR-009,2025-09-16 13:04:10,50,0
1,MR-009,2025-09-16 13:04:10,100,0
1,MR-009,2025-09-16 13:04:10,150,0
1,MR-009,2025-09-16 13:04:10,200,0
1,MR-009,2025-09-16 13:34:13,250,0
1,MR-009,2025-09-16 13:34:13,300,0
1,MR-009,2025-09-16 13:34:13,350,0
1,PL-025,2025-09-16 14:08:12,400,0
1,PL-025,2025-09-16 14:08:12,450,0
1,PL-025,2025-09-16 14:08:12,0,40
1,PL-025,2025-09-16 14:08:12,50,40
1,PL-025,2025-09-16 14:08:12,100,40
1,PL-025,2025-09-16 14:36:00,150,40
1,PL-025,2025-09-16 14:36:00,200,40
1,PL-025,2025-09-16 14:36:00,250,40
1,PL-025,2025-09-16 14:36:00,300,40
1,PL-025,2025-09-16 16:27:39,350,40
1,PL-025,2025-09-16 16:27:39,400,40
1,PL-025,2025-09-16 16:27:39,450,40
1,PL-025,2025-09-16 16:27:39,0,80
2,MR-009,2025-09-16 16:49:13,0,0
2,MR-009,2025-09-16 16:49:13,50,0
2,MR-009,2025-09-16 16:49:13,100,0
2,MR-009,2025-09-16 16:49:13,150,0
2,PL-025,2025-09-16 19:07:42,200,0
2,PL-025,2025-09-16 19:07:42,250,0
2,MR-009,2025-09-16 21:20:00,300,0
2,PL-025,2025-09-16 22:04:42,350,0
2,PL-025,2025-09-16 22:04:42,400,0
2,PL-025,2025-09-16 22:04:42,450,0
2,PL-025,2025-09-16 22:04:42,0,40
2,PL-025,2025-09-16 22:04:42,50,40
2,MG-008,2025-09-16 13:04:10,100,40
2,MG-008,2025-09-16 13:40:27,160,40
2,MG-008,2025-09-16 13:40:27,220,40
2,MG-008,2025-09-16 14:56:29,280,40
2,MG-008,2025-09-16 15:06:35,340,40
2,MG-008,2025-09-16 15:06:35,400,40
2,MG-008,2025-09-16 15:06:35,100,70
2,MG-008,2025-09-16 15:06:35,160,70
2,MG-008,2025-09-16 15:06:35,220,70
2,MG-008,2025-09-16 21:20:00,280,70
2,MG-008,2025-09-16 21:20:00,340,70
3,MG-008,2025-09-16 21:20:00,0,0
3,MG-008,2025-09-16 21:20:00,60,0
3,MG-008,2025-09-16 21:34:41,120,0
3,MG-008,2025-09-16 21:34:41,180,0
3,AZ-011,2025-09-16 14:56:29,240,0
3,AZ-011,2025-09-16 14:56:29,290,0
3,AZ-011,2025-09-16 14:56:29,340,0
3,AZ-011,2025-09-16 21:59:19,390,0
3,AZ-011,2025-09-16 21:59:19,440,0
3,AZ-011,2025-09-16 21:59:19,0,30
3,BR-178,2025-09-16 13:04:10,50,30
3,BR-178,2025-09-16 13:04:10,90,30
3,BR-178,2025-09-16 14:56:29,130,30
3,BR-178,2025-09-16 19:07:42,170,30
3,BR-178,2025-09-16 19:07:42,210,35
3,BR-178,2025-09-16 19:07:42,250,35
3,BR-178,2025-09-16 19:07:42,290,35
3,BR-178,2025-09-16 19:07:42,330,35
3,BR-178,2025-09-16 21:03:34,370,35
3,BR-178,2025-09-16 21:03:34,410,35
3,BR-178,2025-09-16 21:03:34,450,35
3,BR-178,2025-09-16 21:03:34,0,65
3,BR-178,2025-09-16 22:21:59,40,70
3,BR-178,2025-09-16 22:21:59,80,70
3,BR-178,2025-09-16 23:21:10,120,70
3,BR-178,2025-09-16 23:21:10,160,70
1,PL-014,2025-09-16 12:09:43,50,80
4,FE-213,2025-09-16 13:04:10,0,0
4,FE-213,2025-09-16 13:04:10,50,0
4,FE-213,2025-09-16 13:04:10,100,0
4,FE-213,2025-09-16 13:04:10,150,0
4,FE-213,2025-09-16 13:34:13,200,0
4,FE-213,2025-09-16 13:34:13,250,0
4,FE-213,2025-09-16 14:08:12,300,0
4,FE-213,2025-09-16 14:08:12,350,0
4,FE-213,2025-09-16 14:08:12,400,0
4,FE-213,2025-09-16 14:23:10,450,0
4,FE-213,2025-09-16 14:23:10,0,30
4,FE-213,2025-09-16 14:23:10,50,30
4,FE-213,2025-09-16 14:23:10,100,30
4,FE-213,2025-09-16 14:23:10,150,30
1,PL-014,2025-09-16 14:23:10,100,80
2,PL-014,2025-09-16 14:23:10,400,70
3,PL-014,2025-09-16 14:23:10,200,75
3,PL-014,2025-09-16 14:23:10,250,75
4,FE-213,2025-09-16 20:39:38,200,30
4,FE-213,2025-09-16 20:39:38,250,30
4,FE-213,2025-09-16 20:39:38,300,30
4,FE-213,2025-09-16 20:39:38,350,30
4,PL-014,2025-09-16 21:20:00,400,30
4,FE-213,2025-09-16 21:34:41,450,30
4,FE-213,2025-09-16 21:34:41,0,60
4,FE-213,2025-09-16 21:34:41,50,60
4,FE-213,2025-09-16 21:34:41,100,60
4,FE-213,2025-09-16 21:34:41,150,60
4,FE-213,2025-09-16 22:04:42,200,60
4,FE-213,2025-09-16 22:04:42,250,60
4,FE-213,2025-09-16 22:04:42,300,60
4,PL-014,2025-09-16 22:21:59,350,60
4,PL-014,2025-09-16 22:21:59,400,60
4,PL-014,2025-09-16 22:21:59,450,60
4,PL-014,2025-09-16 22:21:59,0,90
4,PL-014,2025-09-16 22:21:59,50,90
4,FE-213,2025-09-16 22:21:59,100,90
4,FE-213,2025-09-16 22:21:59,150,90
4,FE-213,2025-09-16 22:21:59,200,90
4,FE-213,2025-09-16 22:21:59,250,90
4,FE-213,2025-09-16 23:21:10,300,90
5,FE-213,2025-09-16 23:21:10,0,0
5,FE-213,2025-09-16 23:21:10,50,0
5,FE-213,2025-09-16 23:21:10,100,0
5,DG-324,2025-09-16 13:34:13,150,0
5,DG-324,2025-09-16 13:34:13,185,0
5,DG-324,2025-09-16 13:34:13,220,0
5,DG-324,2025-09-16 13:34:13,255,0
5,DG-324,2025-09-16 13:34:13,290,0
5,DG-324,2025-09-16 13:40:27,325,0
5,DG-324,2025-09-16 13:40:27,360,0
5,DG-324,2025-09-16 13:40:27,395,0
5,DG-324,2025-09-16 13:40:27,430,0
5,LV-337,2025-09-16 14:08:12,465,0
5,LV-337,2025-09-16 14:36:00,0,30
5,LV-337,2025-09-16 14:36:00,35,30
5,LV-337,2025-09-16 14:36:00,70,30
5,DG-324,2025-09-16 14:36:00,105,30
5,DG-324,2025-09-16 14:36:00,140,35
5,LV-337,2025-09-16 14:56:29,175,35
5,DG-324,2025-09-16 15:06:35,210,35
5,DG-324,2025-09-16 16:49:13,245,35
5,LV-337,2025-09-16 19:07:42,280,35
6,LV-337,2025-09-16 19:07:42,0,0
6,LV-337,2025-09-16 20:39:38,35,0
6,LV-337,2025-09-16 20:39:38,70,0
5,DG-324,2025-09-16 20:39:38,315,35
5,DG-324,2025-09-16 21:34:41,350,35
6,DG-324,2025-09-16 21:34:41,105,0
6,DG-324,2025-09-16 21:34:41,140,0
6,DG-324,2025-09-16 21:34:41,175,0
6,DG-324,2025-09-16 22:04:42,210,0
6,LV-337,2025-09-16 22:21:59,245,0
6,LV-337,2025-09-16 22:21:59,280,0
6,LV-337,2025-09-16 22:21:59,315,0
6,LV-337,2025-09-16 22:21:59,350,0
6,LV-337,2025-09-16 23:21:10,385,0
6,LV-337,2025-09-16 23:21:10,420,0
6,PL-013,2025-09-16 13:04:10,455,0
7,PL-013,2025-09-16 13:04:10,0,0
7,BP-896,2025-09-16 13:34:13,40,0
7,BP-896,2025-09-16 13:34:13,80,0
7,BP-896,2025-09-16 13:40:27,120,0
7,BP-896,2025-09-16 13:40:27,160,0
7,BP-896,2025-09-16 15:06:35,200,0
7,BP-896,2025-09-16 15:06:35,240,0
7,BP-896,2025-09-16 15:06:35,280,0
7,BP-896,2025-09-16 15:06:35,320,0
7,BP-896,2025-09-16 16:49:13,360,0
7,BP-896,2025-09-16 16:49:13,400,0
7,BP-896,2025-09-16 16:49:13,440,0
7,BP-896,2025-09-16 19:07:42,0,30
7,BP-896,2025-09-16 19:07:42,40,30
7,BP-896,2025-09-16 19:07:42,80,30
7,PL-013,2025-09-16 20:39:38,120,30
7,PL-013,2025-09-16 20:39:38,160,30
7,PL-013,2025-09-16 20:39:38,200,30
7,PL-013,2025-09-16 20:39:38,240,30
7,PL-013,2025-09-16 20:39:38,280,30
7,PL-013,2025-09-16 21:03:34,320,30
7,PL-013,2025-09-16 21:03:34,360,30
7,PL-013,2025-09-16 21:03:34,400,30
7,PL-013,2025-09-16 21:03:34,440,30
7,PL-013,2025-09-16 21:03:34,0,60
7,BP-896,2025-09-16 21:34:41,40,60
8,BP-896,2025-09-16 21:34:41,0,0
8,BP-896,2025-09-16 21:59:19,40,0
8,BP-896,2025-09-16 21:59:19,80,0
7,PL-013,2025-09-16 22:04:42,80,60
8,PL-013,2025-09-16 22:04:42,120,0
8,FL-643,2025-09-16 12:09:43,160,0
8,FL-643,2025-09-16 12:09:43,190,0
8,FL-643,2025-09-16 12:09:43,220,0
4,WM-774,2025-09-16 14:23:10,350,90
5,WM-774,2025-09-16 14:23:10,385,35
7,WM-774,2025-09-16 14:23:10,120,60
8,WM-774,2025-09-16 14:23:10,250,0
8,WM-774,2025-09-16 14:23:10,280,0
8,WM-774,2025-09-16 14:56:29,310,0
8,WM-774,2025-09-16 14:56:29,340,0
8,WM-774,2025-09-16 14:56:29,370,0
8,WM-774,2025-09-16 14:56:29,400,0
8,WM-774,2025-09-16 14:56:29,430,0
8,WM-774,2025-09-16 16:27:39,460,0
8,WM-774,2025-09-16 16:27:39,0,30
8,FL-643,2025-09-16 20:39:38,30,30
8,FL-643,2025-09-16 20:39:38,60,30
8,FL-643,2025-09-16 20:39:38,90,30
8,FL-643,2025-09-16 20:39:38,120,30
8,FL-643,2025-09-16 21:03:34,150,30
8,FL-643,2025-09-16 21:34:41,180,30
8,FL-643,2025-09-16 21:34:41,210,30
8,GT-243,2025-09-16 13:40:27,240,30
8,GT-243,2025-09-16 13:40:27,280,30
8,GT-243,2025-09-16 22:21:59,320,30
8,GT-243,2025-09-16 22:21:59,360,30
8,GT-243,2025-09-16 22:21:59,400,30
8,GT-243,2025-09-16 22:21:59,440,30
8,GK-874,2025-09-16 13:40:27,240,50
8,GK-874,2025-09-16 13:40:27,275,50
8,GK-874,2025-09-16 13:40:27,310,50
8,GK-874,2025-09-16 13:40:27,345,50
8,GK-874,2025-09-16 16:27:39,380,50
8,GK-874,2025-09-16 16:27:39,415,50
8,GK-874,2025-09-16 16:27:39,450,50
8,GK-874,2025-09-16 21:59:19,0,60
1,MR-009,2025-09-17 02:48:44,0,0
1,MR-009,2025-09-17 02:48:44,50,0
1,PL-025,2025-09-17 04:15:10,100,0
1,PL-025,2025-09-17 04:15:10,150,0
1,PL-025,2025-09-17 04:15:10,200,0
1,PL-025,2025-09-17 04:44:20,250,0
1,PL-025,2025-09-17 04:44:20,300,0
1,PL-025,2025-09-17 04:44:20,350,0
1,PL-025,2025-09-17 04:44:20,400,0
1,MR-009,2025-09-17 04:44:20,450,0
1,MR-009,2025-09-17 04:44:20,0,40
1,MR-009,2025-09-17 05:11:22,50,40
1,PL-025,2025-09-17 05:12:20,100,40
1,PL-025,2025-09-17 05:12:20,150,40
1,PL-025,2025-09-17 05:12:20,200,40
1,PL-025,2025-09-17 07:19:22,250,40
1,PL-025,2025-09-17 07:19:22,300,40
1,MR-009,2025-09-17 07:23:21,350,40
1,MR-009,2025-09-17 07:23:21,400,40
1,MR-009,2025-09-17 07:23:21,450,40
1,PL-025,2025-09-17 10:31:29,0,80
2,PL-025,2025-09-17 10:31:29,0,0
2,PL-025,2025-09-17 10:31:29,50,0
2,MR-009,2025-09-17 11:46:58,100,0
2,MR-009,2025-09-17 11:46:58,150,0
2,MG-008,2025-09-17 01:13:10,200,0
2,MG-008,2025-09-17 01:13:10,260,0
2,MG-008,2025-09-17 01:23:30,320,0
2,MG-008,2025-09-17 02:07:00,380,0
2,MG-008,2025-09-17 04:44:20,440,0
2,MG-008,2025-09-17 04:44:20,200,30
2,MG-008,2025-09-17 04:44:20,260,30
2,MG-008,2025-09-17 04:44:20,320,30
2,MG-008,2025-09-17 05:11:22,380,30
2,MG-008,2025-09-17 05:11:22,440,30
2,MG-008,2025-09-17 05:11:22,0,40
2,MG-008,2025-09-17 05:11:22,60,40
2,MG-008,2025-09-17 05:11:22,120,40
2,MG-008,2025-09-17 05:31:26,180,60
2,MG-008,2025-09-17 05:31:26,240,60
2,MG-008,2025-09-17 05:31:26,300,60
2,MG-008,2025-09-17 05:31:26,360,60
2,MG-008,2025-09-17 11:25:15,420,60
2,MG-008,2025-09-17 11:25:18,0,70
2,MG-008,2025-09-17 11:25:18,60,70
3,MG-008,2025-09-17 11:25:18,0,0
3,MG-008,2025-09-17 11:25:18,60,0
3,MG-008,2025-09-17 11:25:18,120,0
1,AZ-011,2025-09-17 01:23:30,50,80
3,AZ-011,2025-09-17 01:23:30,180,0
3,AZ-011,2025-09-17 01:23:30,230,0
3,AZ-011,2025-09-17 01:23:30,280,0
3,AZ-011,2025-09-17 02:48:44,330,0
3,AZ-011,2025-09-17 02:48:44,380,0
3,AZ-011,2025-09-17 10:11:08,430,0
3,AZ-011,2025-09-17 10:11:08,0,30
3,AZ-011,2025-09-17 10:11:08,50,30
3,AZ-011,2025-09-17 10:11:08,100,30
3,AZ-011,2025-09-17 10:11:08,150,35
3,BR-178,2025-09-17 03:38:11,200,35
3,BR-178,2025-09-17 03:38:11,240,35
3,BR-178,2025-09-17 03:38:11,280,35
3,BR-178,2025-09-17 05:11:22,320,35
3,BR-178,2025-09-17 05:11:22,360,35
3,BR-178,2025-09-17 05:11:22,400,35
3,BR-178,2025-09-17 05:11:22,440,35
3,BR-178,2025-09-17 05:11:22,0,65
3,BR-178,2025-09-17 05:12:20,40,65
3,BR-178,2025-09-17 05:12:20,80,65
3,BR-178,2025-09-17 05:12:20,120,70
3,BR-178,2025-09-17 05:12:20,160,70
3,BR-178,2025-09-17 05:12:20,200,75
3,BR-178,2025-09-17 06:24:10,240,75
4,BR-178,2025-09-17 06:24:10,0,0
4,BR-178,2025-09-17 07:23:21,40,0
4,BR-178,2025-09-17 07:23:21,80,0
4,BR-178,2025-09-17 07:23:21,120,0
4,BR-178,2025-09-17 07:23:21,160,0
4,BR-178,2025-09-17 10:11:08,200,0
4,BR-178,2025-09-17 10:11:08,240,0
4,BR-178,2025-09-17 10:11:08,280,0
4,BR-178,2025-09-17 10:11:08,320,0
4,BR-178,2025-09-17 10:31:29,360,0
4,BR-178,2025-09-17 11:25:15,400,0
4,BR-178,2025-09-17 11:25:15,440,0
4,BR-178,2025-09-17 11:25:18,0,40
4,BR-178,2025-09-17 11:25:18,40,40
4,BR-178,2025-09-17 11:33:13,80,40
4,BR-178,2025-09-17 11:33:13,120,40
4,BR-178,2025-09-17 11:33:13,160,40
4,BR-178,2025-09-17 11:33:13,200,40
4,BR-178,2025-09-17 11:46:58,240,40
4,BR-178,2025-09-17 11:46:58,280,40
4,BR-178,2025-09-17 11:46:58,320,40
4,BR-178,2025-09-17 11:46:58,360,40
4,BR-178,2025-09-17 11:46:58,400,40
4,FE-213,2025-09-17 00:00:16,440,40
4,FE-213,2025-09-17 00:00:16,440,70
5,FE-213,2025-09-17 00:00:16,0,0
5,FE-213,2025-09-17 00:00:16,50,0
5,FE-213,2025-09-17 00:00:16,100,0
5,FE-213,2025-09-17 01:13:10,150,0
5,FE-213,2025-09-17 01:13:10,200,0
5,FE-213,2025-09-17 01:13:10,250,0
5,FE-213,2025-09-17 02:07:00,300,0
5,FE-213,2025-09-17 02:28:40,350,0
5,FE-213,2025-09-17 02:28:40,400,0
5,FE-213,2025-09-17 02:28:40,450,0
5,FE-213,2025-09-17 02:28:40,0,30
2,PL-014,2025-09-17 04:15:10,120,70
2,PL-014,2025-09-17 04:15:10,170,90
3,PL-014,2025-09-17 04:15:10,280,75
3,PL-014,2025-09-17 04:15:10,330,75
4,PL-014,2025-09-17 06:24:10,0,80
4,PL-014,2025-09-17 06:24:10,50,80
5,PL-014,2025-09-17 07:23:21,50,30
5,PL-014,2025-09-17 07:23:21,100,30
5,FE-213,2025-09-17 10:11:08,150,30
5,PL-014,2025-09-17 10:11:08,200,30
5,PL-014,2025-09-17 10:11:08,250,30
5,PL-014,2025-09-17 10:11:08,300,30
5,PL-014,2025-09-17 10:11:08,350,30
5,PL-014,2025-09-17 10:11:08,400,30
5,FE-213,2025-09-17 10:31:29,450,30
5,FE-213,2025-09-17 10:31:29,0,60
5,PL-014,2025-09-17 11:25:18,50,60
5,LV-337,2025-09-17 00:00:16,100,60
5,DG-324,2025-09-17 01:13:10,135,60
5,DG-324,2025-09-17 01:13:10,170,60
5,DG-324,2025-09-17 01:13:10,205,60
5,LV-337,2025-09-17 01:13:10,240,60
5,LV-337,2025-09-17 01:13:10,275,60
5,LV-337,2025-09-17 01:13:10,310,60
6,LV-337,2025-09-17 01:13:10,0,0
5,DG-324,2025-09-17 01:23:30,345,60
5,DG-324,2025-09-17 01:23:30,380,60
6,LV-337,2025-09-17 04:15:10,35,0
6,LV-337,2025-09-17 04:15:10,70,0
6,LV-337,2025-09-17 04:15:10,105,0
6,LV-337,2025-09-17 05:11:22,140,0
6,LV-337,2025-09-17 05:31:26,175,0
6,LV-337,2025-09-17 05:31:26,210,0
6,LV-337,2025-09-17 05:31:26,245,0
6,LV-337,2025-09-17 05:31:26,280,0
6,LV-337,2025-09-17 05:31:26,315,0
7,LV-337,2025-09-17 06:24:10,0,0
7,LV-337,2025-09-17 06:24:10,35,0
7,LV-337,2025-09-17 06:24:10,70,0
7,LV-337,2025-09-17 07:19:22,105,0
7,LV-337,2025-09-17 07:19:22,140,0
7,LV-337,2025-09-17 07:19:22,175,0
7,DG-324,2025-09-17 07:19:22,210,0
7,DG-324,2025-09-17 07:19:22,245,0
7,DG-324,2025-09-17 07:19:22,280,0
7,DG-324,2025-09-17 07:19:22,315,0
7,LV-337,2025-09-17 08:51:42,350,0
7,LV-337,2025-09-17 08:51:42,385,0
7,DG-324,2025-09-17 11:46:58,420,0
7,DG-324,2025-09-17 11:46:58,455,0
7,DG-324,2025-09-17 11:46:58,0,35
7,DG-324,2025-09-17 11:46:58,35,35
7,DG-324,2025-09-17 11:46:58,70,35
8,LV-337,2025-09-17 11:46:58,0,0
8,LV-337,2025-09-17 11:46:58,35,0
8,LV-337,2025-09-17 11:46:58,70,0
8,LV-337,2025-09-17 11:46:58,105,0
8,LV-337,2025-09-17 11:46:58,140,0
8,LV-337,2025-09-17 11:57:36,175,0
7,DG-324,2025-09-17 11:57:36,105,35
8,DG-324,2025-09-17 11:57:36,210,0
8,BP-896,2025-09-17 00:00:16,245,0
8,BP-896,2025-09-17 00:00:16,285,0
8,BP-896,2025-09-17 00:00:16,325,0
8,BP-896,2025-09-17 00:00:16,365,0
8,BP-896,2025-09-17 00:00:16,405,0
8,BP-896,2025-09-17 01:23:30,445,0
8,BP-896,2025-09-17 01:23:30,245,30
9,BP-896,2025-09-17 01:23:30,0,0
9,BP-896,2025-09-17 01:23:30,40,0
8,PL-013,2025-09-17 02:07:00,285,30
9,PL-013,2025-09-17 02:07:00,80,0
9,PL-013,2025-09-17 02:07:00,120,0
9,BP-896,2025-09-17 03:38:11,160,0
9,BP-896,2025-09-17 03:38:11,200,0
9,PL-013,2025-09-17 05:12:20,240,0
9,BP-896,2025-09-17 07:23:21,280,0
9,BP-896,2025-09-17 07:23:21,320,0
9,BP-896,2025-09-17 07:23:21,360,0
9,PL-013,2025-09-17 08:51:42,400,0
9,PL-013,2025-09-17 08:51:42,440,0
9,PL-013,2025-09-17 08:51:42,0,30
9,PL-013,2025-09-17 08:51:42,40,30
9,PL-013,2025-09-17 08:51:42,80,30
9,BP-896,2025-09-17 10:11:08,120,30
9,BP-896,2025-09-17 10:11:08,160,30
9,BP-896,2025-09-17 10:11:08,200,30
9,BP-896,2025-09-17 10:11:08,240,30
9,BP-896,2025-09-17 11:33:13,280,30
9,BP-896,2025-09-17 11:33:13,320,30
9,BP-896,2025-09-17 11:33:13,360,30
9,BP-896,2025-09-17 11:33:13,400,30
9,BP-896,2025-09-17 11:57:36,440,30
10,BP-896,2025-09-17 11:57:36,0,0
10,BP-896,2025-09-17 11:57:36,40,0
10,BP-896,2025-09-17 11:57:36,80,0
10,BP-896,2025-09-17 11:57:36,120,0
9,FL-643,2025-09-17 00:00:16,0,60
10,FL-643,2025-09-17 00:00:16,160,0
10,FL-643,2025-09-17 00:00:16,190,0
8,WM-774,2025-09-17 05:11:22,325,30
10,WM-774,2025-09-17 05:11:22,220,0
10,WM-774,2025-09-17 05:11:22,250,0
10,WM-774,2025-09-17 05:11:22,280,0
10,FL-643,2025-09-17 05:31:26,310,0
10,WM-774,2025-09-17 11:25:18,340,0
10,WM-774,2025-09-17 11:25:18,370,0
10,WM-774,2025-09-17 11:25:18,400,0
10,WM-774,2025-09-17 11:25:18,430,0
10,FL-643,2025-09-17 11:46:58,460,0
10,FL-643,2025-09-17 11:46:58,0,30
10,FL-643,2025-09-17 11:46:58,30,30
10,FL-643,2025-09-17 11:46:58,60,30
10,WM-774,2025-09-17 11:57:36,90,30
10,WM-774,2025-09-17 11:57:36,120,30
10,WM-774,2025-09-17 11:57:36,150,30
10,GT-243,2025-09-17 02:28:40,180,30
10,GT-243,2025-09-17 02:28:40,220,30
10,GT-243,2025-09-17 02:28:40,260,30
10,GT-243,2025-09-17 02:48:44,300,30
10,GT-243,2025-09-17 02:48:44,340,30
10,GT-243,2025-09-17 02:48:44,380,30
10,GT-243,2025-09-17 03:38:11,420,30
10,GT-243,2025-09-17 04:15:10,460,30
10,GT-243,2025-09-17 04:15:10,180,50
10,GT-243,2025-09-17 04:15:10,220,50
10,GT-243,2025-09-17 04:44:20,260,50
10,GT-243,2025-09-17 04:44:20,300,50
10,GT-243,2025-09-17 06:24:10,340,50
10,GT-243,2025-09-17 06:24:10,380,50
11,GT-243,2025-09-17 06:24:10,0,0
11,GT-243,2025-09-17 07:19:22,40,0
11,GT-243,2025-09-17 07:19:22,80,0
11,GT-243,2025-09-17 07:19:22,120,0
11,GT-243,2025-09-17 07:19:22,160,0
11,GT-243,2025-09-17 08:51:42,200,0
11,GT-243,2025-09-17 08:51:42,240,0
11,GT-243,2025-09-17 11:25:15,280,0
11,GK-874,2025-09-17 01:23:30,320,0
11,GK-874,2025-09-17 02:28:40,355,0
11,GK-874,2025-09-17 02:28:40,390,0
11,GK-874,2025-09-17 02:28:40,425,0
11,GK-874,2025-09-17 02:48:44,460,0
11,GK-874,2025-09-17 02:48:44,0,20
11,GK-874,2025-09-17 02:48:44,35,20
11,GK-874,2025-09-17 02:48:44,70,20
11,GK-874,2025-09-17 03:38:11,105,20
11,GK-874,2025-09-17 03:38:11,140,20
11,GK-874,2025-09-17 03:38:11,175,20
11,GK-874,2025-09-17 03:38:11,210,20
11,GK-874,2025-09-17 03:38:11,245,20
11,GK-874,2025-09-17 04:15:10,280,20
11,GK-874,2025-09-17 04:15:10,315,20
11,GK-874,2025-09-17 04:15:10,350,20
11,GK-874,2025-09-17 04:44:20,385,20
11,GK-874,2025-09-17 07:23:21,420,20
11,GK-874,2025-09-17 07:23:21,455,20
11,GK-874,2025-09-17 07:23:21,0,40
11,GK-874,2025-09-17 07:23:21,35,40
11,GK-874,2025-09-17 07:23:21,70,40
11,GK-874,2025-09-17 11:33:13,105,40
11,GK-874,2025-09-17 11:33:13,140,40
11,GK-874,2025-09-17 11:33:13,175,40
11,GK-874,2025-09-17 11:33:13,210,40
11,GK-874,2025-09-17 11:33:13,245,40
1,MR-009,2025-09-17 12:38:48,0,0
1,MR-009,2025-09-17 12:38:48,50,0
1,PL-025,2025-09-17 13:26:49,100,0
1,PL-025,2025-09-17 13:39:59,150,0
1,PL-025,2025-09-17 13:39:59,200,0
1,MR-009,2025-09-17 13:39:59,250,0
1,MR-009,2025-09-17 13:39:59,300,0
1,MR-009,2025-09-17 13:39:59,350,0
1,PL-025,2025-09-17 14:37:37,400,0
1,PL-025,2025-09-17 14:37:37,450,0
1,PL-025,2025-09-17 14:37:37,0,40
1,MR-009,2025-09-17 14:42:15,50,40
1,MR-009,2025-09-17 14:42:15,100,40
1,PL-025,2025-09-17 14:42:15,150,40
1,PL-025,2025-09-17 14:42:15,200,40
1,MR-009,2025-09-17 15:01:29,250,40
1,MR-009,2025-09-17 15:01:29,300,40
1,MR-009,2025-09-17 15:01:29,350,40
1,MR-009,2025-09-17 15:01:29,400,40
1,PL-025,2025-09-17 15:03:30,450,40
1,PL-025,2025-09-17 15:03:30,0,80
1,PL-025,2025-09-17 15:41:53,50,80
2,PL-025,2025-09-17 15:41:53,0,0
2,PL-025,2025-09-17 15:41:53,50,0
2,PL-025,2025-09-17 15:41:53,100,0
2,PL-025,2025-09-17 15:41:53,150,0
2,MR-009,2025-09-17 16:16:22,200,0
2,MR-009,2025-09-17 16:16:22,250,0
2,PL-025,2025-09-17 16:16:22,300,0
2,PL-025,2025-09-17 16:16:22,350,0
2,PL-025,2025-09-17 16:16:22,400,0
2,MR-009,2025-09-17 18:34:24,450,0
2,MR-009,2025-09-17 18:34:24,0,40
2,PL-025,2025-09-17 20:07:25,50,40
2,PL-025,2025-09-17 20:07:25,100,40
2,PL-025,2025-09-17 20:07:25,150,40
2,PL-025,2025-09-17 20:07:25,200,40
2,PL-025,2025-09-17 20:07:25,250,40
2,PL-025,2025-09-17 22:08:08,300,40
2,PL-025,2025-09-17 22:08:08,350,40
2,PL-025,2025-09-17 22:08:08,400,40
2,PL-025,2025-09-17 23:23:53,450,40
3,PL-025,2025-09-17 23:23:53,0,0
3,PL-025,2025-09-17 23:23:53,50,0
3,PL-025,2025-09-17 23:23:53,100,0
3,PL-025,2025-09-17 23:23:53,150,0
2,MG-008,2025-09-17 12:06:05,0,80
3,MG-008,2025-09-17 12:06:05,200,0
3,MG-008,2025-09-17 13:39:59,260,0
3,MG-008,2025-09-17 13:39:59,320,0
3,MG-008,2025-09-17 14:54:08,380,0
3,MG-008,2025-09-17 14:54:08,440,0
3,MG-008,2025-09-17 14:54:08,200,30
3,MG-008,2025-09-17 14:54:08,260,30
3,MG-008,2025-09-17 15:09:38,320,30
3,MG-008,2025-09-17 15:09:38,380,30
3,MG-008,2025-09-17 16:08:52,440,30
3,MG-008,2025-09-17 16:08:52,0,40
3,MG-008,2025-09-17 16:08:52,60,40
3,MG-008,2025-09-17 16:08:52,120,40
3,MG-008,2025-09-17 19:33:09,180,60
3,MG-008,2025-09-17 19:33:09,240,60
3,MG-008,2025-09-17 20:15:42,300,60
3,MG-008,2025-09-17 23:23:53,360,60
3,AZ-011,2025-09-17 14:37:37,420,60
3,AZ-011,2025-09-17 14:37:37,0,70
3,AZ-011,2025-09-17 14:37:37,50,70
3,AZ-011,2025-09-17 14:37:37,100,70
4,AZ-011,2025-09-17 15:09:38,0,0
4,AZ-011,2025-09-17 20:39:18,50,0
4,AZ-011,2025-09-17 20:39:18,100,0
4,AZ-011,2025-09-17 22:08:08,150,0
4,BR-178,2025-09-17 12:06:05,200,0
4,BR-178,2025-09-17 12:06:05,240,0
4,BR-178,2025-09-17 12:06:05,280,0
4,BR-178,2025-09-17 12:06:05,320,0
4,BR-178,2025-09-17 12:38:48,360,0
4,BR-178,2025-09-17 14:54:08,400,0
4,BR-178,2025-09-17 14:54:08,440,0
4,BR-178,2025-09-17 14:54:08,0,35
4,BR-178,2025-09-17 14:54:08,40,35
4,BR-178,2025-09-17 15:09:38,80,35
4,BR-178,2025-09-17 15:09:38,120,35
4,BR-178,2025-09-17 15:09:38,160,35
4,BR-178,2025-09-17 15:09:38,200,40
4,BR-178,2025-09-17 16:08:52,240,40
4,BR-178,2025-09-17 16:08:52,280,40
4,BR-178,2025-09-17 16:08:52,320,40
4,BR-178,2025-09-17 16:16:22,360,40
4,BR-178,2025-09-17 16:16:22,400,40
4,BR-178,2025-09-17 16:16:22,440,40
1,PL-014,2025-09-17 13:26:49,100,80
4,PL-014,2025-09-17 13:26:49,0,75
4,PL-014,2025-09-17 13:26:49,50,75
4,PL-014,2025-09-17 13:26:49,100,75
4,PL-014,2025-09-17 13:26:49,150,75
4,FE-213,2025-09-17 13:26:49,200,80
4,FE-213,2025-09-17 13:26:49,250,80
5,FE-213,2025-09-17 13:26:49,0,0
4,PL-014,2025-09-17 14:32:28,300,80
4,PL-014,2025-09-17 14:32:28,350,80
5,PL-014,2025-09-17 14:32:28,50,0
5,FE-213,2025-09-17 15:03:30,100,0
5,FE-213,2025-09-17 15:03:30,150,0
5,PL-014,2025-09-17 17:48:47,200,0
5,PL-014,2025-09-17 19:33:09,250,0
5,PL-014,2025-09-17 19:33:09,300,0
5,PL-014,2025-09-17 20:15:42,350,0
5,PL-014,2025-09-17 20:15:42,400,0
5,PL-014,2025-09-17 20:15:42,450,0
5,PL-014,2025-09-17 20:39:18,0,30
5,PL-014,2025-09-17 20:39:18,50,30
5,PL-014,2025-09-17 20:39:18,100,30
5,PL-014,2025-09-17 20:39:18,150,30
5,FE-213,2025-09-17 22:08:08,200,30
5,PL-014,2025-09-17 23:23:53,250,30
5,PL-014,2025-09-17 23:23:53,300,30
5,DG-324,2025-09-17 12:38:48,350,30
5,DG-324,2025-09-17 12:38:48,385,30
5,DG-324,2025-09-17 13:26:49,420,30
5,DG-324,2025-09-17 13:26:49,455,30
5,DG-324,2025-09-17 14:02:13,0,60
5,DG-324,2025-09-17 14:02:13,35,60
5,DG-324,2025-09-17 14:02:13,70,60
5,DG-324,2025-09-17 14:02:13,105,60
5,LV-337,2025-09-17 14:02:13,140,60
5,LV-337,2025-09-17 14:02:13,175,60
5,LV-337,2025-09-17 14:02:13,210,60
5,LV-337,2025-09-17 14:02:13,245,60
5,LV-337,2025-09-17 14:02:13,280,60
5,DG-324,2025-09-17 14:42:15,315,60
5,DG-324,2025-09-17 14:42:15,350,65
5,DG-324,2025-09-17 14:42:15,385,65
5,DG-324,2025-09-17 14:54:08,420,65
6,DG-324,2025-09-17 14:54:08,0,0
6,LV-337,2025-09-17 16:08:52,35,0
6,LV-337,2025-09-17 16:08:52,70,0
6,LV-337,2025-09-17 16:08:52,105,0
6,LV-337,2025-09-17 16:08:52,140,0
6,LV-337,2025-09-17 16:08:52,175,0
6,LV-337,2025-09-17 17:48:47,210,0
6,LV-337,2025-09-17 17:48:47,245,0
6,LV-337,2025-09-17 17:48:47,280,0
6,LV-337,2025-09-17 17:48:47,315,0
7,LV-337,2025-09-17 17:48:47,0,0
6,DG-324,2025-09-17 20:19:26,350,0
6,DG-324,2025-09-17 20:19:26,385,0
6,DG-324,2025-09-17 20:19:26,420,0
6,DG-324,2025-09-17 20:19:26,455,0
7,DG-324,2025-09-17 20:19:26,35,0
7,LV-337,2025-09-17 20:39:18,70,0
7,LV-337,2025-09-17 20:39:18,105,0
7,LV-337,2025-09-17 20:39:18,140,0
7,LV-337,2025-09-17 20:39:18,175,0
7,LV-337,2025-09-17 20:39:18,210,0
7,BP-896,2025-09-17 12:06:05,245,0
7,BP-896,2025-09-17 12:06:05,285,0
7,BP-896,2025-09-17 12:06:05,325,0
7,PL-013,2025-09-17 14:32:28,365,0
7,PL-013,2025-09-17 14:42:15,405,0
7,PL-013,2025-09-17 14:42:15,445,0
7,PL-013,2025-09-17 14:42:15,245,30
7,PL-013,2025-09-17 15:01:29,285,30
7,PL-013,2025-09-17 15:01:29,325,30
7,BP-896,2025-09-17 15:01:29,365,30
7,BP-896,2025-09-17 15:01:29,405,30
8,BP-896,2025-09-17 15:03:30,0,0
8,BP-896,2025-09-17 15:03:30,40,0
8,BP-896,2025-09-17 15:41:53,80,0
8,BP-896,2025-09-17 15:41:53,120,0
8,BP-896,2025-09-17 18:34:24,160,0
8,PL-013,2025-09-17 18:34:24,200,0
8,PL-013,2025-09-17 18:34:24,240,0
8,PL-013,2025-09-17 18:34:24,280,0
8,PL-013,2025-09-17 18:34:24,320,0
8,PL-013,2025-09-17 18:34:24,360,0
8,BP-896,2025-09-17 19:33:09,400,0
8,BP-896,2025-09-17 19:33:09,440,0
8,BP-896,2025-09-17 19:33:09,0,30
8,BP-896,2025-09-17 19:33:09,40,30
8,BP-896,2025-09-17 20:15:42,80,30
8,BP-896,2025-09-17 20:15:42,120,30
8,BP-896,2025-09-17 20:15:42,160,30
8,BP-896,2025-09-17 20:15:42,200,30
8,BP-896,2025-09-17 20:58:44,240,30
8,BP-896,2025-09-17 20:58:44,280,30
8,BP-896,2025-09-17 20:58:44,320,30
8,BP-896,2025-09-17 20:58:44,360,30
8,BP-896,2025-09-17 20:58:44,400,30
9,FL-643,2025-09-17 12:38:48,0,0
9,FL-643,2025-09-17 13:39:59,30,0
9,FL-643,2025-09-17 13:39:59,60,0
9,FL-643,2025-09-17 13:39:59,90,0
9,FL-643,2025-09-17 13:39:59,120,0
9,FL-643,2025-09-17 13:39:59,150,0
9,FL-643,2025-09-17 14:02:13,180,0
5,WM-774,2025-09-17 14:37:37,455,65
7,WM-774,2025-09-17 14:37:37,445,30
9,WM-774,2025-09-17 14:37:37,210,0
9,FL-643,2025-09-17 14:37:37,240,0
9,FL-643,2025-09-17 14:37:37,270,0
9,FL-643,2025-09-17 14:37:37,300,0
9,FL-643,2025-09-17 14:37:37,330,0
9,FL-643,2025-09-17 14:37:37,360,0
9,FL-643,2025-09-17 14:42:15,390,0
9,FL-643,2025-09-17 15:01:29,420,0
9,WM-774,2025-09-17 16:16:22,450,0
9,WM-774,2025-09-17 16:16:22,0,30
9,WM-774,2025-09-17 16:16:22,30,30
9,WM-774,2025-09-17 16:16:22,60,30
9,FL-643,2025-09-17 17:48:47,90,30
9,FL-643,2025-09-17 17:48:47,120,30
9,FL-643,2025-09-17 17:48:47,150,30
9,WM-774,2025-09-17 18:34:24,180,30
9,WM-774,2025-09-17 18:34:24,210,30
9,WM-774,2025-09-17 18:34:24,240,30
9,WM-774,2025-09-17 18:34:24,270,30
9,WM-774,2025-09-17 20:15:42,300,30
9,WM-774,2025-09-17 20:15:42,330,30
9,WM-774,2025-09-17 20:19:26,360,30
9,WM-774,2025-09-17 20:19:26,390,30
9,WM-774,2025-09-17 20:39:18,420,30
9,WM-774,2025-09-17 20:39:18,450,30
9,FL-643,2025-09-17 20:39:18,0,60
9,FL-643,2025-09-17 20:39:18,30,60
9,FL-643,2025-09-17 20:39:18,60,60
9,FL-643,2025-09-17 20:58:44,90,60
10,FL-643,2025-09-17 23:23:53,0,0
10,FL-643,2025-09-17 23:23:53,30,0
10,FL-643,2025-09-17 23:23:53,60,0
10,FL-643,2025-09-17 23:23:53,90,0
10,FL-643,2025-09-17 23:23:53,120,0
10,GT-243,2025-09-17 12:06:05,150,0
10,GT-243,2025-09-17 12:06:05,190,0
10,GT-243,2025-09-17 14:54:08,230,0
10,GT-243,2025-09-17 14:54:08,270,0
10,GT-243,2025-09-17 14:54:08,310,0
10,GT-243,2025-09-17 16:08:52,350,0
10,GT-243,2025-09-17 16:08:52,390,0
10,GT-243,2025-09-17 16:08:52,430,0
10,GT-243,2025-09-17 16:08:52,150,20
10,GT-243,2025-09-17 17:48:47,190,20
10,GT-243,2025-09-17 17:48:47,230,20
10,GT-243,2025-09-17 17:48:47,270,20
10,GT-243,2025-09-17 19:33:09,310,20
10,GT-243,2025-09-17 19:33:09,350,20
10,GT-243,2025-09-17 19:33:09,390,20
10,GT-243,2025-09-17 20:07:25,430,20
10,GT-243,2025-09-17 20:07:25,0,30
10,GT-243,2025-09-17 20:07:25,40,30
10,GT-243,2025-09-17 20:19:26,80,30
10,GT-243,2025-09-17 20:19:26,120,40
10,GT-243,2025-09-17 20:19:26,160,40
10,GT-243,2025-09-17 20:19:26,200,40
10,GT-243,2025-09-17 20:58:44,240,40
10,GT-243,2025-09-17 20:58:44,280,40
10,GT-243,2025-09-17 20:58:44,320,40
10,GT-243,2025-09-17 20:58:44,360,40
11,GT-243,2025-09-17 20:58:44,0,0
10,GK-874,2025-09-17 12:06:05,400,40
11,GK-874,2025-09-17 12:06:05,40,0
11,GK-874,2025-09-17 12:38:48,75,0
11,GK-874,2025-09-17 12:38:48,110,0
11,GK-874,2025-09-17 12:38:48,145,0
11,GK-874,2025-09-17 12:38:48,180,0
11,GK-874,2025-09-17 14:32:28,215,0
11,GK-874,2025-09-17 14:32:28,250,0
11,GK-874,2025-09-17 14:32:28,285,0
11,GK-874,2025-09-17 14:32:28,320,0
11,GK-874,2025-09-17 15:01:29,355,0
11,GK-874,2025-09-17 15:03:30,390,0
11,GK-874,2025-09-17 15:03:30,425,0
11,GK-874,2025-09-17 15:03:30,460,0
11,GK-874,2025-09-17 15:03:30,0,20
11,GK-874,2025-09-17 15:41:53,35,20
11,GK-874,2025-09-17 15:41:53,70,20
11,GK-874,2025-09-17 15:41:53,105,20
11,GK-874,2025-09-17 15:41:53,140,20
11,GK-874,2025-09-17 20:07:25,175,20
11,GK-874,2025-09-17 20:07:25,210,20
11,GK-874,2025-09-17 20:07:25,245,20
11,GK-874,2025-09-17 20:07:25,280,20
11,GK-874,2025-09-17 20:07:25,315,20
11,GK-874,2025-09-17 20:15:42,350,20
11,GK-874,2025-09-17 20:15:42,385,20
11,GK-874,2025-09-17 20:15:42,420,20
11,GK-874,2025-09-17 20:15:42,455,20
11,GK-874,2025-09-17 20:58:44,0,40
11,GK-874,2025-09-17 20:58:44,35,40
11,GK-874,2025-09-17 22:08:08,70,40
1,MR-009,2025-09-18 00:43:29,0,0
1,MR-009,2025-09-18 00:43:29,50,0
1,PL-025,2025-09-18 01:14:23,100,0
1,PL-025,2025-09-18 01:14:23,150,0
1,PL-025,2025-09-18 01:14:23,200,0
1,PL-025,2025-09-18 01:14:23,250,0
1,MR-009,2025-09-18 01:55:23,300,0
1,MR-009,2025-09-18 01:55:23,350,0
1,MR-009,2025-09-18 01:55:23,400,0
1,PL-025,2025-09-18 01:55:23,450,0
1,PL-025,2025-09-18 01:55:23,0,40
1,PL-025,2025-09-18 01:55:23,50,40
1,PL-025,2025-09-18 01:55:23,100,40
1,PL-025,2025-09-18 01:55:23,150,40
1,MR-009,2025-09-18 01:56:05,200,40
1,MR-009,2025-09-18 01:56:05,250,40
1,MR-009,2025-09-18 01:56:05,300,40
1,MR-009,2025-09-18 01:56:05,350,40
1,MR-009,2025-09-18 01:56:05,400,40
1,PL-025,2025-09-18 01:56:05,450,40
1,PL-025,2025-09-18 01:56:05,0,80
1,PL-025,2025-09-18 05:02:03,50,80
2,PL-025,2025-09-18 05:02:03,0,0
2,PL-025,2025-09-18 05:02:03,50,0
2,MG-008,2025-09-18 01:32:11,100,0
2,MG-008,2025-09-18 01:32:11,160,0
2,MG-008,2025-09-18 01:32:11,220,0
2,MG-008,2025-09-18 01:32:11,280,0
2,MG-008,2025-09-18 01:32:11,340,0
2,MG-008,2025-09-18 01:32:55,400,0
2,MG-008,2025-09-18 01:32:55,100,30
2,MG-008,2025-09-18 01:32:55,160,30
2,MG-008,2025-09-18 01:56:05,220,30
2,MG-008,2025-09-18 02:08:10,280,30
2,MG-008,2025-09-18 02:08:10,340,30
2,MG-008,2025-09-18 02:08:10,400,30
2,MG-008,2025-09-18 02:08:10,0,40
2,MG-008,2025-09-18 02:08:10,60,60
2,MG-008,2025-09-18 03:24:14,120,60
2,MG-008,2025-09-18 03:24:14,180,60
2,MG-008,2025-09-18 05:02:03,240,60
2,MG-008,2025-09-18 06:06:20,300,60
2,MG-008,2025-09-18 06:06:20,360,60
2,MG-008,2025-09-18 06:06:20,420,60
2,MG-008,2025-09-18 06:06:20,0,70
2,MG-008,2025-09-18 06:06:20,60,90
3,MG-008,2025-09-18 09:17:52,0,0
3,MG-008,2025-09-18 09:17:52,60,0
3,MG-008,2025-09-18 09:17:52,120,0
3,MG-008,2025-09-18 09:17:52,180,0
3,AZ-011,2025-09-18 01:55:23,240,0
3,AZ-011,2025-09-18 01:55:23,290,0
3,AZ-011,2025-09-18 03:24:14,340,0
3,AZ-011,2025-09-18 03:24:14,390,0
3,BR-178,2025-09-18 00:45:31,440,0
3,BR-178,2025-09-18 00:45:31,0,30
3,BR-178,2025-09-18 00:45:31,40,30
3,BR-178,2025-09-18 00:45:31,80,30
3,BR-178,2025-09-18 00:45:31,120,30
3,BR-178,2025-09-18 01:57:14,160,30
3,BR-178,2025-09-18 01:57:14,200,30
3,FE-213,2025-09-18 00:45:31,240,35
3,FE-213,2025-09-18 00:45:31,290,35
3,FE-213,2025-09-18 00:45:31,340,35
3,FE-213,2025-09-18 00:45:31,390,35
2,PL-014,2025-09-18 01:14:23,120,90
2,PL-014,2025-09-18 01:14:23,170,90
3,PL-014,2025-09-18 01:14:23,440,40
3,PL-014,2025-09-18 01:14:23,240,65
3,PL-014,2025-09-18 01:32:11,290,65
3,PL-014,2025-09-18 01:32:11,340,65
3,PL-014,2025-09-18 01:32:11,390,65
3,PL-014,2025-09-18 01:32:11,0,70
3,PL-014,2025-09-18 01:32:11,50,70
3,PL-014,2025-09-18 01:55:23,100,70
3,PL-014,2025-09-18 01:55:23,150,70
3,PL-014,2025-09-18 01:55:23,440,70
3,FE-213,2025-09-18 01:55:23,200,95
3,FE-213,2025-09-18 01:55:23,250,95
3,FE-213,2025-09-18 01:55:23,300,95
3,FE-213,2025-09-18 01:55:23,350,95
3,FE-213,2025-09-18 01:55:23,0,100
3,PL-014,2025-09-18 01:57:14,50,100
3,PL-014,2025-09-18 02:08:10,100,100
3,PL-014,2025-09-18 02:08:10,150,100
3,FE-213,2025-09-18 03:24:14,400,100
4,FE-213,2025-09-18 03:24:14,0,0
4,FE-213,2025-09-18 03:24:14,50,0
4,FE-213,2025-09-18 03:24:14,100,0
4,FE-213,2025-09-18 03:24:14,150,0
4,DG-324,2025-09-18 01:56:05,200,0
4,DG-324,2025-09-18 01:56:05,235,0
4,DG-324,2025-09-18 03:24:14,270,0
4,DG-324,2025-09-18 05:02:03,305,0
4,DG-324,2025-09-18 05:02:03,340,0
4,DG-324,2025-09-18 05:02:03,375,0
4,DG-324,2025-09-18 05:02:03,410,0
4,DG-324,2025-09-18 07:21:43,445,0
4,DG-324,2025-09-18 07:21:43,0,30
4,DG-324,2025-09-18 07:21:43,35,30
4,DG-324,2025-09-18 07:21:43,70,30
4,DG-324,2025-09-18 07:21:43,105,30
4,DG-324,2025-09-18 09:17:52,140,30
4,DG-324,2025-09-18 09:17:52,175,35
4,PL-013,2025-09-18 01:56:05,210,35
4,PL-013,2025-09-18 01:56:05,250,35
4,PL-013,2025-09-18 05:02:03,290,35
4,BP-896,2025-09-18 06:06:20,330,35
4,BP-896,2025-09-18 06:06:20,370,35
4,BP-896,2025-09-18 06:06:20,410,35
4,BP-896,2025-09-18 06:06:20,450,35
4,BP-896,2025-09-18 09:17:52,0,65
4,BP-896,2025-09-18 09:17:52,40,65
4,BP-896,2025-09-18 09:17:52,80,65
4,FL-643,2025-09-18 00:43:29,120,65
4,FL-643,2025-09-18 00:43:29,210,65
4,FL-643,2025-09-18 00:43:29,240,65
4,FL-643,2025-09-18 00:43:29,270,65
5,FL-643,2025-09-18 00:43:29,0,0
3,WM-774,2025-09-18 00:45:31,450,100
5,FL-643,2025-09-18 01:32:11,30,0
5,FL-643,2025-09-18 01:32:11,60,0
5,FL-643,2025-09-18 01:32:11,90,0
5,FL-643,2025-09-18 01:32:11,120,0
5,FL-643,2025-09-18 01:32:11,150,0
5,FL-643,2025-09-18 01:32:55,180,0
5,FL-643,2025-09-18 01:32:55,210,0
5,FL-643,2025-09-18 01:32:55,240,0
5,FL-643,2025-09-18 05:02:03,270,0
5,FL-643,2025-09-18 05:02:03,300,0
5,FL-643,2025-09-18 05:02:03,330,0
5,FL-643,2025-09-18 05:02:03,360,0
5,FL-643,2025-09-18 07:21:43,390,0
5,FL-643,2025-09-18 07:21:43,420,0
5,FL-643,2025-09-18 07:21:43,450,0
4,WM-774,2025-09-18 07:21:43,300,65
4,WM-774,2025-09-18 07:21:43,330,65
4,WM-774,2025-09-18 07:21:43,360,65
5,WM-774,2025-09-18 09:17:52,0,30
5,WM-774,2025-09-18 09:17:52,30,30
5,WM-774,2025-09-18 09:17:52,60,30
5,GT-243,2025-09-18 00:43:29,90,30
5,GT-243,2025-09-18 01:32:55,130,30
5,GT-243,2025-09-18 01:32:55,170,30
5,GT-243,2025-09-18 01:32:55,210,30
5,GT-243,2025-09-18 01:57:14,250,30
5,GT-243,2025-09-18 01:57:14,290,30
5,GT-243,2025-09-18 01:57:14,330,30
5,GT-243,2025-09-18 01:57:14,370,30
5,GT-243,2025-09-18 01:57:14,410,30
5,GT-243,2025-09-18 06:06:20,450,30
5,GT-243,2025-09-18 06:06:20,90,50
6,GT-243,2025-09-18 06:06:20,0,0
6,GK-874,2025-09-18 00:45:31,40,0
6,GK-874,2025-09-18 00:45:31,75,0
6,GK-874,2025-09-18 00:45:31,110,0
6,GK-874,2025-09-18 01:14:23,145,0
6,GK-874,2025-09-18 01:14:23,180,0
6,GK-874,2025-09-18 01:14:23,215,0
6,GK-874,2025-09-18 01:14:23,250,0
6,GK-874,2025-09-18 01:57:14,285,0
6,GK-874,2025-09-18 01:57:14,320,0
6,GK-874,2025-09-18 02:08:10,355,0
6,GK-874,2025-09-18 03:24:14,390,0
6,GK-874,2025-09-18 03:24:14,425,0
6,GK-874,2025-09-18 09:17:52,460,0
6,GK-874,2025-09-18 09:17:52,0,20
6,GK-874,2025-09-18 09:17:52,35,20
6,GK-874,2025-09-18 09:17:52,70,20
6,GK-874,2025-09-18 09:17:52,105,20
1,PL-025,2025-09-18 13:27:13,0,0
1,PL-025,2025-09-18 13:27:13,50,0
1,PL-025,2025-09-18 13:27:13,100,0
1,MR-009,2025-09-18 13:54:32,150,0
1,PL-025,2025-09-18 14:27:18,200,0
1,PL-025,2025-09-18 14:27:18,250,0
1,PL-025,2025-09-18 14:27:18,300,0
1,PL-025,2025-09-18 15:05:07,350,0
1,PL-025,2025-09-18 15:05:07,400,0
1,MR-009,2025-09-18 15:23:16,450,0
1,MR-009,2025-09-18 15:23:16,0,40
1,MR-009,2025-09-18 15:23:16,50,40
1,MR-009,2025-09-18 15:23:16,100,40
1,MR-009,2025-09-18 15:23:16,150,40
1,MR-009,2025-09-18 16:54:51,200,40
1,MR-009,2025-09-18 16:54:51,250,40
1,MR-009,2025-09-18 16:54:51,300,40
1,MR-009,2025-09-18 16:54:51,350,40
1,MR-009,2025-09-18 16:54:51,400,40
1,MR-009,2025-09-18 18:01:25,450,40
1,PL-025,2025-09-18 18:31:53,0,80
1,PL-025,2025-09-18 18:47:20,50,80
2,PL-025,2025-09-18 18:47:20,0,0
2,PL-025,2025-09-18 18:47:20,50,0
2,PL-025,2025-09-18 18:47:20,100,0
2,MR-009,2025-09-18 19:44:37,150,0
2,MR-009,2025-09-18 19:44:37,200,0
2,MR-009,2025-09-18 19:44:37,250,0
2,MR-009,2025-09-18 19:44:37,300,0
2,MR-009,2025-09-18 19:44:37,350,0
2,PL-025,2025-09-18 19:44:37,400,0
2,PL-025,2025-09-18 19:44:37,450,0
2,PL-025,2025-09-18 19:44:37,0,40
2,MG-008,2025-09-18 13:54:32,50,40
2,MG-008,2025-09-18 13:54:32,110,40
2,MG-008,2025-09-18 13:54:32,170,40
2,MG-008,2025-09-18 13:54:32,230,40
2,MG-008,2025-09-18 13:54:32,290,40
2,MG-008,2025-09-18 15:23:02,350,40
2,MG-008,2025-09-18 15:23:02,410,40
2,MG-008,2025-09-18 15:23:02,50,70
2,MG-008,2025-09-18 15:23:02,110,70
2,MG-008,2025-09-18 15:23:02,170,70
2,MG-008,2025-09-18 16:54:51,230,70
2,MG-008,2025-09-18 16:54:51,290,70
3,MG-008,2025-09-18 18:31:53,0,0
3,MG-008,2025-09-18 20:46:39,60,0
3,MG-008,2025-09-18 20:46:39,120,0
3,MG-008,2025-09-18 20:46:39,180,0
3,MG-008,2025-09-18 20:46:39,240,0
3,AZ-011,2025-09-18 14:27:18,300,0
3,AZ-011,2025-09-18 14:27:18,350,0
3,AZ-011,2025-09-18 14:27:18,400,0
3,AZ-011,2025-09-18 14:35:35,450,0
3,AZ-011,2025-09-18 15:35:46,0,30
3,AZ-011,2025-09-18 15:35:46,50,30
3,AZ-011,2025-09-18 15:35:46,100,30
3,AZ-011,2025-09-18 15:35:46,150,30
3,AZ-011,2025-09-18 15:35:46,200,30
3,AZ-011,2025-09-18 15:50:35,250,30
3,AZ-011,2025-09-18 15:50:35,300,35
3,AZ-011,2025-09-18 15:50:35,350,35
3,AZ-011,2025-09-18 15:50:35,400,35
3,AZ-011,2025-09-18 16:54:51,450,35
3,AZ-011,2025-09-18 18:31:53,0,65
3,AZ-011,2025-09-18 18:36:19,50,65
3,AZ-011,2025-09-18 18:36:19,100,65
3,AZ-011,2025-09-18 18:36:19,150,65
3,AZ-011,2025-09-18 18:36:19,200,65
3,AZ-011,2025-09-18 18:36:19,250,65
3,AZ-011,2025-09-18 19:15:41,300,70
3,AZ-011,2025-09-18 19:15:41,350,70
3,AZ-011,2025-09-18 19:15:41,400,70
3,AZ-011,2025-09-18 19:15:41,450,70
3,BR-178,2025-09-18 12:01:09,0,100
3,BR-178,2025-09-18 12:01:09,40,100
4,BR-178,2025-09-18 12:01:09,0,0
4,BR-178,2025-09-18 12:01:09,40,0
4,BR-178,2025-09-18 12:01:09,80,0
4,BR-178,2025-09-18 13:27:13,120,0
4,BR-178,2025-09-18 13:27:13,160,0
4,BR-178,2025-09-18 18:01:25,200,0
4,BR-178,2025-09-18 18:01:25,240,0
4,BR-178,2025-09-18 18:01:25,280,0
4,BR-178,2025-09-18 18:01:25,320,0
4,BR-178,2025-09-18 18:01:25,360,0
4,BR-178,2025-09-18 18:36:19,400,0
4,BR-178,2025-09-18 18:36:19,440,0
4,BR-178,2025-09-18 18:36:19,0,40
4,BR-178,2025-09-18 18:36:19,40,40
4,BR-178,2025-09-18 18:36:19,80,40
4,BR-178,2025-09-18 18:47:20,120,40
4,BR-178,2025-09-18 18:47:20,160,40
4,BR-178,2025-09-18 18:47:20,200,40
4,BR-178,2025-09-18 18:47:20,240,40
4,BR-178,2025-09-18 18:47:20,280,40
1,PL-014,2025-09-18 13:54:32,100,80
4,FE-213,2025-09-18 14:12:51,320,40
4,FE-213,2025-09-18 14:27:18,370,40
4,FE-213,2025-09-18 14:27:18,420,40
4,FE-213,2025-09-18 14:27:18,320,70
1,PL-014,2025-09-18 15:05:07,150,80
2,PL-014,2025-09-18 15:05:07,350,70
2,PL-014,2025-09-18 15:23:02,400,70
4,PL-014,2025-09-18 15:23:02,370,70
4,FE-213,2025-09-18 15:23:02,420,70
4,FE-213,2025-09-18 15:23:02,0,80
4,PL-014,2025-09-18 18:31:53,50,80
5,PL-014,2025-09-18 18:31:53,0,0
5,PL-014,2025-09-18 18:31:53,50,0
5,PL-014,2025-09-18 18:36:19,100,0
5,PL-014,2025-09-18 18:36:19,150,0
5,PL-014,2025-09-18 18:36:19,200,0
5,FE-213,2025-09-18 18:47:20,250,0
5,PL-014,2025-09-18 19:06:17,300,0
5,FE-213,2025-09-18 19:41:19,350,0
5,FE-213,2025-09-18 19:41:19,400,0
5,FE-213,2025-09-18 20:46:39,450,0
5,DG-324,2025-09-18 12:01:09,0,30
5,DG-324,2025-09-18 12:01:09,35,30
5,DG-324,2025-09-18 12:01:09,70,30
5,DG-324,2025-09-18 12:01:09,105,30
5,DG-324,2025-09-18 13:27:13,140,30
5,DG-324,2025-09-18 13:27:13,175,30
5,DG-324,2025-09-18 13:27:13,210,30
5,LV-337,2025-09-18 13:54:32,245,30
5,LV-337,2025-09-18 13:54:32,280,30
5,DG-324,2025-09-18 14:12:51,315,30
5,DG-324,2025-09-18 14:12:51,350,30
5,DG-324,2025-09-18 14:12:51,385,30
5,DG-324,2025-09-18 14:12:51,420,30
5,DG-324,2025-09-18 14:12:51,455,30
5,DG-324,2025-09-18 14:27:18,0,65
5,DG-324,2025-09-18 14:27:18,35,65
5,LV-337,2025-09-18 14:35:35,70,65
5,LV-337,2025-09-18 14:35:35,105,65
5,DG-324,2025-09-18 15:35:46,140,65
5,DG-324,2025-09-18 15:35:46,175,65
5,DG-324,2025-09-18 15:35:46,210,65
5,DG-324,2025-09-18 15:35:46,245,65
5,DG-324,2025-09-18 15:35:46,280,65
6,LV-337,2025-09-18 15:35:46,0,0
6,LV-337,2025-09-18 15:35:46,35,0
6,LV-337,2025-09-18 15:35:46,70,0
5,DG-324,2025-09-18 15:50:35,315,65
5,DG-324,2025-09-18 15:50:35,350,65
6,DG-324,2025-09-18 15:50:35,105,0
6,LV-337,2025-09-18 19:06:17,140,0
6,LV-337,2025-09-18 19:06:17,175,0
6,LV-337,2025-09-18 19:06:17,210,0
6,LV-337,2025-09-18 19:06:17,245,0
6,LV-337,2025-09-18 19:06:17,280,0
6,DG-324,2025-09-18 19:15:41,315,0
6,DG-324,2025-09-18 19:15:41,350,0
6,DG-324,2025-09-18 19:15:41,385,0
6,DG-324,2025-09-18 19:15:41,420,0
6,LV-337,2025-09-18 19:41:19,455,0
7,LV-337,2025-09-18 19:41:19,0,0
7,LV-337,2025-09-18 19:41:19,35,0
7,LV-337,2025-09-18 19:41:19,70,0
7,LV-337,2025-09-18 19:41:19,105,0
7,DG-324,2025-09-18 19:41:19,140,0
7,BP-896,2025-09-18 14:12:51,175,0
7,BP-896,2025-09-18 14:12:51,215,0
7,BP-896,2025-09-18 14:12:51,255,0
7,BP-896,2025-09-18 14:12:51,295,0
7,BP-896,2025-09-18 14:27:18,335,0
7,BP-896,2025-09-18 14:27:18,375,0
7,BP-896,2025-09-18 14:27:18,415,0
7,BP-896,2025-09-18 14:27:18,455,0
7,BP-896,2025-09-18 15:05:07,175,30
7,PL-013,2025-09-18 15:35:46,215,30
7,PL-013,2025-09-18 17:45:32,255,30
7,BP-896,2025-09-18 17:45:32,295,30
8,BP-896,2025-09-18 18:47:20,0,0
8,BP-896,2025-09-18 18:47:20,40,0
8,BP-896,2025-09-18 19:06:17,80,0
8,BP-896,2025-09-18 19:06:17,120,0
8,BP-896,2025-09-18 19:15:41,160,0
7,PL-013,2025-09-18 19:15:41,335,30
7,PL-013,2025-09-18 19:15:41,375,30
8,BP-896,2025-09-18 19:41:19,200,0
8,BP-896,2025-09-18 19:41:19,240,0
8,BP-896,2025-09-18 19:41:19,280,0
8,BP-896,2025-09-18 19:44:37,320,0
8,FL-643,2025-09-18 12:01:09,360,0
8,FL-643,2025-09-18 12:01:09,390,0
8,WM-774,2025-09-18 13:27:13,420,0
8,WM-774,2025-09-18 13:27:13,450,0
8,WM-774,2025-09-18 14:12:51,0,30
8,WM-774,2025-09-18 14:12:51,30,30
8,WM-774,2025-09-18 14:12:51,60,30
8,WM-774,2025-09-18 14:12:51,90,30
8,WM-774,2025-09-18 14:12:51,120,30
8,FL-643,2025-09-18 14:12:51,150,30
8,FL-643,2025-09-18 14:12:51,180,30
8,WM-774,2025-09-18 15:23:02,210,30
8,WM-774,2025-09-18 15:23:02,240,30
8,WM-774,2025-09-18 15:23:02,270,30
8,WM-774,2025-09-18 15:23:02,300,30
8,WM-774,2025-09-18 15:23:02,330,30
8,WM-774,2025-09-18 15:23:16,360,30
8,WM-774,2025-09-18 15:23:16,390,30
8,WM-774,2025-09-18 15:23:16,420,30
8,WM-774,2025-09-18 15:50:35,450,30
8,WM-774,2025-09-18 15:50:35,0,60
8,WM-774,2025-09-18 15:50:35,30,60
8,WM-774,2025-09-18 15:50:35,60,60
8,FL-643,2025-09-18 15:50:35,90,60
8,FL-643,2025-09-18 15:50:35,120,60
8,FL-643,2025-09-18 15:50:35,150,60
8,FL-643,2025-09-18 17:45:32,180,60
8,FL-643,2025-09-18 17:45:32,210,60
9,FL-643,2025-09-18 17:45:32,0,0
9,WM-774,2025-09-18 19:15:41,30,0
9,WM-774,2025-09-18 19:15:41,60,0
9,WM-774,2025-09-18 19:15:41,90,0
9,WM-774,2025-09-18 19:15:41,120,0
9,GT-243,2025-09-18 14:35:35,150,0
9,GT-243,2025-09-18 14:35:35,190,0
9,GT-243,2025-09-18 14:35:35,230,0
9,GT-243,2025-09-18 14:35:35,270,0
9,GT-243,2025-09-18 14:35:35,310,0
9,GT-243,2025-09-18 15:05:07,350,0
9,GT-243,2025-09-18 15:05:07,390,0
9,GT-243,2025-09-18 17:45:32,430,0
9,GT-243,2025-09-18 18:01:25,150,20
9,GT-243,2025-09-18 18:01:25,190,20
9,GT-243,2025-09-18 18:01:25,230,20
9,GT-243,2025-09-18 18:01:25,270,20
9,GT-243,2025-09-18 18:36:19,310,20
9,GT-243,2025-09-18 18:47:20,350,20
9,GT-243,2025-09-18 18:47:20,390,20
9,GT-243,2025-09-18 19:06:17,430,20
9,GT-243,2025-09-18 19:06:17,0,30
9,GT-243,2025-09-18 19:41:19,40,30
9,GT-243,2025-09-18 19:41:19,80,30
9,GT-243,2025-09-18 19:41:19,120,40
9,GT-243,2025-09-18 19:41:19,160,40
9,GK-874,2025-09-18 14:35:35,200,40
9,GK-874,2025-09-18 14:35:35,235,40
9,GK-874,2025-09-18 15:05:07,270,40
9,GK-874,2025-09-18 15:05:07,305,40
9,GK-874,2025-09-18 15:23:02,340,40
9,GK-874,2025-09-18 15:23:02,375,40
9,GK-874,2025-09-18 15:23:02,410,40
9,GK-874,2025-09-18 15:23:02,445,40
9,GK-874,2025-09-18 15:23:16,0,50
9,GK-874,2025-09-18 15:23:16,35,50
9,GK-874,2025-09-18 17:45:32,70,50
9,GK-874,2025-09-18 17:45:32,105,60
9,GK-874,2025-09-18 17:45:32,140,60
9,GK-874,2025-09-18 18:31:53,175,60
10,GK-874,2025-09-18 18:31:53,0,0
10,GK-874,2025-09-18 20:46:39,35,0
1,PL-025,2025-09-19 00:11:46,0,0
1,PL-025,2025-09-19 00:11:46,50,0
1,PL-025,2025-09-19 00:11:46,100,0
1,MR-009,2025-09-19 00:58:00,150,0
1,PL-025,2025-09-19 04:53:49,200,0
1,PL-025,2025-09-19 04:53:49,250,0
1,PL-025,2025-09-19 04:53:49,300,0
1,MR-009,2025-09-19 06:04:30,350,0
1,MR-009,2025-09-19 06:04:30,400,0
1,MR-009,2025-09-19 07:20:28,450,0
1,MR-009,2025-09-19 07:20:28,0,40
1,MR-009,2025-09-19 07:33:17,50,40
1,MR-009,2025-09-19 07:33:17,100,40
1,MR-009,2025-09-19 07:33:17,150,40
1,MR-009,2025-09-19 07:33:17,200,40
1,MR-009,2025-09-19 07:33:17,250,40
1,PL-025,2025-09-19 07:33:17,300,40
1,PL-025,2025-09-19 07:33:17,350,40
1,MR-009,2025-09-19 09:03:44,400,40
1,MR-009,2025-09-19 09:03:44,450,40
1,MR-009,2025-09-19 09:03:44,0,80
1,PL-025,2025-09-19 09:03:44,50,80
2,PL-025,2025-09-19 09:03:44,0,0
2,PL-025,2025-09-19 09:03:44,50,0
2,PL-025,2025-09-19 09:03:44,100,0
2,PL-025,2025-09-19 09:03:44,150,0
2,MR-009,2025-09-19 09:19:03,200,0
2,MR-009,2025-09-19 09:19:03,250,0
2,MR-009,2025-09-19 09:19:03,300,0
2,MR-009,2025-09-19 09:19:03,350,0
2,MR-009,2025-09-19 09:19:03,400,0
2,MG-008,2025-09-19 00:01:15,0,40
2,MG-008,2025-09-19 00:10:12,60,40
2,MG-008,2025-09-19 00:10:12,120,40
2,MG-008,2025-09-19 00:10:12,180,40
2,MG-008,2025-09-19 04:53:49,240,40
2,MG-008,2025-09-19 04:53:49,300,40
2,MG-008,2025-09-19 04:53:49,360,40
2,MG-008,2025-09-19 04:53:49,420,40
2,MG-008,2025-09-19 04:53:49,0,70
1,AZ-011,2025-09-19 00:11:46,100,80
2,AZ-011,2025-09-19 00:11:46,450,0
2,AZ-011,2025-09-19 07:33:17,60,70
2,AZ-011,2025-09-19 07:33:17,110,70
2,AZ-011,2025-09-19 07:33:17,160,70
2,AZ-011,2025-09-19 07:33:17,210,70
2,AZ-011,2025-09-19 07:33:17,260,70
2,AZ-011,2025-09-19 08:47:56,310,70
2,AZ-011,2025-09-19 09:19:03,360,70
3,AZ-011,2025-09-19 10:43:20,0,0
3,AZ-011,2025-09-19 10:43:20,50,0
3,AZ-011,2025-09-19 10:43:20,100,0
3,AZ-011,2025-09-19 10:43:20,150,0
3,AZ-011,2025-09-19 11:21:07,200,0
3,AZ-011,2025-09-19 11:21:07,250,0
3,BR-178,2025-09-19 00:10:12,300,0
3,BR-178,2025-09-19 00:10:12,340,0
3,BR-178,2025-09-19 00:13:25,380,0
3,BR-178,2025-09-19 00:13:25,420,0
3,BR-178,2025-09-19 00:13:25,460,0
3,BR-178,2025-09-19 00:13:25,0,35
3,BR-178,2025-09-19 00:58:00,40,35
3,BR-178,2025-09-19 00:58:00,80,35
3,BR-178,2025-09-19 08:55:40,120,35
3,BR-178,2025-09-19 08:55:40,160,35
3,BR-178,2025-09-19 08:55:40,200,35
3,BR-178,2025-09-19 08:55:40,240,35
3,BR-178,2025-09-19 08:55:40,280,40
3,BR-178,2025-09-19 10:43:20,320,40
3,BR-178,2025-09-19 10:43:20,360,40
3,PL-014,2025-09-19 00:01:15,400,40
3,PL-014,2025-09-19 00:01:15,450,40
3,PL-014,2025-09-19 00:01:15,400,70
3,PL-014,2025-09-19 00:10:12,450,70
3,FE-213,2025-09-19 00:58:00,0,75
3,PL-014,2025-09-19 04:53:49,50,75
3,PL-014,2025-09-19 04:53:49,100,75
3,PL-014,2025-09-19 04:53:49,150,75
3,PL-014,2025-09-19 04:53:49,200,75
3,PL-014,2025-09-19 06:04:30,250,80
3,PL-014,2025-09-19 06:04:30,300,80
3,PL-014,2025-09-19 06:04:30,350,80
3,PL-014,2025-09-19 06:04:30,400,100
3,PL-014,2025-09-19 07:20:28,450,100
3,PL-014,2025-09-19 07:20:28,0,105
3,PL-014,2025-09-19 07:20:28,50,105
3,FE-213,2025-09-19 10:43:20,100,105
4,FE-213,2025-09-19 10:43:20,0,0
4,FE-213,2025-09-19 10:43:20,50,0
4,FE-213,2025-09-19 10:43:20,100,0
4,DG-324,2025-09-19 00:01:15,150,0
4,DG-324,2025-09-19 00:01:15,185,0
4,LV-337,2025-09-19 00:13:25,220,0
4,LV-337,2025-09-19 00:13:25,255,0
4,DG-324,2025-09-19 00:13:25,290,0
4,DG-324,2025-09-19 00:13:25,325,0
4,DG-324,2025-09-19 00:13:25,360,0
4,DG-324,2025-09-19 00:58:00,395,0
4,DG-324,2025-09-19 00:58:00,430,0
4,DG-324,2025-09-19 07:33:17,465,0
4,DG-324,2025-09-19 07:33:17,0,30
4,DG-324,2025-09-19 07:33:17,35,30
4,DG-324,2025-09-19 07:33:17,70,30
4,DG-324,2025-09-19 07:33:17,105,30
4,LV-337,2025-09-19 09:19:03,140,35
4,LV-337,2025-09-19 09:19:03,175,35
4,LV-337,2025-09-19 09:19:03,210,35
4,DG-324,2025-09-19 09:19:03,245,35
4,DG-324,2025-09-19 09:19:03,280,35
4,DG-324,2025-09-19 09:19:03,315,35
4,DG-324,2025-09-19 09:19:03,350,35
4,DG-324,2025-09-19 09:23:07,385,35
4,DG-324,2025-09-19 09:23:07,420,35
4,DG-324,2025-09-19 09:23:07,455,35
5,BP-896,2025-09-19 00:11:46,0,0
5,BP-896,2025-09-19 00:11:46,40,0
5,BP-896,2025-09-19 08:47:56,80,0
5,BP-896,2025-09-19 08:55:40,120,0
5,BP-896,2025-09-19 08:55:40,160,0
5,BP-896,2025-09-19 09:03:44,200,0
5,BP-896,2025-09-19 09:03:44,240,0
5,BP-896,2025-09-19 09:03:44,280,0
5,BP-896,2025-09-19 09:03:44,320,0
5,BP-896,2025-09-19 09:03:44,360,0
5,BP-896,2025-09-19 09:19:03,400,0
5,BP-896,2025-09-19 09:19:03,440,0
5,BP-896,2025-09-19 09:19:03,0,30
5,BP-896,2025-09-19 09:19:03,40,30
5,BP-896,2025-09-19 09:23:07,80,30
5,BP-896,2025-09-19 09:23:07,120,30
5,BP-896,2025-09-19 09:23:07,160,30
5,BP-896,2025-09-19 09:23:07,200,30
5,BP-896,2025-09-19 11:21:07,240,30
5,BP-896,2025-09-19 11:21:07,280,30
6,BP-896,2025-09-19 11:21:07,0,0
6,BP-896,2025-09-19 11:21:07,40,0
6,BP-896,2025-09-19 11:21:07,80,0
3,WM-774,2025-09-19 00:01:15,150,105
4,WM-774,2025-09-19 00:01:15,0,65
4,WM-774,2025-09-19 00:01:15,30,65
4,WM-774,2025-09-19 00:01:15,60,65
6,WM-774,2025-09-19 00:58:00,120,0
6,WM-774,2025-09-19 00:58:00,150,0
6,WM-774,2025-09-19 00:58:00,180,0
6,FL-643,2025-09-19 04:53:49,210,0
6,FL-643,2025-09-19 04:53:49,240,0
6,FL-643,2025-09-19 04:53:49,270,0
6,FL-643,2025-09-19 04:53:49,300,0
6,FL-643,2025-09-19 07:20:28,330,0
6,FL-643,2025-09-19 07:20:28,360,0
6,FL-643,2025-09-19 07:20:28,390,0
6,FL-643,2025-09-19 07:20:28,420,0
6,WM-774,2025-09-19 07:20:28,450,0
6,WM-774,2025-09-19 07:20:28,0,30
6,FL-643,2025-09-19 08:47:56,30,30
6,FL-643,2025-09-19 08:47:56,60,30
6,FL-643,2025-09-19 08:47:56,90,30
6,FL-643,2025-09-19 09:23:07,120,30
6,FL-643,2025-09-19 09:23:07,150,30
6,FL-643,2025-09-19 09:23:07,180,30
6,WM-774,2025-09-19 09:23:07,210,30
6,WM-774,2025-09-19 09:23:07,240,30
6,WM-774,2025-09-19 11:21:07,270,30
6,WM-774,2025-09-19 11:21:07,300,30
6,WM-774,2025-09-19 11:21:07,330,30
6,GT-243,2025-09-19 00:10:12,360,30
6,GT-243,2025-09-19 00:10:12,400,30
6,GT-243,2025-09-19 00:10:12,440,30
6,GT-243,2025-09-19 00:10:12,360,50
6,GT-243,2025-09-19 00:13:25,400,50
6,GT-243,2025-09-19 00:13:25,440,50
7,GT-243,2025-09-19 08:55:40,0,0
7,GT-243,2025-09-19 09:03:44,40,0
7,GK-874,2025-09-19 04:53:49,80,0
7,GK-874,2025-09-19 06:04:30,115,0
7,GK-874,2025-09-19 09:23:07,150,0
7,GK-874,2025-09-19 09:23:07,185,0
7,GK-874,2025-09-19 09:23:07,220,0
7,GK-874,2025-09-19 09:23:07,255,0
7,GK-874,2025-09-19 09:23:07,290,0
1,PL-025,2025-09-19 14:24:42,0,0
1,PL-025,2025-09-19 14:24:42,50,0
1,PL-025,2025-09-19 14:24:42,100,0
1,PL-025,2025-09-19 14:24:42,150,0
1,PL-025,2025-09-19 17:13:02,200,0
1,MR-009,2025-09-19 19:19:49,250,0
1,MR-009,2025-09-19 19:19:49,300,0
1,MR-009,2025-09-19 20:26:39,350,0
1,MR-009,2025-09-19 20:26:39,400,0
1,MR-009,2025-09-19 20:26:39,450,0
1,MR-009,2025-09-19 20:26:39,0,40
1,MR-009,2025-09-19 20:26:39,50,40
1,PL-025,2025-09-19 22:09:06,100,40
1,PL-025,2025-09-19 22:09:06,150,40
1,PL-025,2025-09-19 22:09:06,200,40
1,MR-009,2025-09-19 22:09:06,250,40
1,MR-009,2025-09-19 22:09:06,300,40
1,MR-009,2025-09-19 22:09:06,350,40
1,MR-009,2025-09-19 22:09:06,400,40
1,MG-008,2025-09-19 15:04:28,0,80
1,MG-008,2025-09-19 15:04:28,60,80
1,MG-008,2025-09-19 15:04:28,120,80
1,MG-008,2025-09-19 15:04:28,180,80
2,MG-008,2025-09-19 20:37:07,0,0
2,MG-008,2025-09-19 20:37:07,60,0
2,MG-008,2025-09-19 20:37:07,120,0
2,MG-008,2025-09-19 20:37:07,180,0
2,MG-008,2025-09-19 20:59:56,240,0
2,MG-008,2025-09-19 20:59:56,300,0
2,MG-008,2025-09-19 20:59:56,360,0
2,AZ-011,2025-09-19 12:20:59,420,0
2,AZ-011,2025-09-19 12:20:59,0,30
2,AZ-011,2025-09-19 12:20:59,50,30
2,AZ-011,2025-09-19 17:35:35,100,30
2,AZ-011,2025-09-19 17:35:35,150,30
2,AZ-011,2025-09-19 20:37:07,200,30
2,AZ-011,2025-09-19 20:37:07,250,30
2,AZ-011,2025-09-19 20:37:07,300,30
2,AZ-011,2025-09-19 20:59:56,350,30
2,AZ-011,2025-09-19 20:59:56,400,35
2,AZ-011,2025-09-19 20:59:56,450,35
2,AZ-011,2025-09-19 20:59:56,0,65
2,AZ-011,2025-09-19 21:29:34,50,65
2,AZ-011,2025-09-19 21:29:34,100,65
2,AZ-011,2025-09-19 21:29:34,150,65
2,BR-178,2025-09-19 15:04:28,200,65
2,BR-178,2025-09-19 15:04:28,240,65
2,BR-178,2025-09-19 15:04:28,280,65
2,BR-178,2025-09-19 17:35:35,320,65
2,BR-178,2025-09-19 17:35:35,360,65
2,BR-178,2025-09-19 19:19:49,400,70
3,BR-178,2025-09-19 19:19:49,0,0
3,BR-178,2025-09-19 19:19:49,40,0
2,FE-213,2025-09-19 12:20:59,440,70
3,FE-213,2025-09-19 12:20:59,80,0
3,FE-213,2025-09-19 14:24:42,130,0
3,FE-213,2025-09-19 16:24:41,180,0
3,FE-213,2025-09-19 16:24:41,230,0
3,FE-213,2025-09-19 16:38:55,280,0
3,FE-213,2025-09-19 16:38:55,330,0
3,FE-213,2025-09-19 16:38:55,380,0
3,FE-213,2025-09-19 16:38:55,430,0
3,FE-213,2025-09-19 16:38:55,80,30
3,PL-014,2025-09-19 16:38:55,130,30
3,PL-014,2025-09-19 16:38:55,180,30
3,PL-014,2025-09-19 17:13:02,230,30
3,PL-014,2025-09-19 17:13:02,280,30
3,FE-213,2025-09-19 17:35:35,330,30
3,FE-213,2025-09-19 17:35:35,380,30
3,FE-213,2025-09-19 17:35:35,430,30
3,PL-014,2025-09-19 20:11:49,0,40
3,PL-014,2025-09-19 20:59:56,50,60
3,PL-014,2025-09-19 20:59:56,100,60
3,PL-014,2025-09-19 20:59:56,150,60
3,PL-014,2025-09-19 21:29:34,200,60
3,PL-014,2025-09-19 21:29:34,250,60
3,PL-014,2025-09-19 21:29:34,300,60
3,PL-014,2025-09-19 21:29:34,350,60
3,DG-324,2025-09-19 15:04:28,400,60
3,DG-324,2025-09-19 15:04:28,435,60
3,DG-324,2025-09-19 15:04:28,0,70
3,LV-337,2025-09-19 16:24:41,35,90
3,LV-337,2025-09-19 16:38:55,70,90
3,LV-337,2025-09-19 16:38:55,105,90
4,LV-337,2025-09-19 16:38:55,0,0
4,LV-337,2025-09-19 17:13:02,35,0
4,LV-337,2025-09-19 17:13:02,70,0
4,LV-337,2025-09-19 17:13:02,105,0
4,LV-337,2025-09-19 17:13:02,140,0
3,DG-324,2025-09-19 17:18:07,140,90
3,DG-324,2025-09-19 17:18:07,175,90
3,DG-324,2025-09-19 17:18:07,210,90
3,DG-324,2025-09-19 17:18:07,245,90
4,DG-324,2025-09-19 17:18:07,175,0
4,LV-337,2025-09-19 20:11:49,210,0
4,LV-337,2025-09-19 20:11:49,245,0
4,LV-337,2025-09-19 20:11:49,280,0
4,LV-337,2025-09-19 20:11:49,315,0
5,LV-337,2025-09-19 20:11:49,0,0
4,DG-324,2025-09-19 20:26:39,350,0
4,DG-324,2025-09-19 20:26:39,385,0
4,DG-324,2025-09-19 20:26:39,420,0
5,LV-337,2025-09-19 21:29:34,35,0
5,LV-337,2025-09-19 21:29:34,70,0
5,LV-337,2025-09-19 21:29:34,105,0
5,LV-337,2025-09-19 21:29:34,140,0
5,LV-337,2025-09-19 22:09:06,175,0
5,LV-337,2025-09-19 22:09:06,210,0
5,LV-337,2025-09-19 22:09:06,245,0
5,LV-337,2025-09-19 22:09:06,280,0
5,LV-337,2025-09-19 22:09:06,315,0
6,BP-896,2025-09-19 12:20:59,0,0
6,BP-896,2025-09-19 12:20:59,40,0
6,BP-896,2025-09-19 12:20:59,80,0
6,BP-896,2025-09-19 12:20:59,120,0
4,PL-013,2025-09-19 14:01:07,455,0
6,PL-013,2025-09-19 14:01:07,160,0
6,PL-013,2025-09-19 14:01:07,200,0
6,PL-013,2025-09-19 14:01:07,240,0
6,PL-013,2025-09-19 14:01:07,280,0
6,PL-013,2025-09-19 14:24:42,320,0
6,BP-896,2025-09-19 15:59:30,360,0
6,PL-013,2025-09-19 15:59:30,400,0
6,PL-013,2025-09-19 15:59:30,440,0
6,BP-896,2025-09-19 16:24:41,0,30
6,BP-896,2025-09-19 16:24:41,40,30
6,BP-896,2025-09-19 16:24:41,80,30
6,PL-013,2025-09-19 17:35:35,120,30
6,BP-896,2025-09-19 20:26:39,160,30
6,BP-896,2025-09-19 20:26:39,200,30
6,BP-896,2025-09-19 20:26:39,240,30
6,PL-013,2025-09-19 20:59:56,280,30
6,WM-774,2025-09-19 14:01:07,320,30
6,WM-774,2025-09-19 14:01:07,350,30
6,WM-774,2025-09-19 14:01:07,380,30
6,WM-774,2025-09-19 14:01:07,410,30
6,WM-774,2025-09-19 14:01:07,440,30
6,FL-643,2025-09-19 14:24:42,470,30
6,FL-643,2025-09-19 14:24:42,0,60
6,FL-643,2025-09-19 14:24:42,30,60
6,FL-643,2025-09-19 14:24:42,60,60
6,FL-643,2025-09-19 15:04:28,90,60
6,WM-774,2025-09-19 15:59:30,120,60
6,WM-774,2025-09-19 15:59:30,150,60
7,WM-774,2025-09-19 15:59:30,0,0
7,WM-774,2025-09-19 15:59:30,30,0
7,FL-643,2025-09-19 15:59:30,60,0
7,FL-643,2025-09-19 15:59:30,90,0
7,FL-643,2025-09-19 15:59:30,120,0
7,FL-643,2025-09-19 15:59:30,150,0
7,FL-643,2025-09-19 15:59:30,180,0
7,FL-643,2025-09-19 17:13:02,210,0
7,FL-643,2025-09-19 17:13:02,240,0
7,FL-643,2025-09-19 17:18:07,270,0
7,WM-774,2025-09-19 17:18:07,300,0
7,WM-774,2025-09-19 17:18:07,330,0
7,WM-774,2025-09-19 17:18:07,360,0
7,FL-643,2025-09-19 19:19:49,390,0
7,FL-643,2025-09-19 19:19:49,420,0
7,FL-643,2025-09-19 19:19:49,450,0
7,FL-643,2025-09-19 19:19:49,0,30
7,FL-643,2025-09-19 19:19:49,30,30
7,FL-643,2025-09-19 20:11:49,60,30
7,FL-643,2025-09-19 20:11:49,90,30
7,FL-643,2025-09-19 20:11:49,120,30
7,FL-643,2025-09-19 20:11:49,150,30
7,FL-643,2025-09-19 20:11:49,180,30
7,FL-643,2025-09-19 20:37:07,210,30
7,FL-643,2025-09-19 20:37:07,240,30
7,FL-643,2025-09-19 20:37:07,270,30
7,FL-643,2025-09-19 21:29:34,300,30
7,WM-774,2025-09-19 22:09:06,330,30
7,WM-774,2025-09-19 22:09:06,360,30
7,WM-774,2025-09-19 22:09:06,390,30
7,GT-243,2025-09-19 14:01:07,420,30
8,GT-243,2025-09-19 14:01:07,0,0
8,GT-243,2025-09-19 14:01:07,40,0
8,GT-243,2025-09-19 20:11:49,80,0
8,GT-243,2025-09-19 20:11:49,120,0
8,GT-243,2025-09-19 20:11:49,160,0
8,GT-243,2025-09-19 20:11:49,200,0
8,GT-243,2025-09-19 20:11:49,240,0
8,GT-243,2025-09-19 20:59:56,280,0
8,GT-243,2025-09-19 20:59:56,320,0
8,GT-243,2025-09-19 20:59:56,360,0
8,GK-874,2025-09-19 17:13:02,400,0
8,GK-874,2025-09-19 17:18:07,435,0
8,GK-874,2025-09-19 17:18:07,0,20
8,GK-874,2025-09-19 17:18:07,35,20
8,GK-874,2025-09-19 17:18:07,70,20
8,GK-874,2025-09-19 17:18:07,105,20
8,GK-874,2025-09-19 19:19:49,140,20
8,GK-874,2025-09-19 19:19:49,175,20
8,GK-874,2025-09-19 19:19:49,210,20
8,GK-874,2025-09-19 20:26:39,245,20
8,GK-874,2025-09-19 20:26:39,280,20
1,MR-009,2025-09-20 00:28:30,0,0
1,MR-009,2025-09-20 00:28:30,50,0
1,MR-009,2025-09-20 00:28:30,100,0
1,MR-009,2025-09-20 00:28:30,150,0
1,MR-009,2025-09-20 01:19:45,200,0
1,MR-009,2025-09-20 01:19:45,250,0
1,MR-009,2025-09-20 01:19:45,300,0
1,MR-009,2025-09-20 01:19:45,350,0
1,MR-009,2025-09-20 03:15:20,400,0
1,PL-025,2025-09-20 04:12:28,450,0
1,PL-025,2025-09-20 04:12:28,0,40
1,PL-025,2025-09-20 04:12:28,50,40
1,PL-025,2025-09-20 04:12:28,100,40
1,PL-025,2025-09-20 04:12:28,150,40
1,MR-009,2025-09-20 04:23:09,200,40
1,MR-009,2025-09-20 04:46:10,250,40
1,MR-009,2025-09-20 04:46:10,300,40
1,MR-009,2025-09-20 05:16:02,350,40
1,MR-009,2025-09-20 05:16:02,400,40
1,MR-009,2025-09-20 05:16:02,450,40
1,MR-009,2025-09-20 05:16:02,0,80
1,MR-009,2025-09-20 05:16:02,50,80
1,MR-009,2025-09-20 06:09:03,100,80
2,MR-009,2025-09-20 06:09:03,0,0
2,MR-009,2025-09-20 06:09:03,50,0
2,MR-009,2025-09-20 06:09:03,100,0
2,MR-009,2025-09-20 08:12:25,150,0
2,MR-009,2025-09-20 08:12:25,200,0
2,PL-025,2025-09-20 10:57:22,250,0
2,PL-025,2025-09-20 10:57:22,300,0
2,PL-025,2025-09-20 10:57:22,350,0
2,PL-025,2025-09-20 10:57:22,400,0
2,PL-025,2025-09-20 10:57:22,450,0
2,MR-009,2025-09-20 11:05:25,0,40
2,MR-009,2025-09-20 11:05:25,50,40
2,MG-008,2025-09-20 04:12:28,100,40
2,MG-008,2025-09-20 04:12:28,160,40
2,MG-008,2025-09-20 04:12:28,220,40
2,MG-008,2025-09-20 04:12:28,280,40
2,MG-008,2025-09-20 04:12:28,340,40
2,MG-008,2025-09-20 04:46:10,400,40
2,MG-008,2025-09-20 04:46:10,100,70
2,MG-008,2025-09-20 04:46:10,160,70
2,MG-008,2025-09-20 06:09:03,220,70
2,MG-008,2025-09-20 06:09:03,280,70
2,MG-008,2025-09-20 06:11:48,340,70
3,MG-008,2025-09-20 08:12:25,0,0
3,MG-008,2025-09-20 10:57:22,60,0
3,MG-008,2025-09-20 10:57:22,120,0
3,MG-008,2025-09-20 10:57:22,180,0
3,MG-008,2025-09-20 10:57:22,240,0
3,MG-008,2025-09-20 10:57:22,300,0
1,AZ-011,2025-09-20 00:21:41,150,80
2,AZ-011,2025-09-20 00:28:30,400,70
3,AZ-011,2025-09-20 00:28:30,360,0
3,AZ-011,2025-09-20 00:28:30,410,0
3,AZ-011,2025-09-20 03:14:30,0,30
3,AZ-011,2025-09-20 03:14:30,50,30
3,AZ-011,2025-09-20 03:14:30,100,30
3,AZ-011,2025-09-20 03:14:30,150,30
3,AZ-011,2025-09-20 03:14:30,200,30
3,AZ-011,2025-09-20 04:23:09,250,30
3,AZ-011,2025-09-20 04:23:09,300,30
3,AZ-011,2025-09-20 04:23:09,350,35
3,AZ-011,2025-09-20 04:46:10,400,35
3,AZ-011,2025-09-20 10:57:22,450,35
3,AZ-011,2025-09-20 10:57:22,0,65
3,AZ-011,2025-09-20 10:57:22,50,65
3,AZ-011,2025-09-20 10:57:22,100,65
3,AZ-011,2025-09-20 10:57:22,150,65
3,BR-178,2025-09-20 00:28:30,200,65
3,BR-178,2025-09-20 00:28:30,240,65
3,BR-178,2025-09-20 04:12:28,280,65
3,BR-178,2025-09-20 04:12:28,320,70
3,BR-178,2025-09-20 04:46:10,360,70
3,BR-178,2025-09-20 04:46:10,400,70
3,BR-178,2025-09-20 04:46:10,440,70
4,PL-014,2025-09-20 00:28:30,0,0
4,PL-014,2025-09-20 00:28:30,50,0
4,PL-014,2025-09-20 00:28:30,100,0
4,PL-014,2025-09-20 00:28:30,150,0
4,PL-014,2025-09-20 00:28:30,200,0
4,PL-014,2025-09-20 01:19:45,250,0
4,PL-014,2025-09-20 01:19:45,300,0
4,FE-213,2025-09-20 01:19:45,350,0
4,FE-213,2025-09-20 01:19:45,400,0
4,FE-213,2025-09-20 01:19:45,450,0
4,FE-213,2025-09-20 01:19:45,0,30
4,FE-213,2025-09-20 01:19:45,50,30
4,PL-014,2025-09-20 02:23:06,100,30
4,PL-014,2025-09-20 02:23:06,150,30
4,PL-014,2025-09-20 02:23:06,200,30
4,FE-213,2025-09-20 03:14:30,250,30
4,FE-213,2025-09-20 03:14:30,300,30
4,FE-213,2025-09-20 03:14:30,350,30
4,FE-213,2025-09-20 03:14:30,400,30
4,FE-213,2025-09-20 03:15:20,450,30
4,FE-213,2025-09-20 03:15:20,0,60
4,FE-213,2025-09-20 03:15:20,50,60
4,FE-213,2025-09-20 03:15:20,100,60
4,PL-014,2025-09-20 03:15:20,150,60
4,PL-014,2025-09-20 03:15:20,200,60
4,PL-014,2025-09-20 03:15:20,250,60
4,FE-213,2025-09-20 04:23:09,300,60
4,FE-213,2025-09-20 04:23:09,350,60
4,FE-213,2025-09-20 05:05:09,400,60
4,FE-213,2025-09-20 05:16:02,450,60
4,FE-213,2025-09-20 05:16:02,0,90
4,FE-213,2025-09-20 05:16:02,50,90
4,FE-213,2025-09-20 06:09:03,100,90
4,FE-213,2025-09-20 06:09:03,150,90
4,FE-213,2025-09-20 06:09:03,200,90
4,FE-213,2025-09-20 06:09:03,250,90
4,FE-213,2025-09-20 06:09:03,300,90
4,FE-213,2025-09-20 06:11:48,350,90
4,FE-213,2025-09-20 06:11:48,400,90
4,FE-213,2025-09-20 06:11:48,450,90
4,FE-213,2025-09-20 06:11:48,0,120
4,PL-014,2025-09-20 08:12:25,50,120
4,PL-014,2025-09-20 08:12:25,100,120
4,PL-014,2025-09-20 09:53:06,150,120
5,PL-014,2025-09-20 09:53:06,0,0
5,FE-213,2025-09-20 11:05:25,50,0
5,FE-213,2025-09-20 11:05:25,100,0
5,FE-213,2025-09-20 11:05:25,150,0
5,FE-213,2025-09-20 11:05:25,200,0
5,LV-337,2025-09-20 00:21:41,250,0
5,LV-337,2025-09-20 00:21:41,285,0
5,LV-337,2025-09-20 00:21:41,320,0
5,DG-324,2025-09-20 01:19:45,355,0
5,DG-324,2025-09-20 01:19:45,390,0
5,LV-337,2025-09-20 02:23:06,425,0
5,LV-337,2025-09-20 02:23:06,460,0
5,DG-324,2025-09-20 05:05:09,0,30
5,DG-324,2025-09-20 05:05:09,35,30
5,DG-324,2025-09-20 05:05:09,70,30
5,DG-324,2025-09-20 05:05:09,105,30
5,DG-324,2025-09-20 05:05:09,140,30
5,DG-324,2025-09-20 10:57:22,175,30
5,DG-324,2025-09-20 10:57:22,210,30
5,DG-324,2025-09-20 10:57:22,245,35
5,DG-324,2025-09-20 10:57:22,280,35
5,DG-324,2025-09-20 10:57:22,315,35
5,LV-337,2025-09-20 11:05:25,350,35
6,LV-337,2025-09-20 11:05:25,0,0
6,LV-337,2025-09-20 11:05:25,35,0
6,LV-337,2025-09-20 11:05:25,70,0
6,BP-896,2025-09-20 03:15:20,105,0
6,BP-896,2025-09-20 03:15:20,145,0
6,BP-896,2025-09-20 03:15:20,185,0
5,PL-013,2025-09-20 04:12:28,385,35
6,PL-013,2025-09-20 04:12:28,225,0
6,PL-013,2025-09-20 04:12:28,265,0
6,PL-013,2025-09-20 04:12:28,305,0
6,BP-896,2025-09-20 04:12:28,345,0
6,BP-896,2025-09-20 04:12:28,385,0
6,BP-896,2025-09-20 04:12:28,425,0
6,BP-896,2025-09-20 04:12:28,105,30
6,BP-896,2025-09-20 04:46:10,145,30
6,BP-896,2025-09-20 04:46:10,185,30
6,BP-896,2025-09-20 04:46:10,225,30
6,BP-896,2025-09-20 04:46:10,265,30
6,PL-013,2025-09-20 05:05:09,305,30
6,PL-013,2025-09-20 05:05:09,345,30
6,PL-013,2025-09-20 05:05:09,385,30
6,PL-013,2025-09-20 05:05:09,425,30
7,BP-896,2025-09-20 05:16:02,0,0
7,BP-896,2025-09-20 05:16:02,40,0
7,BP-896,2025-09-20 05:16:02,80,0
7,BP-896,2025-09-20 08:12:25,120,0
7,BP-896,2025-09-20 08:12:25,160,0
7,PL-013,2025-09-20 09:53:06,200,0
7,PL-013,2025-09-20 09:53:06,240,0
7,PL-013,2025-09-20 09:53:06,280,0
7,PL-013,2025-09-20 09:53:06,320,0
7,FL-643,2025-09-20 01:19:45,360,0
7,FL-643,2025-09-20 01:19:45,390,0
7,FL-643,2025-09-20 01:19:45,420,0
7,FL-643,2025-09-20 01:19:45,450,0
7,FL-643,2025-09-20 02:23:06,0,30
7,FL-643,2025-09-20 02:23:06,30,30
7,FL-643,2025-09-20 02:23:06,60,30
7,FL-643,2025-09-20 02:23:06,90,30
7,FL-643,2025-09-20 03:14:30,120,30
7,FL-643,2025-09-20 03:15:20,150,30
7,FL-643,2025-09-20 03:15:20,180,30
7,FL-643,2025-09-20 05:05:09,210,30
7,FL-643,2025-09-20 05:05:09,240,30
7,FL-643,2025-09-20 05:05:09,270,30
7,FL-643,2025-09-20 05:16:02,300,30
5,WM-774,2025-09-20 06:09:03,425,35
6,WM-774,2025-09-20 06:09:03,465,0
7,WM-774,2025-09-20 06:09:03,330,30
7,WM-774,2025-09-20 06:09:03,360,30
7,FL-643,2025-09-20 06:11:48,390,30
7,WM-774,2025-09-20 06:11:48,420,30
8,WM-774,2025-09-20 09:53:06,0,0
8,WM-774,2025-09-20 09:53:06,30,0
8,WM-774,2025-09-20 09:53:06,60,0
8,WM-774,2025-09-20 11:05:25,90,0
8,WM-774,2025-09-20 11:05:25,120,0
8,WM-774,2025-09-20 11:05:25,150,0
8,GT-243,2025-09-20 00:21:41,180,0
8,GT-243,2025-09-20 00:21:41,220,0
8,GT-243,2025-09-20 00:21:41,260,0
8,GT-243,2025-09-20 00:21:41,300,0
8,GT-243,2025-09-20 02:23:06,340,0
8,GT-243,2025-09-20 02:23:06,380,0
8,GT-243,2025-09-20 02:23:06,420,0
8,GT-243,2025-09-20 02:23:06,460,0
8,GT-243,2025-09-20 03:14:30,180,20
8,GT-243,2025-09-20 03:14:30,220,20
8,GT-243,2025-09-20 03:14:30,260,20
8,GT-243,2025-09-20 03:14:30,300,20
8,GT-243,2025-09-20 03:14:30,340,20
8,GT-243,2025-09-20 05:05:09,380,20
8,GT-243,2025-09-20 05:05:09,420,20
8,GT-243,2025-09-20 05:05:09,460,20
8,GT-243,2025-09-20 05:05:09,0,30
8,GT-243,2025-09-20 11:05:25,40,30
8,GT-243,2025-09-20 11:05:25,80,30
8,GT-243,2025-09-20 11:05:25,120,30
8,GK-874,2025-09-20 03:14:30,160,40
8,GK-874,2025-09-20 03:14:30,195,40
8,GK-874,2025-09-20 03:14:30,230,40
8,GK-874,2025-09-20 03:14:30,265,40
8,GK-874,2025-09-20 04:23:09,300,40
8,GK-874,2025-09-20 04:23:09,335,40
8,GK-874,2025-09-20 04:23:09,370,40
8,GK-874,2025-09-20 09:53:06,405,40
8,GK-874,2025-09-20 09:53:06,440,40
8,GK-874,2025-09-20 09:53:06,0,50
8,GK-874,2025-09-20 09:53:06,35,50
1,PL-025,2025-09-20 13:58:38,0,0
1,PL-025,2025-09-20 13:58:38,50,0
1,PL-025,2025-09-20 13:58:38,100,0
1,PL-025,2025-09-20 13:58:38,150,0
1,MR-009,2025-09-20 13:58:38,200,0
1,PL-025,2025-09-20 14:00:52,250,0
1,PL-025,2025-09-20 14:00:52,300,0
1,PL-025,2025-09-20 14:00:52,350,0
1,MR-009,2025-09-20 16:05:25,400,0
1,MR-009,2025-09-20 16:05:25,450,0
1,MR-009,2025-09-20 21:12:37,0,40
1,MR-009,2025-09-20 21:12:37,50,40
1,MR-009,2025-09-20 21:12:37,100,40
1,MR-009,2025-09-20 21:12:37,150,40
1,MR-009,2025-09-20 23:09:55,200,40
1,MR-009,2025-09-20 23:09:55,250,40
1,MR-009,2025-09-20 23:20:48,300,40
1,MR-009,2025-09-20 23:20:48,350,40
1,MR-009,2025-09-20 23:20:48,400,40
1,MR-009,2025-09-20 23:20:48,450,40
1,MR-009,2025-09-20 23:20:48,0,80
1,MG-008,2025-09-20 12:02:50,50,80
1,MG-008,2025-09-20 12:02:50,110,80
2,MG-008,2025-09-20 13:45:24,0,0
2,MG-008,2025-09-20 13:45:24,60,0
2,MG-008,2025-09-20 13:58:38,120,0
2,MG-008,2025-09-20 13:58:38,180,0
2,MG-008,2025-09-20 13:58:38,240,0
2,MG-008,2025-09-20 13:58:38,300,0
2,MG-008,2025-09-20 14:00:52,360,0
2,MG-008,2025-09-20 14:00:52,420,0
2,MG-008,2025-09-20 19:31:55,0,30
2,MG-008,2025-09-20 19:31:55,60,30
2,MG-008,2025-09-20 19:31:55,120,30
2,MG-008,2025-09-20 19:31:55,180,30
2,MG-008,2025-09-20 21:56:41,240,30
2,MG-008,2025-09-20 21:56:41,300,30
2,MG-008,2025-09-20 21:56:41,360,30
2,MG-008,2025-09-20 21:56:41,420,30
2,MG-008,2025-09-20 23:09:55,0,60
2,MG-008,2025-09-20 23:09:55,60,60
2,MG-008,2025-09-20 23:09:55,120,60
2,MG-008,2025-09-20 23:09:55,180,60
2,MG-008,2025-09-20 23:09:55,240,60
2,AZ-011,2025-09-20 17:39:24,300,60
2,AZ-011,2025-09-20 17:39:24,350,60
2,AZ-011,2025-09-20 17:39:24,400,60
2,AZ-011,2025-09-20 19:44:12,450,60
2,AZ-011,2025-09-20 19:44:12,0,90
3,AZ-011,2025-09-20 19:44:12,0,0
3,AZ-011,2025-09-20 19:44:12,50,0
3,AZ-011,2025-09-20 19:44:12,100,0
3,AZ-011,2025-09-20 20:42:45,150,0
3,AZ-011,2025-09-20 23:09:55,200,0
3,AZ-011,2025-09-20 23:09:55,250,0
3,AZ-011,2025-09-20 23:09:55,300,0
3,AZ-011,2025-09-20 23:09:55,350,0
3,AZ-011,2025-09-20 23:09:55,400,0
3,BR-178,2025-09-20 12:02:50,450,0
3,BR-178,2025-09-20 12:27:52,0,35
3,BR-178,2025-09-20 12:58:19,40,35
3,BR-178,2025-09-20 15:32:58,80,35
3,BR-178,2025-09-20 15:32:58,120,35
3,BR-178,2025-09-20 15:32:58,160,35
3,BR-178,2025-09-20 16:05:25,200,35
3,BR-178,2025-09-20 19:31:55,240,35
3,BR-178,2025-09-20 19:44:12,280,35
3,BR-178,2025-09-20 19:44:12,320,35
3,BR-178,2025-09-20 19:44:12,360,35
3,BR-178,2025-09-20 19:44:12,400,35
3,BR-178,2025-09-20 20:40:22,440,40
3,BR-178,2025-09-20 20:40:22,0,75
3,BR-178,2025-09-20 20:40:22,40,75
3,BR-178,2025-09-20 21:12:37,80,75
3,BR-178,2025-09-20 21:12:37,120,75
3,BR-178,2025-09-20 21:56:41,160,75
4,BR-178,2025-09-20 21:56:41,0,0
4,BR-178,2025-09-20 21:56:41,40,0
4,BR-178,2025-09-20 21:56:41,80,0
1,PL-014,2025-09-20 12:27:52,170,80
4,FE-213,2025-09-20 12:58:19,120,0
4,FE-213,2025-09-20 12:58:19,170,0
4,FE-213,2025-09-20 12:58:19,220,0
2,PL-014,2025-09-20 13:45:24,50,90
3,PL-014,2025-09-20 13:45:24,200,75
4,PL-014,2025-09-20 13:52:28,270,0
4,PL-014,2025-09-20 13:52:28,320,0
4,PL-014,2025-09-20 13:52:28,370,0
4,PL-014,2025-09-20 15:32:58,420,0
4,PL-014,2025-09-20 15:32:58,120,30
4,PL-014,2025-09-20 15:32:58,170,30
4,FE-213,2025-09-20 16:05:25,220,30
4,FE-213,2025-09-20 16:05:25,270,30
4,FE-213,2025-09-20 16:36:31,320,30
4,FE-213,2025-09-20 16:36:31,370,30
4,FE-213,2025-09-20 16:36:31,420,30
4,PL-014,2025-09-20 16:36:31,0,40
4,PL-014,2025-09-20 16:36:31,50,40
4,PL-014,2025-09-20 16:36:31,100,60
4,PL-014,2025-09-20 17:39:24,150,60
4,PL-014,2025-09-20 17:39:24,200,60
4,PL-014,2025-09-20 17:39:24,250,60
4,FE-213,2025-09-20 18:00:24,300,60
4,FE-213,2025-09-20 18:00:24,350,60
4,FE-213,2025-09-20 18:00:24,400,60
4,FE-213,2025-09-20 18:00:24,450,60
4,FE-213,2025-09-20 18:08:35,0,70
4,FE-213,2025-09-20 21:12:37,50,70
4,FE-213,2025-09-20 21:12:37,100,90
4,FE-213,2025-09-20 21:12:37,150,90
4,FE-213,2025-09-20 21:12:37,200,90
4,FE-213,2025-09-20 21:12:37,250,90
4,FE-213,2025-09-20 23:13:14,300,90
4,FE-213,2025-09-20 23:13:14,350,90
4,LV-337,2025-09-20 15:32:58,400,90
5,LV-337,2025-09-20 15:32:58,0,0
5,LV-337,2025-09-20 15:32:58,35,0
5,LV-337,2025-09-20 17:39:24,70,0
5,LV-337,2025-09-20 17:39:24,105,0
5,LV-337,2025-09-20 17:39:24,140,0
5,LV-337,2025-09-20 17:39:24,175,0
5,LV-337,2025-09-20 17:39:24,210,0
4,DG-324,2025-09-20 18:00:24,435,90
5,LV-337,2025-09-20 18:08:35,245,0
5,LV-337,2025-09-20 18:08:35,280,0
5,LV-337,2025-09-20 18:08:35,315,0
4,DG-324,2025-09-20 20:40:22,0,100
4,DG-324,2025-09-20 20:40:22,35,100
6,DG-324,2025-09-20 20:40:22,0,0
6,LV-337,2025-09-20 21:12:37,35,0
6,LV-337,2025-09-20 21:12:37,70,0
6,LV-337,2025-09-20 21:56:41,105,0
6,LV-337,2025-09-20 21:56:41,140,0
6,LV-337,2025-09-20 21:56:41,175,0
6,LV-337,2025-09-20 21:56:41,210,0
6,LV-337,2025-09-20 21:56:41,245,0
6,LV-337,2025-09-20 23:13:14,280,0
6,LV-337,2025-09-20 23:13:14,315,0
7,LV-337,2025-09-20 23:13:14,0,0
7,LV-337,2025-09-20 23:13:14,35,0
6,BP-896,2025-09-20 12:02:50,350,0
7,BP-896,2025-09-20 12:02:50,70,0
7,BP-896,2025-09-20 12:02:50,110,0
7,BP-896,2025-09-20 12:02:50,150,0
7,BP-896,2025-09-20 12:02:50,190,0
6,PL-013,2025-09-20 12:27:52,390,0
7,PL-013,2025-09-20 12:27:52,230,0
7,PL-013,2025-09-20 12:27:52,270,0
7,PL-013,2025-09-20 12:58:19,310,0
7,PL-013,2025-09-20 13:45:24,350,0
7,PL-013,2025-09-20 13:45:24,390,0
7,PL-013,2025-09-20 13:45:24,430,0
7,PL-013,2025-09-20 13:45:24,70,30
7,PL-013,2025-09-20 13:45:24,110,30
7,BP-896,2025-09-20 14:00:52,150,30
7,BP-896,2025-09-20 14:00:52,190,30
7,PL-013,2025-09-20 15:32:58,230,30
7,PL-013,2025-09-20 15:32:58,270,30
7,PL-013,2025-09-20 15:32:58,310,30
7,PL-013,2025-09-20 15:32:58,350,30
7,PL-013,2025-09-20 16:05:25,390,30
7,BP-896,2025-09-20 16:36:31,430,30
7,BP-896,2025-09-20 16:36:31,0,35
7,BP-896,2025-09-20 16:36:31,40,60
7,BP-896,2025-09-20 16:36:31,80,60
8,BP-896,2025-09-20 16:36:31,0,0
8,BP-896,2025-09-20 18:00:24,40,0
8,BP-896,2025-09-20 18:00:24,80,0
8,BP-896,2025-09-20 18:00:24,120,0
8,BP-896,2025-09-20 18:00:24,160,0
8,BP-896,2025-09-20 18:00:24,200,0
8,BP-896,2025-09-20 23:20:48,240,0
6,WM-774,2025-09-20 12:27:52,430,0
7,WM-774,2025-09-20 13:45:24,470,0
7,WM-774,2025-09-20 13:45:24,470,30
7,WM-774,2025-09-20 13:45:24,120,60
7,WM-774,2025-09-20 13:45:24,150,60
8,FL-643,2025-09-20 13:52:28,280,0
8,FL-643,2025-09-20 13:52:28,310,0
8,FL-643,2025-09-20 13:52:28,340,0
8,FL-643,2025-09-20 13:52:28,370,0
8,WM-774,2025-09-20 14:00:52,400,0
8,WM-774,2025-09-20 14:00:52,430,0
8,WM-774,2025-09-20 14:00:52,460,0
8,WM-774,2025-09-20 14:00:52,0,30
8,FL-643,2025-09-20 15:32:58,30,30
8,FL-643,2025-09-20 15:32:58,60,30
8,FL-643,2025-09-20 15:32:58,90,30
8,WM-774,2025-09-20 18:00:24,120,30
8,WM-774,2025-09-20 18:00:24,150,30
8,WM-774,2025-09-20 18:00:24,180,30
8,WM-774,2025-09-20 19:31:55,210,30
8,WM-774,2025-09-20 19:31:55,240,30
8,WM-774,2025-09-20 19:44:12,270,30
8,WM-774,2025-09-20 19:44:12,300,30
8,WM-774,2025-09-20 20:42:45,330,30
8,WM-774,2025-09-20 20:42:45,360,30
8,WM-774,2025-09-20 20:42:45,390,30
8,WM-774,2025-09-20 21:56:41,420,30
8,WM-774,2025-09-20 21:56:41,450,30
8,FL-643,2025-09-20 23:13:14,0,60
8,FL-643,2025-09-20 23:13:14,30,60
8,FL-643,2025-09-20 23:13:14,60,60
8,FL-643,2025-09-20 23:13:14,90,60
8,FL-643,2025-09-20 23:13:14,120,60
9,GT-243,2025-09-20 13:52:28,0,0
9,GT-243,2025-09-20 13:58:38,40,0
9,GT-243,2025-09-20 13:58:38,80,0
9,GT-243,2025-09-20 18:00:24,120,0
9,GT-243,2025-09-20 18:00:24,160,0
9,GT-243,2025-09-20 18:00:24,200,0
9,GT-243,2025-09-20 18:00:24,240,0
9,GT-243,2025-09-20 19:31:55,280,0
9,GT-243,2025-09-20 19:31:55,320,0
9,GT-243,2025-09-20 19:31:55,360,0
9,GT-243,2025-09-20 19:31:55,400,0
9,GT-243,2025-09-20 20:40:22,440,0
9,GT-243,2025-09-20 20:40:22,0,20
9,GT-243,2025-09-20 20:40:22,40,20
9,GT-243,2025-09-20 20:40:22,80,20
9,GT-243,2025-09-20 20:42:45,120,20
9,GT-243,2025-09-20 20:42:45,160,20
9,GT-243,2025-09-20 20:42:45,200,20
9,GT-243,2025-09-20 20:42:45,240,20
9,GT-243,2025-09-20 23:13:14,280,20
9,GT-243,2025-09-20 23:13:14,320,20
9,GT-243,2025-09-20 23:20:48,360,20
9,GT-243,2025-09-20 23:20:48,400,20
9,GT-243,2025-09-20 23:20:48,440,20
9,GK-874,2025-09-20 12:27:52,0,40
9,GK-874,2025-09-20 12:27:52,35,40
9,GK-874,2025-09-20 16:05:25,70,40
9,GK-874,2025-09-20 16:05:25,105,40
9,GK-874,2025-09-20 16:05:25,140,40
9,GK-874,2025-09-20 16:05:25,175,40
9,GK-874,2025-09-20 16:05:25,210,40
9,GK-874,2025-09-20 18:08:35,245,40
9,GK-874,2025-09-20 18:08:35,280,40
9,GK-874,2025-09-20 18:08:35,315,40
9,GK-874,2025-09-20 18:08:35,350,40
9,GK-874,2025-09-20 18:08:35,385,40
9,GK-874,2025-09-20 21:56:41,420,40
9,GK-874,2025-09-20 21:56:41,455,40
10,GK-874,2025-09-20 21:56:41,0,0
10,GK-874,2025-09-20 21:56:41,35,0
