0,WM-774,2025-09-16,00:04:19,30.0,0.0
0,WM-774,2025-09-16,00:04:19,60.0,0.0
0,WM-774,2025-09-16,00:04:19,90.0,0.0
0,DG-324,2025-09-16,00:04:19,125.0,0.0
0,DG-324,2025-09-16,00:04:19,160.0,0.0
0,DG-324,2025-09-16,00:04:19,195.0,0.0
0,DG-324,2025-09-16,00:04:19,230.0,0.0
0,DG-324,2025-09-16,00:04:19,265.0,0.0
0,MG-008,2025-09-16,00:04:19,325.0,0.0
0,MG-008,2025-09-16,00:04:19,385.0,0.0
0,MG-008,2025-09-16,00:04:19,445.0,0.0
0,MG-008,2025-09-16,00:04:19,60.0,35.0
0,MG-008,2025-09-16,00:04:19,120.0,35.0
0,LV-337,2025-09-16,00:04:19,155.0,35.0
0,LV-337,2025-09-16,00:04:19,190.0,35.0
0,LV-337,2025-09-16,00:04:19,225.0,35.0
0,LV-337,2025-09-16,00:04:19,260.0,35.0
0,MR-009,2025-09-16,00:44:54,310.0,35.0
0,MR-009,2025-09-16,00:44:54,360.0,35.0
0,MR-009,2025-09-16,00:44:54,410.0,35.0
0,MR-009,2025-09-16,00:44:54,460.0,35.0
0,LV-337,2025-09-16,00:44:54,495.0,35.0
1,LV-337,2025-09-16,00:44:54,35.0,0.0
1,LV-337,2025-09-16,00:44:54,70.0,0.0
1,LV-337,2025-09-16,00:44:54,105.0,0.0
1,LV-337,2025-09-16,00:44:54,140.0,0.0
1,GT-243,2025-09-16,00:44:54,180.0,0.0
1,GT-243,2025-09-16,00:44:54,220.0,0.0
1,GT-243,2025-09-16,00:44:54,260.0,0.0
1,GT-243,2025-09-16,00:44:54,300.0,0.0
1,GT-243,2025-09-16,00:44:54,340.0,0.0
1,WM-774,2025-09-16,01:21:50,370.0,0.0
1,WM-774,2025-09-16,01:21:50,400.0,0.0
1,WM-774,2025-09-16,01:21:50,430.0,0.0
1,WM-774,2025-09-16,01:21:50,460.0,0.0
1,WM-774,2025-09-16,01:21:50,490.0,0.0
1,LV-337,2025-09-16,01:21:50,35.0,35.0
1,LV-337,2025-09-16,01:21:50,70.0,35.0
1,FE-213,2025-09-16,01:21:50,120.0,35.0
1,BR-178,2025-09-16,01:21:50,160.0,35.0
1,BR-178,2025-09-16,01:21:50,200.0,35.0
2,LV-337,2025-09-16,01:26:14,35.0,0.0
2,AZ-011,2025-09-16,01:26:14,85.0,0.0
2,AZ-011,2025-09-16,01:26:14,135.0,0.0
2,WM-774,2025-09-16,01:26:14,165.0,0.0
2,WM-774,2025-09-16,01:26:14,195.0,0.0
2,WM-774,2025-09-16,01:26:14,225.0,0.0
2,DG-324,2025-09-16,01:26:14,260.0,0.0
2,DG-324,2025-09-16,01:26:14,295.0,0.0
2,PL-014,2025-09-16,01:40:17,345.0,0.0
2,AZ-011,2025-09-16,01:40:17,395.0,0.0
2,PL-013,2025-09-16,01:40:17,435.0,0.0
2,PL-013,2025-09-16,01:40:17,475.0,0.0
2,PL-013,2025-09-16,01:40:17,40.0,35.0
2,PL-013,2025-09-16,01:40:17,80.0,35.0
2,FE-213,2025-09-16,01:40:17,130.0,35.0
2,FE-213,2025-09-16,01:40:17,180.0,35.0
2,FE-213,2025-09-16,01:40:17,230.0,35.0
2,FE-213,2025-09-16,01:40:17,280.0,35.0
2,MR-009,2025-09-16,01:40:17,330.0,35.0
2,MR-009,2025-09-16,01:40:17,380.0,35.0
2,MR-009,2025-09-16,01:40:17,430.0,35.0
2,MR-009,2025-09-16,01:40:17,480.0,35.0
2,FE-213,2025-09-16,02:59:03,50.0,75.0
2,PL-025,2025-09-16,02:59:03,100.0,75.0
2,WM-774,2025-09-16,02:59:03,130.0,75.0
2,BP-896,2025-09-16,02:59:03,170.0,75.0
2,BP-896,2025-09-16,02:59:03,210.0,75.0
2,BP-896,2025-09-16,02:59:03,250.0,75.0
2,BP-896,2025-09-16,02:59:03,290.0,75.0
2,BP-896,2025-09-16,02:59:03,330.0,75.0
2,AZ-011,2025-09-16,02:59:03,380.0,75.0
3,GT-243,2025-09-16,03:03:21,40.0,0.0
3,GT-243,2025-09-16,03:03:21,80.0,0.0
3,AZ-011,2025-09-16,03:03:21,130.0,0.0
3,AZ-011,2025-09-16,03:03:21,180.0,0.0
3,AZ-011,2025-09-16,03:03:21,230.0,0.0
3,PL-013,2025-09-16,03:03:21,270.0,0.0
3,PL-013,2025-09-16,03:03:21,310.0,0.0
3,PL-013,2025-09-16,03:03:21,350.0,0.0
3,PL-013,2025-09-16,03:03:21,390.0,0.0
3,GK-874,2025-09-16,03:03:21,425.0,0.0
3,GK-874,2025-09-16,03:03:21,460.0,0.0
3,GK-874,2025-09-16,03:03:21,495.0,0.0
3,GK-874,2025-09-16,03:03:21,35.0,35.0
3,GK-874,2025-09-16,03:03:21,70.0,35.0
3,AZ-011,2025-09-16,03:13:05,120.0,35.0
3,AZ-011,2025-09-16,03:13:05,170.0,35.0
3,AZ-011,2025-09-16,03:13:05,220.0,35.0
3,AZ-011,2025-09-16,03:13:05,270.0,35.0
3,AZ-011,2025-09-16,03:13:05,320.0,35.0
3,PL-013,2025-09-16,03:13:05,360.0,35.0
3,PL-013,2025-09-16,03:13:05,400.0,35.0
3,DG-324,2025-09-16,03:13:05,435.0,35.0
3,DG-324,2025-09-16,03:13:05,470.0,35.0
3,DG-324,2025-09-16,03:13:05,35.0,70.0
3,DG-324,2025-09-16,03:13:05,70.0,70.0
3,PL-014,2025-09-16,03:13:05,120.0,70.0
3,PL-014,2025-09-16,03:13:05,170.0,70.0
3,FL-643,2025-09-16,03:15:28,200.0,70.0
3,FL-643,2025-09-16,03:15:28,230.0,70.0
3,FL-643,2025-09-16,03:15:28,260.0,70.0
3,LV-337,2025-09-16,03:15:28,295.0,70.0
3,LV-337,2025-09-16,03:15:28,330.0,70.0
3,GK-874,2025-09-16,03:15:28,365.0,70.0
3,GK-874,2025-09-16,03:15:28,400.0,70.0
4,MR-009,2025-09-16,03:15:28,50.0,0.0
4,MR-009,2025-09-16,03:15:28,100.0,0.0
4,MR-009,2025-09-16,03:15:28,150.0,0.0
4,MR-009,2025-09-16,03:15:28,200.0,0.0
4,MR-009,2025-09-16,03:15:28,250.0,0.0
4,FE-213,2025-09-16,03:18:12,300.0,0.0
4,FE-213,2025-09-16,03:18:12,350.0,0.0
4,FE-213,2025-09-16,03:18:12,400.0,0.0
4,PL-014,2025-09-16,03:18:12,450.0,0.0
4,BR-178,2025-09-16,03:18:12,490.0,0.0
4,BR-178,2025-09-16,03:18:12,40.0,40.0
4,BR-178,2025-09-16,03:18:12,80.0,40.0
4,AZ-011,2025-09-16,03:18:12,130.0,40.0
4,AZ-011,2025-09-16,03:18:12,180.0,40.0
4,AZ-011,2025-09-16,03:18:12,230.0,40.0
4,AZ-011,2025-09-16,03:18:12,280.0,40.0
4,AZ-011,2025-09-16,03:18:12,330.0,40.0
4,PL-013,2025-09-16,04:29:40,370.0,40.0
4,PL-013,2025-09-16,04:29:40,410.0,40.0
4,PL-013,2025-09-16,04:29:40,450.0,40.0
4,PL-013,2025-09-16,04:29:40,490.0,40.0
4,PL-013,2025-09-16,04:29:40,40.0,80.0
4,DG-324,2025-09-16,04:29:40,75.0,80.0
4,DG-324,2025-09-16,04:29:40,110.0,80.0
4,DG-324,2025-09-16,04:29:40,145.0,80.0
4,MG-008,2025-09-16,04:29:40,205.0,80.0
4,MG-008,2025-09-16,04:29:40,265.0,80.0
4,MG-008,2025-09-16,04:29:40,325.0,80.0
4,GT-243,2025-09-16,05:39:53,365.0,80.0
4,GT-243,2025-09-16,05:39:53,405.0,80.0
4,GT-243,2025-09-16,05:39:53,445.0,80.0
4,GT-243,2025-09-16,05:39:53,485.0,80.0
4,GT-243,2025-09-16,05:39:53,40.0,115.0
5,GK-874,2025-09-16,05:39:53,35.0,0.0
5,GK-874,2025-09-16,05:39:53,70.0,0.0
5,FL-643,2025-09-16,05:39:53,100.0,0.0
5,FL-643,2025-09-16,05:39:53,130.0,0.0
5,FL-643,2025-09-16,05:39:53,160.0,0.0
5,MG-008,2025-09-16,05:39:53,220.0,0.0
5,BP-896,2025-09-16,05:39:53,260.0,0.0
5,MG-008,2025-09-16,06:24:02,320.0,0.0
5,MG-008,2025-09-16,06:24:02,380.0,0.0
5,MG-008,2025-09-16,06:24:02,440.0,0.0
5,MG-008,2025-09-16,06:24:02,500.0,0.0
5,WM-774,2025-09-16,06:24:02,30.0,30.0
5,AZ-011,2025-09-16,06:24:02,80.0,30.0
5,AZ-011,2025-09-16,06:24:02,130.0,30.0
5,FE-213,2025-09-16,06:24:02,180.0,30.0
5,FE-213,2025-09-16,06:32:46,230.0,30.0
5,FE-213,2025-09-16,06:32:46,280.0,30.0
5,MR-009,2025-09-16,06:32:46,330.0,30.0
5,MR-009,2025-09-16,06:32:46,380.0,30.0
5,MR-009,2025-09-16,06:32:46,430.0,30.0
5,MR-009,2025-09-16,06:32:46,480.0,30.0
5,GT-243,2025-09-16,06:32:46,40.0,70.0
5,GT-243,2025-09-16,06:32:46,80.0,70.0
5,GK-874,2025-09-16,06:32:46,115.0,70.0
5,GK-874,2025-09-16,06:39:51,150.0,70.0
5,GK-874,2025-09-16,06:39:51,185.0,70.0
5,GK-874,2025-09-16,06:39:51,220.0,70.0
5,GK-874,2025-09-16,06:39:51,255.0,70.0
5,GK-874,2025-09-16,06:39:51,290.0,70.0
6,LV-337,2025-09-16,06:39:51,35.0,0.0
6,LV-337,2025-09-16,06:39:51,70.0,0.0
6,LV-337,2025-09-16,06:39:51,105.0,0.0
6,FE-213,2025-09-16,06:39:51,155.0,0.0
6,BR-178,2025-09-16,06:39:51,195.0,0.0
6,BR-178,2025-09-16,06:39:51,235.0,0.0
6,BR-178,2025-09-16,06:39:51,275.0,0.0
6,BR-178,2025-09-16,06:39:51,315.0,0.0
6,BR-178,2025-09-16,06:39:51,355.0,0.0
6,PL-014,2025-09-16,07:13:10,405.0,0.0
6,PL-014,2025-09-16,07:13:10,455.0,0.0
6,PL-014,2025-09-16,07:13:10,50.0,40.0
6,PL-014,2025-09-16,07:13:10,100.0,40.0
6,PL-014,2025-09-16,07:13:10,150.0,40.0
6,PL-013,2025-09-16,07:13:10,190.0,40.0
6,PL-013,2025-09-16,07:13:10,230.0,40.0
6,PL-013,2025-09-16,07:13:10,270.0,40.0
6,PL-013,2025-09-16,07:13:10,310.0,40.0
6,PL-013,2025-09-16,07:13:10,350.0,40.0
6,LV-337,2025-09-16,07:13:10,385.0,40.0
6,LV-337,2025-09-16,07:13:10,420.0,40.0
6,LV-337,2025-09-16,07:13:10,455.0,40.0
7,FL-643,2025-09-16,07:40:07,30.0,0.0
7,FE-213,2025-09-16,07:40:07,80.0,0.0
7,FE-213,2025-09-16,07:40:07,130.0,0.0
7,FE-213,2025-09-16,07:40:07,180.0,0.0
7,GT-243,2025-09-16,07:40:07,220.0,0.0
7,GT-243,2025-09-16,07:40:07,260.0,0.0
7,GT-243,2025-09-16,07:40:07,300.0,0.0
7,GT-243,2025-09-16,07:40:07,340.0,0.0
7,GT-243,2025-09-16,07:40:07,380.0,0.0
7,WM-774,2025-09-16,08:21:25,410.0,0.0
7,WM-774,2025-09-16,08:21:25,440.0,0.0
7,WM-774,2025-09-16,08:21:25,470.0,0.0
7,WM-774,2025-09-16,08:21:25,500.0,0.0
7,WM-774,2025-09-16,08:21:25,30.0,30.0
7,MG-008,2025-09-16,08:21:25,90.0,30.0
7,MG-008,2025-09-16,08:21:25,150.0,30.0
7,MG-008,2025-09-16,08:21:25,210.0,30.0
7,PL-025,2025-09-16,08:21:25,260.0,30.0
7,PL-025,2025-09-16,08:21:25,310.0,30.0
7,PL-025,2025-09-16,08:21:25,360.0,30.0
7,PL-025,2025-09-16,08:21:25,410.0,30.0
7,DG-324,2025-09-16,08:21:25,445.0,30.0
7,DG-324,2025-09-16,08:21:25,480.0,30.0
7,DG-324,2025-09-16,08:21:25,35.0,70.0
7,DG-324,2025-09-16,08:21:25,70.0,70.0
7,GK-874,2025-09-16,08:28:57,105.0,70.0
7,FE-213,2025-09-16,08:28:57,155.0,70.0
7,FE-213,2025-09-16,08:28:57,205.0,70.0
7,FE-213,2025-09-16,08:28:57,255.0,70.0
7,MG-008,2025-09-16,08:28:57,315.0,70.0
7,MG-008,2025-09-16,08:28:57,375.0,70.0
7,MG-008,2025-09-16,08:28:57,435.0,70.0
7,GT-243,2025-09-16,08:28:57,475.0,70.0
8,GT-243,2025-09-16,08:28:57,40.0,0.0
8,WM-774,2025-09-16,09:25:50,70.0,0.0
8,WM-774,2025-09-16,09:25:50,100.0,0.0
8,WM-774,2025-09-16,09:25:50,130.0,0.0
8,WM-774,2025-09-16,09:25:50,160.0,0.0
8,WM-774,2025-09-16,09:25:50,190.0,0.0
8,FE-213,2025-09-16,09:25:50,240.0,0.0
8,FE-213,2025-09-16,09:25:50,290.0,0.0
8,FE-213,2025-09-16,09:25:50,340.0,0.0
8,DG-324,2025-09-16,09:25:50,375.0,0.0
8,DG-324,2025-09-16,09:25:50,410.0,0.0
8,DG-324,2025-09-16,09:25:50,445.0,0.0
8,DG-324,2025-09-16,09:25:50,480.0,0.0
8,DG-324,2025-09-16,09:25:50,35.0,35.0
8,WM-774,2025-09-16,10:19:12,65.0,35.0
8,WM-774,2025-09-16,10:19:12,95.0,35.0
8,WM-774,2025-09-16,10:19:12,125.0,35.0
8,WM-774,2025-09-16,10:19:12,155.0,35.0
8,AZ-011,2025-09-16,10:19:12,205.0,35.0
8,FE-213,2025-09-16,10:19:12,255.0,35.0
8,BP-896,2025-09-16,10:19:12,295.0,35.0
8,BP-896,2025-09-16,10:19:12,335.0,35.0
8,BP-896,2025-09-16,10:19:12,375.0,35.0
8,BP-896,2025-09-16,10:19:12,415.0,35.0
8,BP-896,2025-09-16,10:19:12,455.0,35.0
8,FL-643,2025-09-16,10:19:12,485.0,35.0
8,FL-643,2025-09-16,10:19:12,30.0,70.0
8,FL-643,2025-09-16,10:19:12,60.0,70.0
8,FL-643,2025-09-16,10:19:12,90.0,70.0
8,FL-643,2025-09-16,10:19:12,120.0,70.0
8,DG-324,2025-09-16,11:38:09,155.0,70.0
8,DG-324,2025-09-16,11:38:09,190.0,70.0
8,DG-324,2025-09-16,11:38:09,225.0,70.0
8,DG-324,2025-09-16,11:38:09,260.0,70.0
8,FL-643,2025-09-16,11:38:09,290.0,70.0
8,FL-643,2025-09-16,11:38:09,320.0,70.0
9,FL-643,2025-09-16,11:38:09,30.0,0.0
9,FL-643,2025-09-16,11:38:09,60.0,0.0
9,FL-643,2025-09-16,11:38:09,90.0,0.0
9,GK-874,2025-09-16,11:38:09,125.0,0.0
9,GK-874,2025-09-16,11:38:09,160.0,0.0
9,GK-874,2025-09-16,11:38:09,195.0,0.0
9,GK-874,2025-09-16,11:38:09,230.0,0.0
9,GK-874,2025-09-16,11:38:09,265.0,0.0
9,AZ-011,2025-09-16,11:38:09,315.0,0.0
9,AZ-011,2025-09-16,11:38:09,365.0,0.0
0,PL-014,2025-09-16,12:09:43,50.0,0.0
0,PL-025,2025-09-16,12:09:43,100.0,0.0
0,FL-643,2025-09-16,12:09:43,130.0,0.0
0,FL-643,2025-09-16,12:09:43,160.0,0.0
0,FL-643,2025-09-16,12:09:43,190.0,0.0
0,PL-013,2025-09-16,13:04:10,230.0,0.0
0,PL-013,2025-09-16,13:04:10,270.0,0.0
0,BR-178,2025-09-16,13:04:10,310.0,0.0
0,BR-178,2025-09-16,13:04:10,350.0,0.0
0,FE-213,2025-09-16,13:04:10,400.0,0.0
0,FE-213,2025-09-16,13:04:10,450.0,0.0
0,FE-213,2025-09-16,13:04:10,500.0,0.0
0,FE-213,2025-09-16,13:04:10,50.0,40.0
0,MG-008,2025-09-16,13:04:10,110.0,40.0
0,MR-009,2025-09-16,13:04:10,160.0,40.0
0,MR-009,2025-09-16,13:04:10,210.0,40.0
0,MR-009,2025-09-16,13:04:10,260.0,40.0
0,MR-009,2025-09-16,13:04:10,310.0,40.0
0,MR-009,2025-09-16,13:34:13,360.0,40.0
0,MR-009,2025-09-16,13:34:13,410.0,40.0
0,MR-009,2025-09-16,13:34:13,460.0,40.0
0,FE-213,2025-09-16,13:34:13,50.0,80.0
0,FE-213,2025-09-16,13:34:13,100.0,80.0
0,BP-896,2025-09-16,13:34:13,140.0,80.0
0,BP-896,2025-09-16,13:34:13,180.0,80.0
0,DG-324,2025-09-16,13:34:13,215.0,80.0
0,DG-324,2025-09-16,13:34:13,250.0,80.0
0,DG-324,2025-09-16,13:34:13,285.0,80.0
0,DG-324,2025-09-16,13:34:13,320.0,80.0
0,DG-324,2025-09-16,13:34:13,355.0,80.0
1,BP-896,2025-09-16,13:40:27,40.0,0.0
1,BP-896,2025-09-16,13:40:27,80.0,0.0
1,GT-243,2025-09-16,13:40:27,120.0,0.0
1,GT-243,2025-09-16,13:40:27,160.0,0.0
1,MG-008,2025-09-16,13:40:27,220.0,0.0
1,MG-008,2025-09-16,13:40:27,280.0,0.0
1,DG-324,2025-09-16,13:40:27,315.0,0.0
1,DG-324,2025-09-16,13:40:27,350.0,0.0
1,DG-324,2025-09-16,13:40:27,385.0,0.0
1,DG-324,2025-09-16,13:40:27,420.0,0.0
1,GK-874,2025-09-16,13:40:27,455.0,0.0
1,GK-874,2025-09-16,13:40:27,490.0,0.0
1,GK-874,2025-09-16,13:40:27,35.0,35.0
1,GK-874,2025-09-16,13:40:27,70.0,35.0
1,PL-025,2025-09-16,14:08:12,120.0,35.0
1,PL-025,2025-09-16,14:08:12,170.0,35.0
1,PL-025,2025-09-16,14:08:12,220.0,35.0
1,PL-025,2025-09-16,14:08:12,270.0,35.0
1,PL-025,2025-09-16,14:08:12,320.0,35.0
1,LV-337,2025-09-16,14:08:12,355.0,35.0
1,FE-213,2025-09-16,14:08:12,405.0,35.0
1,FE-213,2025-09-16,14:08:12,455.0,35.0
1,FE-213,2025-09-16,14:08:12,50.0,75.0
1,FE-213,2025-09-16,14:23:10,100.0,75.0
1,FE-213,2025-09-16,14:23:10,150.0,75.0
1,FE-213,2025-09-16,14:23:10,200.0,75.0
1,FE-213,2025-09-16,14:23:10,250.0,75.0
1,FE-213,2025-09-16,14:23:10,300.0,75.0
1,WM-774,2025-09-16,14:23:10,330.0,75.0
2,WM-774,2025-09-16,14:23:10,30.0,0.0
2,WM-774,2025-09-16,14:23:10,60.0,0.0
2,WM-774,2025-09-16,14:23:10,90.0,0.0
2,WM-774,2025-09-16,14:23:10,120.0,0.0
2,PL-014,2025-09-16,14:23:10,170.0,0.0
2,PL-014,2025-09-16,14:23:10,220.0,0.0
2,PL-014,2025-09-16,14:23:10,270.0,0.0
2,PL-014,2025-09-16,14:23:10,320.0,0.0
2,PL-025,2025-09-16,14:36:00,370.0,0.0
2,PL-025,2025-09-16,14:36:00,420.0,0.0
2,PL-025,2025-09-16,14:36:00,470.0,0.0
2,PL-025,2025-09-16,14:36:00,50.0,40.0
2,LV-337,2025-09-16,14:36:00,85.0,40.0
2,LV-337,2025-09-16,14:36:00,120.0,40.0
2,LV-337,2025-09-16,14:36:00,155.0,40.0
2,DG-324,2025-09-16,14:36:00,190.0,40.0
2,DG-324,2025-09-16,14:36:00,225.0,40.0
2,BR-178,2025-09-16,14:56:29,265.0,40.0
2,WM-774,2025-09-16,14:56:29,295.0,40.0
2,WM-774,2025-09-16,14:56:29,325.0,40.0
2,WM-774,2025-09-16,14:56:29,355.0,40.0
2,WM-774,2025-09-16,14:56:29,385.0,40.0
2,WM-774,2025-09-16,14:56:29,415.0,40.0
2,AZ-011,2025-09-16,14:56:29,465.0,40.0
2,AZ-011,2025-09-16,14:56:29,50.0,80.0
2,AZ-011,2025-09-16,14:56:29,100.0,80.0
2,LV-337,2025-09-16,14:56:29,135.0,80.0
2,MG-008,2025-09-16,14:56:29,195.0,80.0
2,BP-896,2025-09-16,15:06:35,235.0,80.0
3,BP-896,2025-09-16,15:06:35,40.0,0.0
3,BP-896,2025-09-16,15:06:35,80.0,0.0
3,BP-896,2025-09-16,15:06:35,120.0,0.0
3,DG-324,2025-09-16,15:06:35,155.0,0.0
3,MG-008,2025-09-16,15:06:35,215.0,0.0
3,MG-008,2025-09-16,15:06:35,275.0,0.0
3,MG-008,2025-09-16,15:06:35,335.0,0.0
3,MG-008,2025-09-16,15:06:35,395.0,0.0
3,MG-008,2025-09-16,15:06:35,455.0,0.0
3,GK-874,2025-09-16,16:27:39,490.0,0.0
3,GK-874,2025-09-16,16:27:39,35.0,35.0
3,GK-874,2025-09-16,16:27:39,70.0,35.0
3,PL-025,2025-09-16,16:27:39,120.0,35.0
3,PL-025,2025-09-16,16:27:39,170.0,35.0
3,PL-025,2025-09-16,16:27:39,220.0,35.0
3,PL-025,2025-09-16,16:27:39,270.0,35.0
3,WM-774,2025-09-16,16:27:39,300.0,35.0
3,WM-774,2025-09-16,16:27:39,330.0,35.0
3,BP-896,2025-09-16,16:49:13,370.0,35.0
3,BP-896,2025-09-16,16:49:13,410.0,35.0
3,BP-896,2025-09-16,16:49:13,450.0,35.0
3,DG-324,2025-09-16,16:49:13,485.0,35.0
3,MR-009,2025-09-16,16:49:13,50.0,75.0
3,MR-009,2025-09-16,16:49:13,100.0,75.0
3,MR-009,2025-09-16,16:49:13,150.0,75.0
3,MR-009,2025-09-16,16:49:13,200.0,75.0
4,BP-896,2025-09-16,19:07:42,40.0,0.0
4,BP-896,2025-09-16,19:07:42,80.0,0.0
4,BP-896,2025-09-16,19:07:42,120.0,0.0
4,PL-025,2025-09-16,19:07:42,170.0,0.0
4,PL-025,2025-09-16,19:07:42,220.0,0.0
4,LV-337,2025-09-16,19:07:42,255.0,0.0
4,LV-337,2025-09-16,19:07:42,290.0,0.0
4,BR-178,2025-09-16,19:07:42,330.0,0.0
4,BR-178,2025-09-16,19:07:42,370.0,0.0
4,BR-178,2025-09-16,19:07:42,410.0,0.0
4,BR-178,2025-09-16,19:07:42,450.0,0.0
4,BR-178,2025-09-16,19:07:42,490.0,0.0
4,PL-013,2025-09-16,20:39:38,40.0,40.0
4,PL-013,2025-09-16,20:39:38,80.0,40.0
4,PL-013,2025-09-16,20:39:38,120.0,40.0
4,PL-013,2025-09-16,20:39:38,160.0,40.0
4,PL-013,2025-09-16,20:39:38,200.0,40.0
4,LV-337,2025-09-16,20:39:38,235.0,40.0
4,LV-337,2025-09-16,20:39:38,270.0,40.0
4,FE-213,2025-09-16,20:39:38,320.0,40.0
5,FE-213,2025-09-16,20:39:38,50.0,0.0
5,FE-213,2025-09-16,20:39:38,100.0,0.0
5,FE-213,2025-09-16,20:39:38,150.0,0.0
5,FL-643,2025-09-16,20:39:38,180.0,0.0
5,FL-643,2025-09-16,20:39:38,210.0,0.0
5,FL-643,2025-09-16,20:39:38,240.0,0.0
5,FL-643,2025-09-16,20:39:38,270.0,0.0
5,DG-324,2025-09-16,20:39:38,305.0,0.0
5,BR-178,2025-09-16,21:03:34,345.0,0.0
5,BR-178,2025-09-16,21:03:34,385.0,0.0
5,BR-178,2025-09-16,21:03:34,425.0,0.0
5,BR-178,2025-09-16,21:03:34,465.0,0.0
5,PL-013,2025-09-16,21:03:34,40.0,40.0
5,PL-013,2025-09-16,21:03:34,80.0,40.0
5,PL-013,2025-09-16,21:03:34,120.0,40.0
5,PL-013,2025-09-16,21:03:34,160.0,40.0
5,PL-013,2025-09-16,21:03:34,200.0,40.0
5,FL-643,2025-09-16,21:03:34,230.0,40.0
5,PL-014,2025-09-16,21:20:00,280.0,40.0
5,MR-009,2025-09-16,21:20:00,330.0,40.0
5,MG-008,2025-09-16,21:20:00,390.0,40.0
5,MG-008,2025-09-16,21:20:00,450.0,40.0
5,MG-008,2025-09-16,21:20:00,60.0,80.0
5,MG-008,2025-09-16,21:20:00,120.0,80.0
5,MG-008,2025-09-16,21:34:41,180.0,80.0
5,MG-008,2025-09-16,21:34:41,240.0,80.0
5,DG-324,2025-09-16,21:34:41,275.0,80.0
5,DG-324,2025-09-16,21:34:41,310.0,80.0
5,DG-324,2025-09-16,21:34:41,345.0,80.0
5,DG-324,2025-09-16,21:34:41,380.0,80.0
5,FL-643,2025-09-16,21:34:41,410.0,80.0
6,FL-643,2025-09-16,21:34:41,30.0,0.0
6,FE-213,2025-09-16,21:34:41,80.0,0.0
6,FE-213,2025-09-16,21:34:41,130.0,0.0
6,FE-213,2025-09-16,21:34:41,180.0,0.0
6,FE-213,2025-09-16,21:34:41,230.0,0.0
6,FE-213,2025-09-16,21:34:41,280.0,0.0
6,BP-896,2025-09-16,21:34:41,320.0,0.0
6,BP-896,2025-09-16,21:34:41,360.0,0.0
6,GK-874,2025-09-16,21:59:19,395.0,0.0
6,AZ-011,2025-09-16,21:59:19,445.0,0.0
6,AZ-011,2025-09-16,21:59:19,495.0,0.0
6,AZ-011,2025-09-16,21:59:19,50.0,35.0
6,BP-896,2025-09-16,21:59:19,90.0,35.0
6,BP-896,2025-09-16,21:59:19,130.0,35.0
6,FE-213,2025-09-16,22:04:42,180.0,35.0
6,FE-213,2025-09-16,22:04:42,230.0,35.0
6,FE-213,2025-09-16,22:04:42,280.0,35.0
6,DG-324,2025-09-16,22:04:42,315.0,35.0
6,PL-025,2025-09-16,22:04:42,365.0,35.0
6,PL-025,2025-09-16,22:04:42,415.0,35.0
6,PL-025,2025-09-16,22:04:42,465.0,35.0
6,PL-025,2025-09-16,22:04:42,50.0,75.0
6,PL-025,2025-09-16,22:04:42,100.0,75.0
6,PL-013,2025-09-16,22:04:42,140.0,75.0
6,PL-013,2025-09-16,22:04:42,180.0,75.0
6,BR-178,2025-09-16,22:21:59,220.0,75.0
6,BR-178,2025-09-16,22:21:59,260.0,75.0
7,GT-243,2025-09-16,22:21:59,40.0,0.0
7,GT-243,2025-09-16,22:21:59,80.0,0.0
7,GT-243,2025-09-16,22:21:59,120.0,0.0
7,GT-243,2025-09-16,22:21:59,160.0,0.0
7,LV-337,2025-09-16,22:21:59,195.0,0.0
7,LV-337,2025-09-16,22:21:59,230.0,0.0
7,LV-337,2025-09-16,22:21:59,265.0,0.0
7,LV-337,2025-09-16,22:21:59,300.0,0.0
7,PL-014,2025-09-16,22:21:59,350.0,0.0
7,PL-014,2025-09-16,22:21:59,400.0,0.0
7,PL-014,2025-09-16,22:21:59,450.0,0.0
7,PL-014,2025-09-16,22:21:59,500.0,0.0
7,PL-014,2025-09-16,22:21:59,50.0,35.0
7,FE-213,2025-09-16,22:21:59,100.0,35.0
7,FE-213,2025-09-16,22:21:59,150.0,35.0
7,FE-213,2025-09-16,22:21:59,200.0,35.0
7,FE-213,2025-09-16,22:21:59,250.0,35.0
7,BR-178,2025-09-16,23:21:10,290.0,35.0
7,BR-178,2025-09-16,23:21:10,330.0,35.0
7,FE-213,2025-09-16,23:21:10,380.0,35.0
7,FE-213,2025-09-16,23:21:10,430.0,35.0
7,FE-213,2025-09-16,23:21:10,480.0,35.0
7,FE-213,2025-09-16,23:21:10,50.0,75.0
7,LV-337,2025-09-16,23:21:10,85.0,75.0
8,LV-337,2025-09-16,23:21:10,35.0,0.0
0,FE-213,2025-09-17,00:00:16,50.0,0.0
0,FE-213,2025-09-17,00:00:16,100.0,0.0
0,FE-213,2025-09-17,00:00:16,150.0,0.0
0,FE-213,2025-09-17,00:00:16,200.0,0.0
0,FE-213,2025-09-17,00:00:16,250.0,0.0
0,LV-337,2025-09-17,00:00:16,285.0,0.0
0,BP-896,2025-09-17,00:00:16,325.0,0.0
0,BP-896,2025-09-17,00:00:16,365.0,0.0
0,BP-896,2025-09-17,00:00:16,405.0,0.0
0,BP-896,2025-09-17,00:00:16,445.0,0.0
0,BP-896,2025-09-17,00:00:16,485.0,0.0
0,FL-643,2025-09-17,00:00:16,30.0,35.0
0,FL-643,2025-09-17,00:00:16,60.0,35.0
0,FL-643,2025-09-17,00:00:16,90.0,35.0
0,FE-213,2025-09-17,01:13:10,140.0,35.0
0,FE-213,2025-09-17,01:13:10,190.0,35.0
0,FE-213,2025-09-17,01:13:10,240.0,35.0
0,DG-324,2025-09-17,01:13:10,275.0,35.0
0,DG-324,2025-09-17,01:13:10,310.0,35.0
0,DG-324,2025-09-17,01:13:10,345.0,35.0
0,MG-008,2025-09-17,01:13:10,405.0,35.0
0,MG-008,2025-09-17,01:13:10,465.0,35.0
0,LV-337,2025-09-17,01:13:10,500.0,35.0
1,LV-337,2025-09-17,01:13:10,35.0,0.0
1,LV-337,2025-09-17,01:13:10,70.0,0.0
1,LV-337,2025-09-17,01:13:10,105.0,0.0
1,BP-896,2025-09-17,01:23:30,145.0,0.0
1,BP-896,2025-09-17,01:23:30,185.0,0.0
1,BP-896,2025-09-17,01:23:30,225.0,0.0
1,BP-896,2025-09-17,01:23:30,265.0,0.0
1,AZ-011,2025-09-17,01:23:30,315.0,0.0
1,AZ-011,2025-09-17,01:23:30,365.0,0.0
1,AZ-011,2025-09-17,01:23:30,415.0,0.0
1,AZ-011,2025-09-17,01:23:30,465.0,0.0
1,MG-008,2025-09-17,01:23:30,60.0,35.0
1,GK-874,2025-09-17,01:23:30,95.0,35.0
1,DG-324,2025-09-17,01:23:30,130.0,35.0
1,DG-324,2025-09-17,01:23:30,165.0,35.0
1,MG-008,2025-09-17,02:07:00,225.0,35.0
1,PL-013,2025-09-17,02:07:00,265.0,35.0
1,PL-013,2025-09-17,02:07:00,305.0,35.0
1,PL-013,2025-09-17,02:07:00,345.0,35.0
1,FE-213,2025-09-17,02:07:00,395.0,35.0
1,FE-213,2025-09-17,02:28:40,445.0,35.0
1,FE-213,2025-09-17,02:28:40,495.0,35.0
1,FE-213,2025-09-17,02:28:40,50.0,70.0
1,FE-213,2025-09-17,02:28:40,100.0,70.0
1,GT-243,2025-09-17,02:28:40,140.0,70.0
2,GT-243,2025-09-17,02:28:40,40.0,0.0
2,GT-243,2025-09-17,02:28:40,80.0,0.0
2,GK-874,2025-09-17,02:28:40,115.0,0.0
2,GK-874,2025-09-17,02:28:40,150.0,0.0
2,GK-874,2025-09-17,02:28:40,185.0,0.0
2,GT-243,2025-09-17,02:48:44,225.0,0.0
2,GT-243,2025-09-17,02:48:44,265.0,0.0
2,GT-243,2025-09-17,02:48:44,305.0,0.0
2,GK-874,2025-09-17,02:48:44,340.0,0.0
2,GK-874,2025-09-17,02:48:44,375.0,0.0
2,GK-874,2025-09-17,02:48:44,410.0,0.0
2,GK-874,2025-09-17,02:48:44,445.0,0.0
2,AZ-011,2025-09-17,02:48:44,495.0,0.0
2,AZ-011,2025-09-17,02:48:44,50.0,35.0
2,MR-009,2025-09-17,02:48:44,100.0,35.0
2,MR-009,2025-09-17,02:48:44,150.0,35.0
2,BR-178,2025-09-17,03:38:11,190.0,35.0
2,BR-178,2025-09-17,03:38:11,230.0,35.0
2,BR-178,2025-09-17,03:38:11,270.0,35.0
2,BP-896,2025-09-17,03:38:11,310.0,35.0
2,BP-896,2025-09-17,03:38:11,350.0,35.0
2,GK-874,2025-09-17,03:38:11,385.0,35.0
2,GK-874,2025-09-17,03:38:11,420.0,35.0
2,GK-874,2025-09-17,03:38:11,455.0,35.0
2,GK-874,2025-09-17,03:38:11,490.0,35.0
2,GK-874,2025-09-17,03:38:11,35.0,75.0
2,GT-243,2025-09-17,03:38:11,75.0,75.0
2,LV-337,2025-09-17,04:15:10,110.0,75.0
2,LV-337,2025-09-17,04:15:10,145.0,75.0
3,LV-337,2025-09-17,04:15:10,35.0,0.0
3,PL-014,2025-09-17,04:15:10,85.0,0.0
3,PL-014,2025-09-17,04:15:10,135.0,0.0
3,PL-014,2025-09-17,04:15:10,185.0,0.0
3,PL-014,2025-09-17,04:15:10,235.0,0.0
3,GK-874,2025-09-17,04:15:10,270.0,0.0
3,GK-874,2025-09-17,04:15:10,305.0,0.0
3,GK-874,2025-09-17,04:15:10,340.0,0.0
3,PL-025,2025-09-17,04:15:10,390.0,0.0
3,PL-025,2025-09-17,04:15:10,440.0,0.0
3,PL-025,2025-09-17,04:15:10,490.0,0.0
3,GT-243,2025-09-17,04:15:10,40.0,40.0
3,GT-243,2025-09-17,04:15:10,80.0,40.0
3,GT-243,2025-09-17,04:15:10,120.0,40.0
3,PL-025,2025-09-17,04:44:20,170.0,40.0
3,PL-025,2025-09-17,04:44:20,220.0,40.0
3,PL-025,2025-09-17,04:44:20,270.0,40.0
3,PL-025,2025-09-17,04:44:20,320.0,40.0
3,MG-008,2025-09-17,04:44:20,380.0,40.0
3,MG-008,2025-09-17,04:44:20,440.0,40.0
3,MG-008,2025-09-17,04:44:20,500.0,40.0
3,MG-008,2025-09-17,04:44:20,60.0,80.0
3,GK-874,2025-09-17,04:44:20,95.0,80.0
3,MR-009,2025-09-17,04:44:20,145.0,80.0
3,MR-009,2025-09-17,04:44:20,195.0,80.0
3,GT-243,2025-09-17,04:44:20,235.0,80.0
3,GT-243,2025-09-17,04:44:20,275.0,80.0
3,MG-008,2025-09-17,05:11:22,335.0,80.0
4,MG-008,2025-09-17,05:11:22,60.0,0.0
4,MG-008,2025-09-17,05:11:22,120.0,0.0
4,MG-008,2025-09-17,05:11:22,180.0,0.0
4,MG-008,2025-09-17,05:11:22,240.0,0.0
4,BR-178,2025-09-17,05:11:22,280.0,0.0
4,BR-178,2025-09-17,05:11:22,320.0,0.0
4,BR-178,2025-09-17,05:11:22,360.0,0.0
4,BR-178,2025-09-17,05:11:22,400.0,0.0
4,BR-178,2025-09-17,05:11:22,440.0,0.0
4,MR-009,2025-09-17,05:11:22,490.0,0.0
4,WM-774,2025-09-17,05:11:22,30.0,40.0
4,WM-774,2025-09-17,05:11:22,60.0,40.0
4,WM-774,2025-09-17,05:11:22,90.0,40.0
4,WM-774,2025-09-17,05:11:22,120.0,40.0
4,LV-337,2025-09-17,05:11:22,155.0,40.0
4,PL-013,2025-09-17,05:12:20,195.0,40.0
4,PL-025,2025-09-17,05:12:20,245.0,40.0
4,PL-025,2025-09-17,05:12:20,295.0,40.0
4,PL-025,2025-09-17,05:12:20,345.0,40.0
4,BR-178,2025-09-17,05:12:20,385.0,40.0
4,BR-178,2025-09-17,05:12:20,425.0,40.0
4,BR-178,2025-09-17,05:12:20,465.0,40.0
4,BR-178,2025-09-17,05:12:20,40.0,80.0
4,BR-178,2025-09-17,05:12:20,80.0,80.0
5,LV-337,2025-09-17,05:31:26,35.0,0.0
5,LV-337,2025-09-17,05:31:26,70.0,0.0
5,LV-337,2025-09-17,05:31:26,105.0,0.0
5,LV-337,2025-09-17,05:31:26,140.0,0.0
5,LV-337,2025-09-17,05:31:26,175.0,0.0
5,MG-008,2025-09-17,05:31:26,235.0,0.0
5,MG-008,2025-09-17,05:31:26,295.0,0.0
5,MG-008,2025-09-17,05:31:26,355.0,0.0
5,MG-008,2025-09-17,05:31:26,415.0,0.0
5,FL-643,2025-09-17,05:31:26,445.0,0.0
5,GT-243,2025-09-17,06:24:10,485.0,0.0
5,GT-243,2025-09-17,06:24:10,40.0,35.0
5,GT-243,2025-09-17,06:24:10,80.0,35.0
5,PL-014,2025-09-17,06:24:10,130.0,35.0
5,PL-014,2025-09-17,06:24:10,180.0,35.0
5,LV-337,2025-09-17,06:24:10,215.0,35.0
6,LV-337,2025-09-17,06:24:10,35.0,0.0
6,LV-337,2025-09-17,06:24:10,70.0,0.0
6,BR-178,2025-09-17,06:24:10,110.0,0.0
6,BR-178,2025-09-17,06:24:10,150.0,0.0
6,GT-243,2025-09-17,07:19:22,190.0,0.0
6,GT-243,2025-09-17,07:19:22,230.0,0.0
6,GT-243,2025-09-17,07:19:22,270.0,0.0
6,GT-243,2025-09-17,07:19:22,310.0,0.0
6,PL-025,2025-09-17,07:19:22,360.0,0.0
6,PL-025,2025-09-17,07:19:22,410.0,0.0
6,LV-337,2025-09-17,07:19:22,445.0,0.0
6,LV-337,2025-09-17,07:19:22,480.0,0.0
6,LV-337,2025-09-17,07:19:22,35.0,40.0
6,DG-324,2025-09-17,07:19:22,70.0,40.0
6,DG-324,2025-09-17,07:19:22,105.0,40.0
6,DG-324,2025-09-17,07:19:22,140.0,40.0
6,DG-324,2025-09-17,07:19:22,175.0,40.0
6,MR-009,2025-09-17,07:23:21,225.0,40.0
6,MR-009,2025-09-17,07:23:21,275.0,40.0
6,MR-009,2025-09-17,07:23:21,325.0,40.0
7,GK-874,2025-09-17,07:23:21,35.0,0.0
7,GK-874,2025-09-17,07:23:21,70.0,0.0
7,GK-874,2025-09-17,07:23:21,105.0,0.0
7,GK-874,2025-09-17,07:23:21,140.0,0.0
7,GK-874,2025-09-17,07:23:21,175.0,0.0
7,BP-896,2025-09-17,07:23:21,215.0,0.0
7,BP-896,2025-09-17,07:23:21,255.0,0.0
7,BP-896,2025-09-17,07:23:21,295.0,0.0
7,BR-178,2025-09-17,07:23:21,335.0,0.0
7,BR-178,2025-09-17,07:23:21,375.0,0.0
7,BR-178,2025-09-17,07:23:21,415.0,0.0
7,BR-178,2025-09-17,07:23:21,455.0,0.0
7,PL-014,2025-09-17,07:23:21,50.0,40.0
7,PL-014,2025-09-17,07:23:21,100.0,40.0
7,LV-337,2025-09-17,08:51:42,135.0,40.0
7,LV-337,2025-09-17,08:51:42,170.0,40.0
7,PL-013,2025-09-17,08:51:42,210.0,40.0
7,PL-013,2025-09-17,08:51:42,250.0,40.0
7,PL-013,2025-09-17,08:51:42,290.0,40.0
7,PL-013,2025-09-17,08:51:42,330.0,40.0
7,PL-013,2025-09-17,08:51:42,370.0,40.0
7,GT-243,2025-09-17,08:51:42,410.0,40.0
7,GT-243,2025-09-17,08:51:42,450.0,40.0
7,FE-213,2025-09-17,10:11:08,500.0,40.0
7,AZ-011,2025-09-17,10:11:08,50.0,75.0
7,AZ-011,2025-09-17,10:11:08,100.0,75.0
7,AZ-011,2025-09-17,10:11:08,150.0,75.0
7,AZ-011,2025-09-17,10:11:08,200.0,75.0
7,AZ-011,2025-09-17,10:11:08,250.0,75.0
7,PL-014,2025-09-17,10:11:08,300.0,75.0
7,PL-014,2025-09-17,10:11:08,350.0,75.0
7,PL-014,2025-09-17,10:11:08,400.0,75.0
8,PL-014,2025-09-17,10:11:08,50.0,0.0
8,PL-014,2025-09-17,10:11:08,100.0,0.0
8,BP-896,2025-09-17,10:11:08,140.0,0.0
8,BP-896,2025-09-17,10:11:08,180.0,0.0
8,BP-896,2025-09-17,10:11:08,220.0,0.0
8,BP-896,2025-09-17,10:11:08,260.0,0.0
8,BR-178,2025-09-17,10:11:08,300.0,0.0
8,BR-178,2025-09-17,10:11:08,340.0,0.0
8,BR-178,2025-09-17,10:11:08,380.0,0.0
8,BR-178,2025-09-17,10:11:08,420.0,0.0
8,PL-025,2025-09-17,10:31:29,470.0,0.0
8,PL-025,2025-09-17,10:31:29,50.0,40.0
8,PL-025,2025-09-17,10:31:29,100.0,40.0
8,BR-178,2025-09-17,10:31:29,140.0,40.0
8,FE-213,2025-09-17,10:31:29,190.0,40.0
8,FE-213,2025-09-17,10:31:29,240.0,40.0
8,GT-243,2025-09-17,11:25:15,280.0,40.0
8,BR-178,2025-09-17,11:25:15,320.0,40.0
8,BR-178,2025-09-17,11:25:15,360.0,40.0
8,MG-008,2025-09-17,11:25:15,420.0,40.0
8,WM-774,2025-09-17,11:25:18,450.0,40.0
8,WM-774,2025-09-17,11:25:18,480.0,40.0
8,WM-774,2025-09-17,11:25:18,30.0,80.0
8,WM-774,2025-09-17,11:25:18,60.0,80.0
8,PL-014,2025-09-17,11:25:18,110.0,80.0
8,BR-178,2025-09-17,11:25:18,150.0,80.0
8,BR-178,2025-09-17,11:25:18,190.0,80.0
8,MG-008,2025-09-17,11:25:18,250.0,80.0
8,MG-008,2025-09-17,11:25:18,310.0,80.0
9,MG-008,2025-09-17,11:25:18,60.0,0.0
9,MG-008,2025-09-17,11:25:18,120.0,0.0
9,MG-008,2025-09-17,11:25:18,180.0,0.0
9,BP-896,2025-09-17,11:33:13,220.0,0.0
9,BP-896,2025-09-17,11:33:13,260.0,0.0
9,BP-896,2025-09-17,11:33:13,300.0,0.0
9,BP-896,2025-09-17,11:33:13,340.0,0.0
9,BR-178,2025-09-17,11:33:13,380.0,0.0
9,BR-178,2025-09-17,11:33:13,420.0,0.0
9,BR-178,2025-09-17,11:33:13,460.0,0.0
9,BR-178,2025-09-17,11:33:13,500.0,0.0
9,GK-874,2025-09-17,11:33:13,35.0,40.0
9,GK-874,2025-09-17,11:33:13,70.0,40.0
9,GK-874,2025-09-17,11:33:13,105.0,40.0
9,GK-874,2025-09-17,11:33:13,140.0,40.0
9,GK-874,2025-09-17,11:33:13,175.0,40.0
9,BR-178,2025-09-17,11:46:58,215.0,40.0
9,BR-178,2025-09-17,11:46:58,255.0,40.0
9,BR-178,2025-09-17,11:46:58,295.0,40.0
9,BR-178,2025-09-17,11:46:58,335.0,40.0
9,BR-178,2025-09-17,11:46:58,375.0,40.0
9,MR-009,2025-09-17,11:46:58,425.0,40.0
9,MR-009,2025-09-17,11:46:58,475.0,40.0
9,FL-643,2025-09-17,11:46:58,30.0,80.0
9,FL-643,2025-09-17,11:46:58,60.0,80.0
9,FL-643,2025-09-17,11:46:58,90.0,80.0
10,FL-643,2025-09-17,11:46:58,30.0,0.0
10,DG-324,2025-09-17,11:46:58,65.0,0.0
10,DG-324,2025-09-17,11:46:58,100.0,0.0
10,DG-324,2025-09-17,11:46:58,135.0,0.0
10,DG-324,2025-09-17,11:46:58,170.0,0.0
10,DG-324,2025-09-17,11:46:58,205.0,0.0
10,LV-337,2025-09-17,11:46:58,240.0,0.0
10,LV-337,2025-09-17,11:46:58,275.0,0.0
10,LV-337,2025-09-17,11:46:58,310.0,0.0
10,LV-337,2025-09-17,11:46:58,345.0,0.0
10,LV-337,2025-09-17,11:46:58,380.0,0.0
10,WM-774,2025-09-17,11:57:36,410.0,0.0
10,WM-774,2025-09-17,11:57:36,440.0,0.0
10,WM-774,2025-09-17,11:57:36,470.0,0.0
10,LV-337,2025-09-17,11:57:36,35.0,35.0
10,DG-324,2025-09-17,11:57:36,70.0,35.0
10,DG-324,2025-09-17,11:57:36,105.0,35.0
10,BP-896,2025-09-17,11:57:36,145.0,35.0
10,BP-896,2025-09-17,11:57:36,185.0,35.0
10,BP-896,2025-09-17,11:57:36,225.0,35.0
11,BP-896,2025-09-17,11:57:36,40.0,0.0
11,BP-896,2025-09-17,11:57:36,80.0,0.0
0,GK-874,2025-09-17,12:06:05,35.0,0.0
0,GK-874,2025-09-17,12:06:05,70.0,0.0
0,MG-008,2025-09-17,12:06:05,130.0,0.0
0,MG-008,2025-09-17,12:06:05,190.0,0.0
0,GT-243,2025-09-17,12:06:05,230.0,0.0
0,GT-243,2025-09-17,12:06:05,270.0,0.0
0,BR-178,2025-09-17,12:06:05,310.0,0.0
0,BR-178,2025-09-17,12:06:05,350.0,0.0
0,BR-178,2025-09-17,12:06:05,390.0,0.0
0,BR-178,2025-09-17,12:06:05,430.0,0.0
0,BP-896,2025-09-17,12:06:05,470.0,0.0
0,BP-896,2025-09-17,12:06:05,40.0,40.0
0,BP-896,2025-09-17,12:06:05,80.0,40.0
0,GK-874,2025-09-17,12:38:48,115.0,40.0
0,GK-874,2025-09-17,12:38:48,150.0,40.0
0,GK-874,2025-09-17,12:38:48,185.0,40.0
0,GK-874,2025-09-17,12:38:48,220.0,40.0
0,BR-178,2025-09-17,12:38:48,260.0,40.0
0,DG-324,2025-09-17,12:38:48,295.0,40.0
0,DG-324,2025-09-17,12:38:48,330.0,40.0
0,FL-643,2025-09-17,12:38:48,360.0,40.0
0,MR-009,2025-09-17,12:38:48,410.0,40.0
0,MR-009,2025-09-17,12:38:48,460.0,40.0
0,PL-025,2025-09-17,13:26:49,50.0,80.0
0,PL-014,2025-09-17,13:26:49,100.0,80.0
0,PL-014,2025-09-17,13:26:49,150.0,80.0
0,PL-014,2025-09-17,13:26:49,200.0,80.0
0,PL-014,2025-09-17,13:26:49,250.0,80.0
0,PL-014,2025-09-17,13:26:49,300.0,80.0
0,FE-213,2025-09-17,13:26:49,350.0,80.0
0,FE-213,2025-09-17,13:26:49,400.0,80.0
0,FE-213,2025-09-17,13:26:49,450.0,80.0
0,DG-324,2025-09-17,13:26:49,485.0,80.0
0,DG-324,2025-09-17,13:26:49,35.0,120.0
1,PL-025,2025-09-17,13:39:59,50.0,0.0
1,PL-025,2025-09-17,13:39:59,100.0,0.0
1,FL-643,2025-09-17,13:39:59,130.0,0.0
1,FL-643,2025-09-17,13:39:59,160.0,0.0
1,FL-643,2025-09-17,13:39:59,190.0,0.0
1,FL-643,2025-09-17,13:39:59,220.0,0.0
1,FL-643,2025-09-17,13:39:59,250.0,0.0
1,MR-009,2025-09-17,13:39:59,300.0,0.0
1,MR-009,2025-09-17,13:39:59,350.0,0.0
1,MR-009,2025-09-17,13:39:59,400.0,0.0
1,MG-008,2025-09-17,13:39:59,460.0,0.0
1,MG-008,2025-09-17,13:39:59,60.0,40.0
1,FL-643,2025-09-17,14:02:13,90.0,40.0
1,DG-324,2025-09-17,14:02:13,125.0,40.0
1,DG-324,2025-09-17,14:02:13,160.0,40.0
1,DG-324,2025-09-17,14:02:13,195.0,40.0
1,DG-324,2025-09-17,14:02:13,230.0,40.0
1,LV-337,2025-09-17,14:02:13,265.0,40.0
1,LV-337,2025-09-17,14:02:13,300.0,40.0
1,LV-337,2025-09-17,14:02:13,335.0,40.0
2,LV-337,2025-09-17,14:02:13,35.0,0.0
2,LV-337,2025-09-17,14:02:13,70.0,0.0
2,PL-013,2025-09-17,14:32:28,110.0,0.0
2,GK-874,2025-09-17,14:32:28,145.0,0.0
2,GK-874,2025-09-17,14:32:28,180.0,0.0
2,GK-874,2025-09-17,14:32:28,215.0,0.0
2,GK-874,2025-09-17,14:32:28,250.0,0.0
2,PL-014,2025-09-17,14:32:28,300.0,0.0
2,PL-014,2025-09-17,14:32:28,350.0,0.0
2,PL-014,2025-09-17,14:32:28,400.0,0.0
2,PL-025,2025-09-17,14:37:37,450.0,0.0
2,PL-025,2025-09-17,14:37:37,500.0,0.0
2,PL-025,2025-09-17,14:37:37,50.0,40.0
2,WM-774,2025-09-17,14:37:37,80.0,40.0
2,WM-774,2025-09-17,14:37:37,110.0,40.0
2,WM-774,2025-09-17,14:37:37,140.0,40.0
2,FL-643,2025-09-17,14:37:37,170.0,40.0
2,FL-643,2025-09-17,14:37:37,200.0,40.0
2,FL-643,2025-09-17,14:37:37,230.0,40.0
2,FL-643,2025-09-17,14:37:37,260.0,40.0
2,FL-643,2025-09-17,14:37:37,290.0,40.0
2,AZ-011,2025-09-17,14:37:37,340.0,40.0
2,AZ-011,2025-09-17,14:37:37,390.0,40.0
2,AZ-011,2025-09-17,14:37:37,440.0,40.0
2,AZ-011,2025-09-17,14:37:37,490.0,40.0
2,PL-013,2025-09-17,14:42:15,40.0,80.0
2,PL-013,2025-09-17,14:42:15,80.0,80.0
2,PL-013,2025-09-17,14:42:15,120.0,80.0
2,MR-009,2025-09-17,14:42:15,170.0,80.0
2,MR-009,2025-09-17,14:42:15,220.0,80.0
3,PL-025,2025-09-17,14:42:15,50.0,0.0
3,PL-025,2025-09-17,14:42:15,100.0,0.0
3,DG-324,2025-09-17,14:42:15,135.0,0.0
3,DG-324,2025-09-17,14:42:15,170.0,0.0
3,DG-324,2025-09-17,14:42:15,205.0,0.0
3,FL-643,2025-09-17,14:42:15,235.0,0.0
3,MG-008,2025-09-17,14:54:08,295.0,0.0
3,MG-008,2025-09-17,14:54:08,355.0,0.0
3,MG-008,2025-09-17,14:54:08,415.0,0.0
3,MG-008,2025-09-17,14:54:08,475.0,0.0
3,DG-324,2025-09-17,14:54:08,35.0,40.0
3,DG-324,2025-09-17,14:54:08,70.0,40.0
3,BR-178,2025-09-17,14:54:08,110.0,40.0
3,BR-178,2025-09-17,14:54:08,150.0,40.0
3,BR-178,2025-09-17,14:54:08,190.0,40.0
3,BR-178,2025-09-17,14:54:08,230.0,40.0
3,GT-243,2025-09-17,14:54:08,270.0,40.0
3,GT-243,2025-09-17,14:54:08,310.0,40.0
3,GT-243,2025-09-17,14:54:08,350.0,40.0
3,GK-874,2025-09-17,15:01:29,385.0,40.0
3,FL-643,2025-09-17,15:01:29,415.0,40.0
3,PL-013,2025-09-17,15:01:29,455.0,40.0
3,PL-013,2025-09-17,15:01:29,495.0,40.0
3,BP-896,2025-09-17,15:01:29,40.0,80.0
3,BP-896,2025-09-17,15:01:29,80.0,80.0
3,MR-009,2025-09-17,15:01:29,130.0,80.0
3,MR-009,2025-09-17,15:01:29,180.0,80.0
3,MR-009,2025-09-17,15:01:29,230.0,80.0
4,MR-009,2025-09-17,15:01:29,50.0,0.0
4,FE-213,2025-09-17,15:03:30,100.0,0.0
4,FE-213,2025-09-17,15:03:30,150.0,0.0
4,PL-025,2025-09-17,15:03:30,200.0,0.0
4,PL-025,2025-09-17,15:03:30,250.0,0.0
4,BP-896,2025-09-17,15:03:30,290.0,0.0
4,BP-896,2025-09-17,15:03:30,330.0,0.0
4,GK-874,2025-09-17,15:03:30,365.0,0.0
4,GK-874,2025-09-17,15:03:30,400.0,0.0
4,GK-874,2025-09-17,15:03:30,435.0,0.0
4,GK-874,2025-09-17,15:03:30,470.0,0.0
4,BR-178,2025-09-17,15:09:38,40.0,40.0
4,BR-178,2025-09-17,15:09:38,80.0,40.0
4,BR-178,2025-09-17,15:09:38,120.0,40.0
4,BR-178,2025-09-17,15:09:38,160.0,40.0
4,AZ-011,2025-09-17,15:09:38,210.0,40.0
4,MG-008,2025-09-17,15:09:38,270.0,40.0
4,MG-008,2025-09-17,15:09:38,330.0,40.0
4,GK-874,2025-09-17,15:41:53,365.0,40.0
4,GK-874,2025-09-17,15:41:53,400.0,40.0
4,GK-874,2025-09-17,15:41:53,435.0,40.0
4,GK-874,2025-09-17,15:41:53,470.0,40.0
4,BP-896,2025-09-17,15:41:53,40.0,80.0
4,BP-896,2025-09-17,15:41:53,80.0,80.0
4,PL-025,2025-09-17,15:41:53,130.0,80.0
4,PL-025,2025-09-17,15:41:53,180.0,80.0
4,PL-025,2025-09-17,15:41:53,230.0,80.0
5,PL-025,2025-09-17,15:41:53,50.0,0.0
5,PL-025,2025-09-17,15:41:53,100.0,0.0
5,MG-008,2025-09-17,16:08:52,160.0,0.0
5,MG-008,2025-09-17,16:08:52,220.0,0.0
5,MG-008,2025-09-17,16:08:52,280.0,0.0
5,MG-008,2025-09-17,16:08:52,340.0,0.0
5,BR-178,2025-09-17,16:08:52,380.0,0.0
5,BR-178,2025-09-17,16:08:52,420.0,0.0
5,BR-178,2025-09-17,16:08:52,460.0,0.0
5,LV-337,2025-09-17,16:08:52,495.0,0.0
5,LV-337,2025-09-17,16:08:52,35.0,40.0
5,LV-337,2025-09-17,16:08:52,70.0,40.0
5,LV-337,2025-09-17,16:08:52,105.0,40.0
5,LV-337,2025-09-17,16:08:52,140.0,40.0
5,GT-243,2025-09-17,16:08:52,180.0,40.0
5,GT-243,2025-09-17,16:08:52,220.0,40.0
5,GT-243,2025-09-17,16:08:52,260.0,40.0
5,GT-243,2025-09-17,16:08:52,300.0,40.0
6,MR-009,2025-09-17,16:16:22,50.0,0.0
6,MR-009,2025-09-17,16:16:22,100.0,0.0
6,PL-025,2025-09-17,16:16:22,150.0,0.0
6,PL-025,2025-09-17,16:16:22,200.0,0.0
6,PL-025,2025-09-17,16:16:22,250.0,0.0
6,WM-774,2025-09-17,16:16:22,280.0,0.0
6,WM-774,2025-09-17,16:16:22,310.0,0.0
6,WM-774,2025-09-17,16:16:22,340.0,0.0
6,WM-774,2025-09-17,16:16:22,370.0,0.0
6,BR-178,2025-09-17,16:16:22,410.0,0.0
6,BR-178,2025-09-17,16:16:22,450.0,0.0
6,BR-178,2025-09-17,16:16:22,490.0,0.0
6,GT-243,2025-09-17,17:48:47,40.0,40.0
6,GT-243,2025-09-17,17:48:47,80.0,40.0
6,GT-243,2025-09-17,17:48:47,120.0,40.0
6,LV-337,2025-09-17,17:48:47,155.0,40.0
6,LV-337,2025-09-17,17:48:47,190.0,40.0
6,LV-337,2025-09-17,17:48:47,225.0,40.0
6,LV-337,2025-09-17,17:48:47,260.0,40.0
6,LV-337,2025-09-17,17:48:47,295.0,40.0
6,PL-014,2025-09-17,17:48:47,345.0,40.0
7,FL-643,2025-09-17,17:48:47,30.0,0.0
7,FL-643,2025-09-17,17:48:47,60.0,0.0
7,FL-643,2025-09-17,17:48:47,90.0,0.0
7,MR-009,2025-09-17,18:34:24,140.0,0.0
7,MR-009,2025-09-17,18:34:24,190.0,0.0
7,BP-896,2025-09-17,18:34:24,230.0,0.0
7,PL-013,2025-09-17,18:34:24,270.0,0.0
7,PL-013,2025-09-17,18:34:24,310.0,0.0
7,PL-013,2025-09-17,18:34:24,350.0,0.0
7,PL-013,2025-09-17,18:34:24,390.0,0.0
7,PL-013,2025-09-17,18:34:24,430.0,0.0
7,WM-774,2025-09-17,18:34:24,460.0,0.0
7,WM-774,2025-09-17,18:34:24,490.0,0.0
7,WM-774,2025-09-17,18:34:24,30.0,40.0
7,WM-774,2025-09-17,18:34:24,60.0,40.0
7,MG-008,2025-09-17,19:33:09,120.0,40.0
7,MG-008,2025-09-17,19:33:09,180.0,40.0
7,GT-243,2025-09-17,19:33:09,220.0,40.0
7,GT-243,2025-09-17,19:33:09,260.0,40.0
7,GT-243,2025-09-17,19:33:09,300.0,40.0
7,PL-014,2025-09-17,19:33:09,350.0,40.0
7,PL-014,2025-09-17,19:33:09,400.0,40.0
7,BP-896,2025-09-17,19:33:09,440.0,40.0
7,BP-896,2025-09-17,19:33:09,480.0,40.0
7,BP-896,2025-09-17,19:33:09,40.0,70.0
7,BP-896,2025-09-17,19:33:09,80.0,70.0
7,GK-874,2025-09-17,20:07:25,115.0,70.0
7,GK-874,2025-09-17,20:07:25,150.0,70.0
7,GK-874,2025-09-17,20:07:25,185.0,70.0
7,GK-874,2025-09-17,20:07:25,220.0,70.0
7,GK-874,2025-09-17,20:07:25,255.0,70.0
7,PL-025,2025-09-17,20:07:25,305.0,70.0
7,PL-025,2025-09-17,20:07:25,355.0,70.0
8,PL-025,2025-09-17,20:07:25,50.0,0.0
8,PL-025,2025-09-17,20:07:25,100.0,0.0
8,PL-025,2025-09-17,20:07:25,150.0,0.0
8,GT-243,2025-09-17,20:07:25,190.0,0.0
8,GT-243,2025-09-17,20:07:25,230.0,0.0
8,GT-243,2025-09-17,20:07:25,270.0,0.0
8,PL-014,2025-09-17,20:15:42,320.0,0.0
8,PL-014,2025-09-17,20:15:42,370.0,0.0
8,PL-014,2025-09-17,20:15:42,420.0,0.0
8,WM-774,2025-09-17,20:15:42,450.0,0.0
8,WM-774,2025-09-17,20:15:42,480.0,0.0
8,MG-008,2025-09-17,20:15:42,60.0,40.0
8,BP-896,2025-09-17,20:15:42,100.0,40.0
8,BP-896,2025-09-17,20:15:42,140.0,40.0
8,BP-896,2025-09-17,20:15:42,180.0,40.0
8,BP-896,2025-09-17,20:15:42,220.0,40.0
8,GK-874,2025-09-17,20:15:42,255.0,40.0
8,GK-874,2025-09-17,20:15:42,290.0,40.0
8,GK-874,2025-09-17,20:15:42,325.0,40.0
8,GK-874,2025-09-17,20:15:42,360.0,40.0
8,WM-774,2025-09-17,20:19:26,390.0,40.0
8,WM-774,2025-09-17,20:19:26,420.0,40.0
8,DG-324,2025-09-17,20:19:26,455.0,40.0
8,DG-324,2025-09-17,20:19:26,490.0,40.0
8,DG-324,2025-09-17,20:19:26,35.0,75.0
8,DG-324,2025-09-17,20:19:26,70.0,75.0
8,DG-324,2025-09-17,20:19:26,105.0,75.0
8,GT-243,2025-09-17,20:19:26,145.0,75.0
8,GT-243,2025-09-17,20:19:26,185.0,75.0
8,GT-243,2025-09-17,20:19:26,225.0,75.0
8,GT-243,2025-09-17,20:19:26,265.0,75.0
8,LV-337,2025-09-17,20:39:18,300.0,75.0
9,LV-337,2025-09-17,20:39:18,35.0,0.0
9,LV-337,2025-09-17,20:39:18,70.0,0.0
9,LV-337,2025-09-17,20:39:18,105.0,0.0
9,LV-337,2025-09-17,20:39:18,140.0,0.0
9,WM-774,2025-09-17,20:39:18,170.0,0.0
9,WM-774,2025-09-17,20:39:18,200.0,0.0
9,AZ-011,2025-09-17,20:39:18,250.0,0.0
9,AZ-011,2025-09-17,20:39:18,300.0,0.0
9,PL-014,2025-09-17,20:39:18,350.0,0.0
9,PL-014,2025-09-17,20:39:18,400.0,0.0
9,PL-014,2025-09-17,20:39:18,450.0,0.0
9,PL-014,2025-09-17,20:39:18,500.0,0.0
9,FL-643,2025-09-17,20:39:18,30.0,35.0
9,FL-643,2025-09-17,20:39:18,60.0,35.0
9,FL-643,2025-09-17,20:39:18,90.0,35.0
9,GT-243,2025-09-17,20:58:44,130.0,35.0
9,GT-243,2025-09-17,20:58:44,170.0,35.0
9,GT-243,2025-09-17,20:58:44,210.0,35.0
9,GT-243,2025-09-17,20:58:44,250.0,35.0
9,GT-243,2025-09-17,20:58:44,290.0,35.0
9,FL-643,2025-09-17,20:58:44,320.0,35.0
9,BP-896,2025-09-17,20:58:44,360.0,35.0
9,BP-896,2025-09-17,20:58:44,400.0,35.0
9,BP-896,2025-09-17,20:58:44,440.0,35.0
10,BP-896,2025-09-17,20:58:44,40.0,0.0
10,BP-896,2025-09-17,20:58:44,80.0,0.0
10,GK-874,2025-09-17,20:58:44,115.0,0.0
10,GK-874,2025-09-17,20:58:44,150.0,0.0
10,FE-213,2025-09-17,22:08:08,200.0,0.0
10,PL-025,2025-09-17,22:08:08,250.0,0.0
10,PL-025,2025-09-17,22:08:08,300.0,0.0
10,PL-025,2025-09-17,22:08:08,350.0,0.0
10,AZ-011,2025-09-17,22:08:08,400.0,0.0
10,GK-874,2025-09-17,22:08:08,435.0,0.0
10,PL-014,2025-09-17,23:23:53,485.0,0.0
10,PL-014,2025-09-17,23:23:53,50.0,40.0
10,MG-008,2025-09-17,23:23:53,110.0,40.0
10,FL-643,2025-09-17,23:23:53,140.0,40.0
10,FL-643,2025-09-17,23:23:53,170.0,40.0
10,FL-643,2025-09-17,23:23:53,200.0,40.0
10,FL-643,2025-09-17,23:23:53,230.0,40.0
10,FL-643,2025-09-17,23:23:53,260.0,40.0
10,PL-025,2025-09-17,23:23:53,310.0,40.0
10,PL-025,2025-09-17,23:23:53,360.0,40.0
10,PL-025,2025-09-17,23:23:53,410.0,40.0
10,PL-025,2025-09-17,23:23:53,460.0,40.0
10,PL-025,2025-09-17,23:23:53,50.0,80.0
0,FL-643,2025-09-18,00:43:29,30.0,0.0
0,FL-643,2025-09-18,00:43:29,60.0,0.0
0,FL-643,2025-09-18,00:43:29,90.0,0.0
0,FL-643,2025-09-18,00:43:29,120.0,0.0
0,FL-643,2025-09-18,00:43:29,150.0,0.0
0,MR-009,2025-09-18,00:43:29,200.0,0.0
0,MR-009,2025-09-18,00:43:29,250.0,0.0
0,GT-243,2025-09-18,00:43:29,290.0,0.0
0,WM-774,2025-09-18,00:45:31,320.0,0.0
0,BR-178,2025-09-18,00:45:31,360.0,0.0
0,BR-178,2025-09-18,00:45:31,400.0,0.0
0,BR-178,2025-09-18,00:45:31,440.0,0.0
0,BR-178,2025-09-18,00:45:31,480.0,0.0
0,BR-178,2025-09-18,00:45:31,40.0,40.0
0,GK-874,2025-09-18,00:45:31,75.0,40.0
0,GK-874,2025-09-18,00:45:31,110.0,40.0
0,GK-874,2025-09-18,00:45:31,145.0,40.0
0,FE-213,2025-09-18,00:45:31,195.0,40.0
0,FE-213,2025-09-18,00:45:31,245.0,40.0
0,FE-213,2025-09-18,00:45:31,295.0,40.0
0,FE-213,2025-09-18,00:45:31,345.0,40.0
0,PL-025,2025-09-18,01:14:23,395.0,40.0
0,PL-025,2025-09-18,01:14:23,445.0,40.0
0,PL-025,2025-09-18,01:14:23,495.0,40.0
0,PL-025,2025-09-18,01:14:23,50.0,80.0
0,GK-874,2025-09-18,01:14:23,85.0,80.0
0,GK-874,2025-09-18,01:14:23,120.0,80.0
0,GK-874,2025-09-18,01:14:23,155.0,80.0
0,GK-874,2025-09-18,01:14:23,190.0,80.0
0,PL-014,2025-09-18,01:14:23,240.0,80.0
0,PL-014,2025-09-18,01:14:23,290.0,80.0
1,PL-014,2025-09-18,01:14:23,50.0,0.0
1,PL-014,2025-09-18,01:14:23,100.0,0.0
1,FL-643,2025-09-18,01:32:11,130.0,0.0
1,FL-643,2025-09-18,01:32:11,160.0,0.0
1,FL-643,2025-09-18,01:32:11,190.0,0.0
1,FL-643,2025-09-18,01:32:11,220.0,0.0
1,FL-643,2025-09-18,01:32:11,250.0,0.0
1,PL-014,2025-09-18,01:32:11,300.0,0.0
1,PL-014,2025-09-18,01:32:11,350.0,0.0
1,PL-014,2025-09-18,01:32:11,400.0,0.0
1,PL-014,2025-09-18,01:32:11,450.0,0.0
1,PL-014,2025-09-18,01:32:11,500.0,0.0
1,MG-008,2025-09-18,01:32:11,60.0,30.0
1,MG-008,2025-09-18,01:32:11,120.0,30.0
1,MG-008,2025-09-18,01:32:11,180.0,30.0
1,MG-008,2025-09-18,01:32:11,240.0,30.0
1,MG-008,2025-09-18,01:32:11,300.0,30.0
1,GT-243,2025-09-18,01:32:55,340.0,30.0
1,GT-243,2025-09-18,01:32:55,380.0,30.0
1,GT-243,2025-09-18,01:32:55,420.0,30.0
1,FL-643,2025-09-18,01:32:55,450.0,30.0
1,FL-643,2025-09-18,01:32:55,480.0,30.0
1,FL-643,2025-09-18,01:32:55,30.0,60.0
1,MG-008,2025-09-18,01:32:55,90.0,60.0
1,MG-008,2025-09-18,01:32:55,150.0,60.0
1,MG-008,2025-09-18,01:32:55,210.0,60.0
1,MR-009,2025-09-18,01:55:23,260.0,60.0
1,MR-009,2025-09-18,01:55:23,310.0,60.0
1,MR-009,2025-09-18,01:55:23,360.0,60.0
1,PL-014,2025-09-18,01:55:23,410.0,60.0
1,PL-014,2025-09-18,01:55:23,460.0,60.0
1,PL-014,2025-09-18,01:55:23,50.0,100.0
1,AZ-011,2025-09-18,01:55:23,100.0,100.0
2,AZ-011,2025-09-18,01:55:23,50.0,0.0
2,FE-213,2025-09-18,01:55:23,100.0,0.0
2,FE-213,2025-09-18,01:55:23,150.0,0.0
2,FE-213,2025-09-18,01:55:23,200.0,0.0
2,FE-213,2025-09-18,01:55:23,250.0,0.0
2,FE-213,2025-09-18,01:55:23,300.0,0.0
2,PL-025,2025-09-18,01:55:23,350.0,0.0
2,PL-025,2025-09-18,01:55:23,400.0,0.0
2,PL-025,2025-09-18,01:55:23,450.0,0.0
2,PL-025,2025-09-18,01:55:23,500.0,0.0
2,PL-025,2025-09-18,01:55:23,50.0,40.0
2,PL-013,2025-09-18,01:56:05,90.0,40.0
2,PL-013,2025-09-18,01:56:05,130.0,40.0
2,MG-008,2025-09-18,01:56:05,190.0,40.0
2,MR-009,2025-09-18,01:56:05,240.0,40.0
2,MR-009,2025-09-18,01:56:05,290.0,40.0
2,MR-009,2025-09-18,01:56:05,340.0,40.0
2,MR-009,2025-09-18,01:56:05,390.0,40.0
2,MR-009,2025-09-18,01:56:05,440.0,40.0
2,PL-025,2025-09-18,01:56:05,490.0,40.0
2,PL-025,2025-09-18,01:56:05,50.0,80.0
2,DG-324,2025-09-18,01:56:05,85.0,80.0
2,DG-324,2025-09-18,01:56:05,120.0,80.0
2,PL-014,2025-09-18,01:57:14,170.0,80.0
2,BR-178,2025-09-18,01:57:14,210.0,80.0
2,BR-178,2025-09-18,01:57:14,250.0,80.0
2,GK-874,2025-09-18,01:57:14,285.0,80.0
2,GK-874,2025-09-18,01:57:14,320.0,80.0
3,GT-243,2025-09-18,01:57:14,40.0,0.0
3,GT-243,2025-09-18,01:57:14,80.0,0.0
3,GT-243,2025-09-18,01:57:14,120.0,0.0
3,GT-243,2025-09-18,01:57:14,160.0,0.0
3,GT-243,2025-09-18,01:57:14,200.0,0.0
3,GK-874,2025-09-18,02:08:10,235.0,0.0
3,PL-014,2025-09-18,02:08:10,285.0,0.0
3,PL-014,2025-09-18,02:08:10,335.0,0.0
3,MG-008,2025-09-18,02:08:10,395.0,0.0
3,MG-008,2025-09-18,02:08:10,455.0,0.0
3,MG-008,2025-09-18,02:08:10,60.0,30.0
3,MG-008,2025-09-18,02:08:10,120.0,30.0
3,MG-008,2025-09-18,02:08:10,180.0,30.0
3,AZ-011,2025-09-18,03:24:14,230.0,30.0
3,AZ-011,2025-09-18,03:24:14,280.0,30.0
3,FE-213,2025-09-18,03:24:14,330.0,30.0
3,FE-213,2025-09-18,03:24:14,380.0,30.0
3,FE-213,2025-09-18,03:24:14,430.0,30.0
3,FE-213,2025-09-18,03:24:14,480.0,30.0
3,FE-213,2025-09-18,03:24:14,50.0,65.0
3,DG-324,2025-09-18,03:24:14,85.0,65.0
3,MG-008,2025-09-18,03:24:14,145.0,65.0
3,MG-008,2025-09-18,03:24:14,205.0,65.0
3,GK-874,2025-09-18,03:24:14,240.0,65.0
3,GK-874,2025-09-18,03:24:14,275.0,65.0
3,PL-013,2025-09-18,05:02:03,315.0,65.0
3,DG-324,2025-09-18,05:02:03,350.0,65.0
3,DG-324,2025-09-18,05:02:03,385.0,65.0
3,DG-324,2025-09-18,05:02:03,420.0,65.0
3,DG-324,2025-09-18,05:02:03,455.0,65.0
3,FL-643,2025-09-18,05:02:03,485.0,65.0
3,FL-643,2025-09-18,05:02:03,30.0,100.0
3,FL-643,2025-09-18,05:02:03,60.0,100.0
3,FL-643,2025-09-18,05:02:03,90.0,100.0
4,MG-008,2025-09-18,05:02:03,60.0,0.0
4,PL-025,2025-09-18,05:02:03,110.0,0.0
4,PL-025,2025-09-18,05:02:03,160.0,0.0
4,PL-025,2025-09-18,05:02:03,210.0,0.0
4,MG-008,2025-09-18,06:06:20,270.0,0.0
4,MG-008,2025-09-18,06:06:20,330.0,0.0
4,MG-008,2025-09-18,06:06:20,390.0,0.0
4,MG-008,2025-09-18,06:06:20,450.0,0.0
4,MG-008,2025-09-18,06:06:20,60.0,40.0
4,GT-243,2025-09-18,06:06:20,100.0,40.0
4,GT-243,2025-09-18,06:06:20,140.0,40.0
4,GT-243,2025-09-18,06:06:20,180.0,40.0
4,BP-896,2025-09-18,06:06:20,220.0,40.0
4,BP-896,2025-09-18,06:06:20,260.0,40.0
4,BP-896,2025-09-18,06:06:20,300.0,40.0
4,BP-896,2025-09-18,06:06:20,340.0,40.0
4,DG-324,2025-09-18,07:21:43,375.0,40.0
4,DG-324,2025-09-18,07:21:43,410.0,40.0
4,DG-324,2025-09-18,07:21:43,445.0,40.0
4,DG-324,2025-09-18,07:21:43,480.0,40.0
4,DG-324,2025-09-18,07:21:43,35.0,75.0
4,FL-643,2025-09-18,07:21:43,65.0,75.0
4,FL-643,2025-09-18,07:21:43,95.0,75.0
4,FL-643,2025-09-18,07:21:43,125.0,75.0
4,WM-774,2025-09-18,07:21:43,155.0,75.0
4,WM-774,2025-09-18,07:21:43,185.0,75.0
4,WM-774,2025-09-18,07:21:43,215.0,75.0
4,WM-774,2025-09-18,09:17:52,245.0,75.0
4,WM-774,2025-09-18,09:17:52,275.0,75.0
4,WM-774,2025-09-18,09:17:52,305.0,75.0
4,DG-324,2025-09-18,09:17:52,340.0,75.0
4,DG-324,2025-09-18,09:17:52,375.0,75.0
5,BP-896,2025-09-18,09:17:52,40.0,0.0
5,BP-896,2025-09-18,09:17:52,80.0,0.0
5,BP-896,2025-09-18,09:17:52,120.0,0.0
5,MG-008,2025-09-18,09:17:52,180.0,0.0
5,MG-008,2025-09-18,09:17:52,240.0,0.0
5,MG-008,2025-09-18,09:17:52,300.0,0.0
5,MG-008,2025-09-18,09:17:52,360.0,0.0
5,GK-874,2025-09-18,09:17:52,395.0,0.0
5,GK-874,2025-09-18,09:17:52,430.0,0.0
5,GK-874,2025-09-18,09:17:52,465.0,0.0
5,GK-874,2025-09-18,09:17:52,500.0,0.0
5,GK-874,2025-09-18,09:17:52,35.0,30.0
0,DG-324,2025-09-18,12:01:09,35.0,0.0
0,DG-324,2025-09-18,12:01:09,70.0,0.0
0,DG-324,2025-09-18,12:01:09,105.0,0.0
0,DG-324,2025-09-18,12:01:09,140.0,0.0
0,FL-643,2025-09-18,12:01:09,170.0,0.0
0,FL-643,2025-09-18,12:01:09,200.0,0.0
0,BR-178,2025-09-18,12:01:09,240.0,0.0
0,BR-178,2025-09-18,12:01:09,280.0,0.0
0,BR-178,2025-09-18,12:01:09,320.0,0.0
0,BR-178,2025-09-18,12:01:09,360.0,0.0
0,BR-178,2025-09-18,12:01:09,400.0,0.0
0,DG-324,2025-09-18,13:27:13,435.0,0.0
0,DG-324,2025-09-18,13:27:13,470.0,0.0
0,DG-324,2025-09-18,13:27:13,35.0,40.0
0,PL-025,2025-09-18,13:27:13,85.0,40.0
0,PL-025,2025-09-18,13:27:13,135.0,40.0
0,PL-025,2025-09-18,13:27:13,185.0,40.0
0,WM-774,2025-09-18,13:27:13,215.0,40.0
0,WM-774,2025-09-18,13:27:13,245.0,40.0
0,BR-178,2025-09-18,13:27:13,285.0,40.0
0,BR-178,2025-09-18,13:27:13,325.0,40.0
0,MG-008,2025-09-18,13:54:32,385.0,40.0
0,MG-008,2025-09-18,13:54:32,445.0,40.0
0,MG-008,2025-09-18,13:54:32,60.0,80.0
0,MG-008,2025-09-18,13:54:32,120.0,80.0
0,MG-008,2025-09-18,13:54:32,180.0,80.0
0,PL-014,2025-09-18,13:54:32,230.0,80.0
0,MR-009,2025-09-18,13:54:32,280.0,80.0
1,LV-337,2025-09-18,13:54:32,35.0,0.0
1,LV-337,2025-09-18,13:54:32,70.0,0.0
1,FE-213,2025-09-18,14:12:51,120.0,0.0
1,WM-774,2025-09-18,14:12:51,150.0,0.0
1,WM-774,2025-09-18,14:12:51,180.0,0.0
1,WM-774,2025-09-18,14:12:51,210.0,0.0
1,WM-774,2025-09-18,14:12:51,240.0,0.0
1,WM-774,2025-09-18,14:12:51,270.0,0.0
1,DG-324,2025-09-18,14:12:51,305.0,0.0
1,DG-324,2025-09-18,14:12:51,340.0,0.0
1,DG-324,2025-09-18,14:12:51,375.0,0.0
1,DG-324,2025-09-18,14:12:51,410.0,0.0
1,DG-324,2025-09-18,14:12:51,445.0,0.0
1,BP-896,2025-09-18,14:12:51,485.0,0.0
1,BP-896,2025-09-18,14:12:51,40.0,35.0
1,BP-896,2025-09-18,14:12:51,80.0,35.0
1,BP-896,2025-09-18,14:12:51,120.0,35.0
1,FL-643,2025-09-18,14:12:51,150.0,35.0
1,FL-643,2025-09-18,14:12:51,180.0,35.0
1,AZ-011,2025-09-18,14:27:18,230.0,35.0
1,AZ-011,2025-09-18,14:27:18,280.0,35.0
1,AZ-011,2025-09-18,14:27:18,330.0,35.0
1,FE-213,2025-09-18,14:27:18,380.0,35.0
1,FE-213,2025-09-18,14:27:18,430.0,35.0
1,FE-213,2025-09-18,14:27:18,480.0,35.0
1,PL-025,2025-09-18,14:27:18,50.0,70.0
1,PL-025,2025-09-18,14:27:18,100.0,70.0
1,PL-025,2025-09-18,14:27:18,150.0,70.0
2,DG-324,2025-09-18,14:27:18,35.0,0.0
2,DG-324,2025-09-18,14:27:18,70.0,0.0
2,BP-896,2025-09-18,14:27:18,110.0,0.0
2,BP-896,2025-09-18,14:27:18,150.0,0.0
2,BP-896,2025-09-18,14:27:18,190.0,0.0
2,BP-896,2025-09-18,14:27:18,230.0,0.0
2,LV-337,2025-09-18,14:35:35,265.0,0.0
2,LV-337,2025-09-18,14:35:35,300.0,0.0
2,GK-874,2025-09-18,14:35:35,335.0,0.0
2,GK-874,2025-09-18,14:35:35,370.0,0.0
2,GT-243,2025-09-18,14:35:35,410.0,0.0
2,GT-243,2025-09-18,14:35:35,450.0,0.0
2,GT-243,2025-09-18,14:35:35,490.0,0.0
2,GT-243,2025-09-18,14:35:35,40.0,35.0
2,GT-243,2025-09-18,14:35:35,80.0,35.0
2,AZ-011,2025-09-18,14:35:35,130.0,35.0
2,PL-025,2025-09-18,15:05:07,180.0,35.0
2,PL-025,2025-09-18,15:05:07,230.0,35.0
2,GK-874,2025-09-18,15:05:07,265.0,35.0
2,GK-874,2025-09-18,15:05:07,300.0,35.0
2,PL-014,2025-09-18,15:05:07,350.0,35.0
2,PL-014,2025-09-18,15:05:07,400.0,35.0
2,BP-896,2025-09-18,15:05:07,440.0,35.0
2,GT-243,2025-09-18,15:05:07,480.0,35.0
2,GT-243,2025-09-18,15:05:07,40.0,75.0
2,WM-774,2025-09-18,15:23:02,70.0,75.0
2,WM-774,2025-09-18,15:23:02,100.0,75.0
2,WM-774,2025-09-18,15:23:02,130.0,75.0
2,WM-774,2025-09-18,15:23:02,160.0,75.0
2,WM-774,2025-09-18,15:23:02,190.0,75.0
2,PL-014,2025-09-18,15:23:02,240.0,75.0
2,PL-014,2025-09-18,15:23:02,290.0,75.0
3,MG-008,2025-09-18,15:23:02,60.0,0.0
3,MG-008,2025-09-18,15:23:02,120.0,0.0
3,MG-008,2025-09-18,15:23:02,180.0,0.0
3,MG-008,2025-09-18,15:23:02,240.0,0.0
3,MG-008,2025-09-18,15:23:02,300.0,0.0
3,FE-213,2025-09-18,15:23:02,350.0,0.0
3,FE-213,2025-09-18,15:23:02,400.0,0.0
3,GK-874,2025-09-18,15:23:02,435.0,0.0
3,GK-874,2025-09-18,15:23:02,470.0,0.0
3,GK-874,2025-09-18,15:23:02,35.0,30.0
3,GK-874,2025-09-18,15:23:02,70.0,30.0
3,WM-774,2025-09-18,15:23:16,100.0,30.0
3,WM-774,2025-09-18,15:23:16,130.0,30.0
3,WM-774,2025-09-18,15:23:16,160.0,30.0
3,GK-874,2025-09-18,15:23:16,195.0,30.0
3,GK-874,2025-09-18,15:23:16,230.0,30.0
3,MR-009,2025-09-18,15:23:16,280.0,30.0
3,MR-009,2025-09-18,15:23:16,330.0,30.0
3,MR-009,2025-09-18,15:23:16,380.0,30.0
3,MR-009,2025-09-18,15:23:16,430.0,30.0
3,MR-009,2025-09-18,15:23:16,480.0,30.0
3,DG-324,2025-09-18,15:35:46,35.0,70.0
3,DG-324,2025-09-18,15:35:46,70.0,70.0
3,DG-324,2025-09-18,15:35:46,105.0,70.0
3,DG-324,2025-09-18,15:35:46,140.0,70.0
3,DG-324,2025-09-18,15:35:46,175.0,70.0
3,LV-337,2025-09-18,15:35:46,210.0,70.0
3,LV-337,2025-09-18,15:35:46,245.0,70.0
4,LV-337,2025-09-18,15:35:46,35.0,0.0
4,PL-013,2025-09-18,15:35:46,75.0,0.0
4,AZ-011,2025-09-18,15:35:46,125.0,0.0
4,AZ-011,2025-09-18,15:35:46,175.0,0.0
4,AZ-011,2025-09-18,15:35:46,225.0,0.0
4,AZ-011,2025-09-18,15:35:46,275.0,0.0
4,AZ-011,2025-09-18,15:35:46,325.0,0.0
4,DG-324,2025-09-18,15:50:35,360.0,0.0
4,DG-324,2025-09-18,15:50:35,395.0,0.0
4,DG-324,2025-09-18,15:50:35,430.0,0.0
4,WM-774,2025-09-18,15:50:35,460.0,0.0
4,WM-774,2025-09-18,15:50:35,490.0,0.0
4,WM-774,2025-09-18,15:50:35,30.0,35.0
4,WM-774,2025-09-18,15:50:35,60.0,35.0
4,AZ-011,2025-09-18,15:50:35,110.0,35.0
4,AZ-011,2025-09-18,15:50:35,160.0,35.0
4,AZ-011,2025-09-18,15:50:35,210.0,35.0
4,AZ-011,2025-09-18,15:50:35,260.0,35.0
4,FL-643,2025-09-18,15:50:35,290.0,35.0
4,FL-643,2025-09-18,15:50:35,320.0,35.0
4,FL-643,2025-09-18,15:50:35,350.0,35.0
4,AZ-011,2025-09-18,16:54:51,400.0,35.0
4,MG-008,2025-09-18,16:54:51,460.0,35.0
4,MG-008,2025-09-18,16:54:51,60.0,70.0
4,MR-009,2025-09-18,16:54:51,110.0,70.0
4,MR-009,2025-09-18,16:54:51,160.0,70.0
4,MR-009,2025-09-18,16:54:51,210.0,70.0
4,MR-009,2025-09-18,16:54:51,260.0,70.0
4,MR-009,2025-09-18,16:54:51,310.0,70.0
4,FL-643,2025-09-18,17:45:32,340.0,70.0
4,FL-643,2025-09-18,17:45:32,370.0,70.0
5,FL-643,2025-09-18,17:45:32,30.0,0.0
5,PL-013,2025-09-18,17:45:32,70.0,0.0
5,GK-874,2025-09-18,17:45:32,105.0,0.0
5,GK-874,2025-09-18,17:45:32,140.0,0.0
5,GK-874,2025-09-18,17:45:32,175.0,0.0
5,GT-243,2025-09-18,17:45:32,215.0,0.0
5,BP-896,2025-09-18,17:45:32,255.0,0.0
5,MR-009,2025-09-18,18:01:25,305.0,0.0
5,BR-178,2025-09-18,18:01:25,345.0,0.0
5,BR-178,2025-09-18,18:01:25,385.0,0.0
5,BR-178,2025-09-18,18:01:25,425.0,0.0
5,BR-178,2025-09-18,18:01:25,465.0,0.0
5,BR-178,2025-09-18,18:01:25,40.0,40.0
5,GT-243,2025-09-18,18:01:25,80.0,40.0
5,GT-243,2025-09-18,18:01:25,120.0,40.0
5,GT-243,2025-09-18,18:01:25,160.0,40.0
5,GT-243,2025-09-18,18:01:25,200.0,40.0
5,GK-874,2025-09-18,18:31:53,235.0,40.0
5,GK-874,2025-09-18,18:31:53,270.0,40.0
5,MG-008,2025-09-18,18:31:53,330.0,40.0
5,PL-014,2025-09-18,18:31:53,380.0,40.0
5,PL-014,2025-09-18,18:31:53,430.0,40.0
5,PL-014,2025-09-18,18:31:53,480.0,40.0
5,PL-025,2025-09-18,18:31:53,50.0,80.0
5,AZ-011,2025-09-18,18:31:53,100.0,80.0
5,AZ-011,2025-09-18,18:36:19,150.0,80.0
5,AZ-011,2025-09-18,18:36:19,200.0,80.0
5,AZ-011,2025-09-18,18:36:19,250.0,80.0
5,AZ-011,2025-09-18,18:36:19,300.0,80.0
5,AZ-011,2025-09-18,18:36:19,350.0,80.0
5,GT-243,2025-09-18,18:36:19,390.0,80.0
5,PL-014,2025-09-18,18:36:19,440.0,80.0
5,PL-014,2025-09-18,18:36:19,490.0,80.0
5,PL-014,2025-09-18,18:36:19,50.0,120.0
5,BR-178,2025-09-18,18:36:19,90.0,120.0
6,BR-178,2025-09-18,18:36:19,40.0,0.0
6,BR-178,2025-09-18,18:36:19,80.0,0.0
6,BR-178,2025-09-18,18:36:19,120.0,0.0
6,BR-178,2025-09-18,18:36:19,160.0,0.0
6,GT-243,2025-09-18,18:47:20,200.0,0.0
6,GT-243,2025-09-18,18:47:20,240.0,0.0
6,BR-178,2025-09-18,18:47:20,280.0,0.0
6,BR-178,2025-09-18,18:47:20,320.0,0.0
6,BR-178,2025-09-18,18:47:20,360.0,0.0
6,BR-178,2025-09-18,18:47:20,400.0,0.0
6,BR-178,2025-09-18,18:47:20,440.0,0.0
6,FE-213,2025-09-18,18:47:20,490.0,0.0
6,PL-025,2025-09-18,18:47:20,50.0,40.0
6,PL-025,2025-09-18,18:47:20,100.0,40.0
6,PL-025,2025-09-18,18:47:20,150.0,40.0
6,PL-025,2025-09-18,18:47:20,200.0,40.0
6,BP-896,2025-09-18,18:47:20,240.0,40.0
6,BP-896,2025-09-18,18:47:20,280.0,40.0
6,LV-337,2025-09-18,19:06:17,315.0,40.0
6,LV-337,2025-09-18,19:06:17,350.0,40.0
7,LV-337,2025-09-18,19:06:17,35.0,0.0
7,LV-337,2025-09-18,19:06:17,70.0,0.0
7,LV-337,2025-09-18,19:06:17,105.0,0.0
7,BP-896,2025-09-18,19:06:17,145.0,0.0
7,BP-896,2025-09-18,19:06:17,185.0,0.0
7,GT-243,2025-09-18,19:06:17,225.0,0.0
7,GT-243,2025-09-18,19:06:17,265.0,0.0
7,PL-014,2025-09-18,19:06:17,315.0,0.0
7,DG-324,2025-09-18,19:15:41,350.0,0.0
7,DG-324,2025-09-18,19:15:41,385.0,0.0
7,DG-324,2025-09-18,19:15:41,420.0,0.0
7,DG-324,2025-09-18,19:15:41,455.0,0.0
7,BP-896,2025-09-18,19:15:41,495.0,0.0
7,AZ-011,2025-09-18,19:15:41,50.0,35.0
7,AZ-011,2025-09-18,19:15:41,100.0,35.0
7,AZ-011,2025-09-18,19:15:41,150.0,35.0
7,AZ-011,2025-09-18,19:15:41,200.0,35.0
7,PL-013,2025-09-18,19:15:41,240.0,35.0
7,PL-013,2025-09-18,19:15:41,280.0,35.0
7,WM-774,2025-09-18,19:15:41,310.0,35.0
7,WM-774,2025-09-18,19:15:41,340.0,35.0
7,WM-774,2025-09-18,19:15:41,370.0,35.0
7,WM-774,2025-09-18,19:15:41,400.0,35.0
7,BP-896,2025-09-18,19:41:19,440.0,35.0
7,BP-896,2025-09-18,19:41:19,480.0,35.0
7,BP-896,2025-09-18,19:41:19,40.0,70.0
7,FE-213,2025-09-18,19:41:19,90.0,70.0
8,FE-213,2025-09-18,19:41:19,50.0,0.0
8,LV-337,2025-09-18,19:41:19,85.0,0.0
8,LV-337,2025-09-18,19:41:19,120.0,0.0
8,LV-337,2025-09-18,19:41:19,155.0,0.0
8,LV-337,2025-09-18,19:41:19,190.0,0.0
8,LV-337,2025-09-18,19:41:19,225.0,0.0
8,GT-243,2025-09-18,19:41:19,265.0,0.0
8,GT-243,2025-09-18,19:41:19,305.0,0.0
8,GT-243,2025-09-18,19:41:19,345.0,0.0
8,GT-243,2025-09-18,19:41:19,385.0,0.0
8,DG-324,2025-09-18,19:41:19,420.0,0.0
8,BP-896,2025-09-18,19:44:37,460.0,0.0
8,MR-009,2025-09-18,19:44:37,50.0,35.0
8,MR-009,2025-09-18,19:44:37,100.0,35.0
8,MR-009,2025-09-18,19:44:37,150.0,35.0
8,MR-009,2025-09-18,19:44:37,200.0,35.0
8,MR-009,2025-09-18,19:44:37,250.0,35.0
8,PL-025,2025-09-18,19:44:37,300.0,35.0
9,PL-025,2025-09-18,19:44:37,50.0,0.0
9,PL-025,2025-09-18,19:44:37,100.0,0.0
9,FE-213,2025-09-18,20:46:39,150.0,0.0
9,GK-874,2025-09-18,20:46:39,185.0,0.0
9,MG-008,2025-09-18,20:46:39,245.0,0.0
9,MG-008,2025-09-18,20:46:39,305.0,0.0
9,MG-008,2025-09-18,20:46:39,365.0,0.0
9,MG-008,2025-09-18,20:46:39,425.0,0.0
0,DG-324,2025-09-19,00:01:15,35.0,0.0
0,DG-324,2025-09-19,00:01:15,70.0,0.0
0,PL-014,2025-09-19,00:01:15,120.0,0.0
0,PL-014,2025-09-19,00:01:15,170.0,0.0
0,PL-014,2025-09-19,00:01:15,220.0,0.0
0,WM-774,2025-09-19,00:01:15,250.0,0.0
0,WM-774,2025-09-19,00:01:15,280.0,0.0
0,WM-774,2025-09-19,00:01:15,310.0,0.0
0,WM-774,2025-09-19,00:01:15,340.0,0.0
0,MG-008,2025-09-19,00:01:15,400.0,0.0
0,PL-014,2025-09-19,00:10:12,450.0,0.0
0,BR-178,2025-09-19,00:10:12,490.0,0.0
0,BR-178,2025-09-19,00:10:12,40.0,40.0
0,GT-243,2025-09-19,00:10:12,80.0,40.0
0,GT-243,2025-09-19,00:10:12,120.0,40.0
0,GT-243,2025-09-19,00:10:12,160.0,40.0
0,GT-243,2025-09-19,00:10:12,200.0,40.0
0,MG-008,2025-09-19,00:10:12,260.0,40.0
0,MG-008,2025-09-19,00:10:12,320.0,40.0
0,MG-008,2025-09-19,00:10:12,380.0,40.0
0,AZ-011,2025-09-19,00:11:46,430.0,40.0
0,AZ-011,2025-09-19,00:11:46,480.0,40.0
0,BP-896,2025-09-19,00:11:46,40.0,80.0
0,BP-896,2025-09-19,00:11:46,80.0,80.0
0,PL-025,2025-09-19,00:11:46,130.0,80.0
0,PL-025,2025-09-19,00:11:46,180.0,80.0
0,PL-025,2025-09-19,00:11:46,230.0,80.0
0,BR-178,2025-09-19,00:13:25,270.0,80.0
0,BR-178,2025-09-19,00:13:25,310.0,80.0
0,BR-178,2025-09-19,00:13:25,350.0,80.0
0,BR-178,2025-09-19,00:13:25,390.0,80.0
1,LV-337,2025-09-19,00:13:25,35.0,0.0
1,LV-337,2025-09-19,00:13:25,70.0,0.0
1,DG-324,2025-09-19,00:13:25,105.0,0.0
1,DG-324,2025-09-19,00:13:25,140.0,0.0
1,DG-324,2025-09-19,00:13:25,175.0,0.0
1,GT-243,2025-09-19,00:13:25,215.0,0.0
1,GT-243,2025-09-19,00:13:25,255.0,0.0
1,WM-774,2025-09-19,00:58:00,285.0,0.0
1,WM-774,2025-09-19,00:58:00,315.0,0.0
1,WM-774,2025-09-19,00:58:00,345.0,0.0
1,FE-213,2025-09-19,00:58:00,395.0,0.0
1,BR-178,2025-09-19,00:58:00,435.0,0.0
1,BR-178,2025-09-19,00:58:00,475.0,0.0
1,MR-009,2025-09-19,00:58:00,50.0,40.0
1,DG-324,2025-09-19,00:58:00,85.0,40.0
1,DG-324,2025-09-19,00:58:00,120.0,40.0
1,GK-874,2025-09-19,04:53:49,155.0,40.0
1,FL-643,2025-09-19,04:53:49,185.0,40.0
1,FL-643,2025-09-19,04:53:49,215.0,40.0
1,FL-643,2025-09-19,04:53:49,245.0,40.0
1,FL-643,2025-09-19,04:53:49,275.0,40.0
1,MG-008,2025-09-19,04:53:49,335.0,40.0
1,MG-008,2025-09-19,04:53:49,395.0,40.0
1,MG-008,2025-09-19,04:53:49,455.0,40.0
1,MG-008,2025-09-19,04:53:49,60.0,80.0
1,MG-008,2025-09-19,04:53:49,120.0,80.0
1,PL-025,2025-09-19,04:53:49,170.0,80.0
2,PL-025,2025-09-19,04:53:49,50.0,0.0
2,PL-025,2025-09-19,04:53:49,100.0,0.0
2,PL-014,2025-09-19,04:53:49,150.0,0.0
2,PL-014,2025-09-19,04:53:49,200.0,0.0
2,PL-014,2025-09-19,04:53:49,250.0,0.0
2,PL-014,2025-09-19,04:53:49,300.0,0.0
2,MR-009,2025-09-19,06:04:30,350.0,0.0
2,MR-009,2025-09-19,06:04:30,400.0,0.0
2,PL-014,2025-09-19,06:04:30,450.0,0.0
2,PL-014,2025-09-19,06:04:30,500.0,0.0
2,PL-014,2025-09-19,06:04:30,50.0,40.0
2,PL-014,2025-09-19,06:04:30,100.0,40.0
2,GK-874,2025-09-19,06:04:30,135.0,40.0
2,PL-014,2025-09-19,07:20:28,185.0,40.0
2,PL-014,2025-09-19,07:20:28,235.0,40.0
2,PL-014,2025-09-19,07:20:28,285.0,40.0
2,FL-643,2025-09-19,07:20:28,315.0,40.0
2,FL-643,2025-09-19,07:20:28,345.0,40.0
2,FL-643,2025-09-19,07:20:28,375.0,40.0
2,FL-643,2025-09-19,07:20:28,405.0,40.0
2,WM-774,2025-09-19,07:20:28,435.0,40.0
2,WM-774,2025-09-19,07:20:28,465.0,40.0
2,MR-009,2025-09-19,07:20:28,50.0,70.0
2,MR-009,2025-09-19,07:20:28,100.0,70.0
2,MR-009,2025-09-19,07:33:17,150.0,70.0
2,MR-009,2025-09-19,07:33:17,200.0,70.0
2,MR-009,2025-09-19,07:33:17,250.0,70.0
2,MR-009,2025-09-19,07:33:17,300.0,70.0
2,MR-009,2025-09-19,07:33:17,350.0,70.0
2,AZ-011,2025-09-19,07:33:17,400.0,70.0
2,AZ-011,2025-09-19,07:33:17,450.0,70.0
2,AZ-011,2025-09-19,07:33:17,500.0,70.0
2,AZ-011,2025-09-19,07:33:17,50.0,110.0
2,AZ-011,2025-09-19,07:33:17,100.0,110.0
2,PL-025,2025-09-19,07:33:17,150.0,110.0
3,PL-025,2025-09-19,07:33:17,50.0,0.0
3,DG-324,2025-09-19,07:33:17,85.0,0.0
3,DG-324,2025-09-19,07:33:17,120.0,0.0
3,DG-324,2025-09-19,07:33:17,155.0,0.0
3,DG-324,2025-09-19,07:33:17,190.0,0.0
3,DG-324,2025-09-19,07:33:17,225.0,0.0
3,BP-896,2025-09-19,08:47:56,265.0,0.0
3,FL-643,2025-09-19,08:47:56,295.0,0.0
3,FL-643,2025-09-19,08:47:56,325.0,0.0
3,FL-643,2025-09-19,08:47:56,355.0,0.0
3,AZ-011,2025-09-19,08:47:56,405.0,0.0
3,BR-178,2025-09-19,08:55:40,445.0,0.0
3,BR-178,2025-09-19,08:55:40,485.0,0.0
3,BR-178,2025-09-19,08:55:40,40.0,40.0
3,BR-178,2025-09-19,08:55:40,80.0,40.0
3,BR-178,2025-09-19,08:55:40,120.0,40.0
3,GT-243,2025-09-19,08:55:40,160.0,40.0
3,BP-896,2025-09-19,08:55:40,200.0,40.0
3,BP-896,2025-09-19,08:55:40,240.0,40.0
3,MR-009,2025-09-19,09:03:44,290.0,40.0
3,MR-009,2025-09-19,09:03:44,340.0,40.0
3,MR-009,2025-09-19,09:03:44,390.0,40.0
3,PL-025,2025-09-19,09:03:44,440.0,40.0
3,PL-025,2025-09-19,09:03:44,490.0,40.0
3,PL-025,2025-09-19,09:03:44,50.0,80.0
3,PL-025,2025-09-19,09:03:44,100.0,80.0
4,PL-025,2025-09-19,09:03:44,50.0,0.0
4,BP-896,2025-09-19,09:03:44,90.0,0.0
4,BP-896,2025-09-19,09:03:44,130.0,0.0
4,BP-896,2025-09-19,09:03:44,170.0,0.0
4,BP-896,2025-09-19,09:03:44,210.0,0.0
4,BP-896,2025-09-19,09:03:44,250.0,0.0
4,GT-243,2025-09-19,09:03:44,290.0,0.0
4,AZ-011,2025-09-19,09:19:03,340.0,0.0
4,LV-337,2025-09-19,09:19:03,375.0,0.0
4,LV-337,2025-09-19,09:19:03,410.0,0.0
4,LV-337,2025-09-19,09:19:03,445.0,0.0
4,MR-009,2025-09-19,09:19:03,495.0,0.0
4,MR-009,2025-09-19,09:19:03,50.0,40.0
4,MR-009,2025-09-19,09:19:03,100.0,40.0
4,MR-009,2025-09-19,09:19:03,150.0,40.0
4,MR-009,2025-09-19,09:19:03,200.0,40.0
4,BP-896,2025-09-19,09:19:03,240.0,40.0
4,BP-896,2025-09-19,09:19:03,280.0,40.0
5,BP-896,2025-09-19,09:19:03,40.0,0.0
5,BP-896,2025-09-19,09:19:03,80.0,0.0
5,DG-324,2025-09-19,09:19:03,115.0,0.0
5,DG-324,2025-09-19,09:19:03,150.0,0.0
5,DG-324,2025-09-19,09:19:03,185.0,0.0
5,DG-324,2025-09-19,09:19:03,220.0,0.0
5,FL-643,2025-09-19,09:23:07,250.0,0.0
5,FL-643,2025-09-19,09:23:07,280.0,0.0
5,FL-643,2025-09-19,09:23:07,310.0,0.0
5,DG-324,2025-09-19,09:23:07,345.0,0.0
5,DG-324,2025-09-19,09:23:07,380.0,0.0
5,DG-324,2025-09-19,09:23:07,415.0,0.0
5,BP-896,2025-09-19,09:23:07,455.0,0.0
5,BP-896,2025-09-19,09:23:07,495.0,0.0
5,BP-896,2025-09-19,09:23:07,40.0,35.0
5,BP-896,2025-09-19,09:23:07,80.0,35.0
5,GK-874,2025-09-19,09:23:07,115.0,35.0
5,GK-874,2025-09-19,09:23:07,150.0,35.0
5,GK-874,2025-09-19,09:23:07,185.0,35.0
5,GK-874,2025-09-19,09:23:07,220.0,35.0
5,GK-874,2025-09-19,09:23:07,255.0,35.0
5,WM-774,2025-09-19,09:23:07,285.0,35.0
5,WM-774,2025-09-19,09:23:07,315.0,35.0
5,FE-213,2025-09-19,10:43:20,365.0,35.0
5,FE-213,2025-09-19,10:43:20,415.0,35.0
5,FE-213,2025-09-19,10:43:20,465.0,35.0
5,FE-213,2025-09-19,10:43:20,50.0,65.0
5,AZ-011,2025-09-19,10:43:20,100.0,65.0
5,AZ-011,2025-09-19,10:43:20,150.0,65.0
5,AZ-011,2025-09-19,10:43:20,200.0,65.0
5,AZ-011,2025-09-19,10:43:20,250.0,65.0
5,BR-178,2025-09-19,10:43:20,290.0,65.0
5,BR-178,2025-09-19,10:43:20,330.0,65.0
6,AZ-011,2025-09-19,11:21:07,50.0,0.0
6,AZ-011,2025-09-19,11:21:07,100.0,0.0
6,BP-896,2025-09-19,11:21:07,140.0,0.0
6,BP-896,2025-09-19,11:21:07,180.0,0.0
6,BP-896,2025-09-19,11:21:07,220.0,0.0
6,BP-896,2025-09-19,11:21:07,260.0,0.0
6,BP-896,2025-09-19,11:21:07,300.0,0.0
6,WM-774,2025-09-19,11:21:07,330.0,0.0
6,WM-774,2025-09-19,11:21:07,360.0,0.0
6,WM-774,2025-09-19,11:21:07,390.0,0.0
0,FE-213,2025-09-19,12:20:59,50.0,0.0
0,FE-213,2025-09-19,12:20:59,100.0,0.0
0,BP-896,2025-09-19,12:20:59,140.0,0.0
0,BP-896,2025-09-19,12:20:59,180.0,0.0
0,BP-896,2025-09-19,12:20:59,220.0,0.0
0,BP-896,2025-09-19,12:20:59,260.0,0.0
0,AZ-011,2025-09-19,12:20:59,310.0,0.0
0,AZ-011,2025-09-19,12:20:59,360.0,0.0
0,AZ-011,2025-09-19,12:20:59,410.0,0.0
0,WM-774,2025-09-19,14:01:07,440.0,0.0
0,WM-774,2025-09-19,14:01:07,470.0,0.0
0,WM-774,2025-09-19,14:01:07,500.0,0.0
0,WM-774,2025-09-19,14:01:07,30.0,35.0
0,WM-774,2025-09-19,14:01:07,60.0,35.0
0,PL-013,2025-09-19,14:01:07,100.0,35.0
0,PL-013,2025-09-19,14:01:07,140.0,35.0
0,PL-013,2025-09-19,14:01:07,180.0,35.0
0,PL-013,2025-09-19,14:01:07,220.0,35.0
0,PL-013,2025-09-19,14:01:07,260.0,35.0
0,GT-243,2025-09-19,14:01:07,300.0,35.0
0,GT-243,2025-09-19,14:01:07,340.0,35.0
0,GT-243,2025-09-19,14:01:07,380.0,35.0
0,FE-213,2025-09-19,14:24:42,430.0,35.0
0,FL-643,2025-09-19,14:24:42,460.0,35.0
0,FL-643,2025-09-19,14:24:42,490.0,35.0
0,FL-643,2025-09-19,14:24:42,30.0,65.0
0,FL-643,2025-09-19,14:24:42,60.0,65.0
0,PL-013,2025-09-19,14:24:42,100.0,65.0
0,PL-025,2025-09-19,14:24:42,150.0,65.0
0,PL-025,2025-09-19,14:24:42,200.0,65.0
0,PL-025,2025-09-19,14:24:42,250.0,65.0
0,PL-025,2025-09-19,14:24:42,300.0,65.0
1,DG-324,2025-09-19,15:04:28,35.0,0.0
1,DG-324,2025-09-19,15:04:28,70.0,0.0
1,DG-324,2025-09-19,15:04:28,105.0,0.0
1,BR-178,2025-09-19,15:04:28,145.0,0.0
1,BR-178,2025-09-19,15:04:28,185.0,0.0
1,BR-178,2025-09-19,15:04:28,225.0,0.0
1,MG-008,2025-09-19,15:04:28,285.0,0.0
1,MG-008,2025-09-19,15:04:28,345.0,0.0
1,MG-008,2025-09-19,15:04:28,405.0,0.0
1,MG-008,2025-09-19,15:04:28,465.0,0.0
1,FL-643,2025-09-19,15:04:28,495.0,0.0
1,WM-774,2025-09-19,15:59:30,30.0,40.0
1,WM-774,2025-09-19,15:59:30,60.0,40.0
1,WM-774,2025-09-19,15:59:30,90.0,40.0
1,WM-774,2025-09-19,15:59:30,120.0,40.0
1,BP-896,2025-09-19,15:59:30,160.0,40.0
1,FL-643,2025-09-19,15:59:30,190.0,40.0
1,FL-643,2025-09-19,15:59:30,220.0,40.0
1,FL-643,2025-09-19,15:59:30,250.0,40.0
1,FL-643,2025-09-19,15:59:30,280.0,40.0
1,FL-643,2025-09-19,15:59:30,310.0,40.0
1,PL-013,2025-09-19,15:59:30,350.0,40.0
1,PL-013,2025-09-19,15:59:30,390.0,40.0
1,LV-337,2025-09-19,16:24:41,425.0,40.0
1,BP-896,2025-09-19,16:24:41,465.0,40.0
1,BP-896,2025-09-19,16:24:41,40.0,75.0
1,BP-896,2025-09-19,16:24:41,80.0,75.0
1,FE-213,2025-09-19,16:24:41,130.0,75.0
2,FE-213,2025-09-19,16:24:41,50.0,0.0
2,LV-337,2025-09-19,16:38:55,85.0,0.0
2,LV-337,2025-09-19,16:38:55,120.0,0.0
2,LV-337,2025-09-19,16:38:55,155.0,0.0
2,FE-213,2025-09-19,16:38:55,205.0,0.0
2,FE-213,2025-09-19,16:38:55,255.0,0.0
2,FE-213,2025-09-19,16:38:55,305.0,0.0
2,FE-213,2025-09-19,16:38:55,355.0,0.0
2,FE-213,2025-09-19,16:38:55,405.0,0.0
2,PL-014,2025-09-19,16:38:55,455.0,0.0
2,PL-014,2025-09-19,16:38:55,50.0,35.0
2,FL-643,2025-09-19,17:13:02,80.0,35.0
2,FL-643,2025-09-19,17:13:02,110.0,35.0
2,PL-014,2025-09-19,17:13:02,160.0,35.0
2,PL-014,2025-09-19,17:13:02,210.0,35.0
2,GK-874,2025-09-19,17:13:02,245.0,35.0
2,PL-025,2025-09-19,17:13:02,295.0,35.0
2,LV-337,2025-09-19,17:13:02,330.0,35.0
2,LV-337,2025-09-19,17:13:02,365.0,35.0
2,LV-337,2025-09-19,17:13:02,400.0,35.0
3,LV-337,2025-09-19,17:13:02,35.0,0.0
3,GK-874,2025-09-19,17:18:07,70.0,0.0
3,GK-874,2025-09-19,17:18:07,105.0,0.0
3,GK-874,2025-09-19,17:18:07,140.0,0.0
3,GK-874,2025-09-19,17:18:07,175.0,0.0
3,GK-874,2025-09-19,17:18:07,210.0,0.0
3,FL-643,2025-09-19,17:18:07,240.0,0.0
3,DG-324,2025-09-19,17:18:07,275.0,0.0
3,DG-324,2025-09-19,17:18:07,310.0,0.0
3,DG-324,2025-09-19,17:18:07,345.0,0.0
3,DG-324,2025-09-19,17:18:07,380.0,0.0
3,DG-324,2025-09-19,17:18:07,415.0,0.0
3,WM-774,2025-09-19,17:18:07,445.0,0.0
3,WM-774,2025-09-19,17:18:07,475.0,0.0
3,WM-774,2025-09-19,17:18:07,30.0,35.0
3,BR-178,2025-09-19,17:35:35,70.0,35.0
3,BR-178,2025-09-19,17:35:35,110.0,35.0
3,AZ-011,2025-09-19,17:35:35,160.0,35.0
3,AZ-011,2025-09-19,17:35:35,210.0,35.0
3,FE-213,2025-09-19,17:35:35,260.0,35.0
3,FE-213,2025-09-19,17:35:35,310.0,35.0
3,FE-213,2025-09-19,17:35:35,360.0,35.0
3,PL-013,2025-09-19,17:35:35,400.0,35.0
3,FL-643,2025-09-19,19:19:49,430.0,35.0
3,FL-643,2025-09-19,19:19:49,460.0,35.0
3,FL-643,2025-09-19,19:19:49,490.0,35.0
3,FL-643,2025-09-19,19:19:49,30.0,75.0
3,FL-643,2025-09-19,19:19:49,60.0,75.0
3,BR-178,2025-09-19,19:19:49,100.0,75.0
3,BR-178,2025-09-19,19:19:49,140.0,75.0
3,BR-178,2025-09-19,19:19:49,180.0,75.0
3,GK-874,2025-09-19,19:19:49,215.0,75.0
3,GK-874,2025-09-19,19:19:49,250.0,75.0
3,GK-874,2025-09-19,19:19:49,285.0,75.0
4,MR-009,2025-09-19,19:19:49,50.0,0.0
4,MR-009,2025-09-19,19:19:49,100.0,0.0
4,LV-337,2025-09-19,20:11:49,135.0,0.0
4,LV-337,2025-09-19,20:11:49,170.0,0.0
4,LV-337,2025-09-19,20:11:49,205.0,0.0
4,LV-337,2025-09-19,20:11:49,240.0,0.0
4,LV-337,2025-09-19,20:11:49,275.0,0.0
4,FL-643,2025-09-19,20:11:49,305.0,0.0
4,FL-643,2025-09-19,20:11:49,335.0,0.0
4,FL-643,2025-09-19,20:11:49,365.0,0.0
4,FL-643,2025-09-19,20:11:49,395.0,0.0
4,FL-643,2025-09-19,20:11:49,425.0,0.0
4,PL-014,2025-09-19,20:11:49,475.0,0.0
4,GT-243,2025-09-19,20:11:49,40.0,40.0
4,GT-243,2025-09-19,20:11:49,80.0,40.0
4,GT-243,2025-09-19,20:11:49,120.0,40.0
4,GT-243,2025-09-19,20:11:49,160.0,40.0
4,GT-243,2025-09-19,20:11:49,200.0,40.0
4,BP-896,2025-09-19,20:26:39,240.0,40.0
5,BP-896,2025-09-19,20:26:39,40.0,0.0
5,BP-896,2025-09-19,20:26:39,80.0,0.0
5,DG-324,2025-09-19,20:26:39,115.0,0.0
5,DG-324,2025-09-19,20:26:39,150.0,0.0
5,DG-324,2025-09-19,20:26:39,185.0,0.0
5,MR-009,2025-09-19,20:26:39,235.0,0.0
5,MR-009,2025-09-19,20:26:39,285.0,0.0
5,MR-009,2025-09-19,20:26:39,335.0,0.0
5,MR-009,2025-09-19,20:26:39,385.0,0.0
5,MR-009,2025-09-19,20:26:39,435.0,0.0
5,GK-874,2025-09-19,20:26:39,470.0,0.0
5,GK-874,2025-09-19,20:26:39,35.0,40.0
5,MG-008,2025-09-19,20:37:07,95.0,40.0
5,MG-008,2025-09-19,20:37:07,155.0,40.0
5,MG-008,2025-09-19,20:37:07,215.0,40.0
5,MG-008,2025-09-19,20:37:07,275.0,40.0
5,FL-643,2025-09-19,20:37:07,305.0,40.0
5,FL-643,2025-09-19,20:37:07,335.0,40.0
5,FL-643,2025-09-19,20:37:07,365.0,40.0
5,AZ-011,2025-09-19,20:37:07,415.0,40.0
5,AZ-011,2025-09-19,20:37:07,465.0,40.0
5,AZ-011,2025-09-19,20:37:07,50.0,75.0
5,AZ-011,2025-09-19,20:59:56,100.0,75.0
5,AZ-011,2025-09-19,20:59:56,150.0,75.0
5,AZ-011,2025-09-19,20:59:56,200.0,75.0
5,AZ-011,2025-09-19,20:59:56,250.0,75.0
5,MG-008,2025-09-19,20:59:56,310.0,75.0
5,MG-008,2025-09-19,20:59:56,370.0,75.0
6,MG-008,2025-09-19,20:59:56,60.0,0.0
6,PL-013,2025-09-19,20:59:56,100.0,0.0
6,GT-243,2025-09-19,20:59:56,140.0,0.0
6,GT-243,2025-09-19,20:59:56,180.0,0.0
6,GT-243,2025-09-19,20:59:56,220.0,0.0
6,PL-014,2025-09-19,20:59:56,270.0,0.0
6,PL-014,2025-09-19,20:59:56,320.0,0.0
6,PL-014,2025-09-19,20:59:56,370.0,0.0
6,AZ-011,2025-09-19,21:29:34,420.0,0.0
6,AZ-011,2025-09-19,21:29:34,470.0,0.0
6,AZ-011,2025-09-19,21:29:34,50.0,35.0
6,PL-014,2025-09-19,21:29:34,100.0,35.0
6,PL-014,2025-09-19,21:29:34,150.0,35.0
6,PL-014,2025-09-19,21:29:34,200.0,35.0
6,PL-014,2025-09-19,21:29:34,250.0,35.0
6,FL-643,2025-09-19,21:29:34,280.0,35.0
6,LV-337,2025-09-19,21:29:34,315.0,35.0
6,LV-337,2025-09-19,21:29:34,350.0,35.0
6,LV-337,2025-09-19,21:29:34,385.0,35.0
6,LV-337,2025-09-19,21:29:34,420.0,35.0
6,PL-025,2025-09-19,22:09:06,470.0,35.0
6,PL-025,2025-09-19,22:09:06,50.0,75.0
6,PL-025,2025-09-19,22:09:06,100.0,75.0
6,LV-337,2025-09-19,22:09:06,135.0,75.0
7,LV-337,2025-09-19,22:09:06,35.0,0.0
7,LV-337,2025-09-19,22:09:06,70.0,0.0
7,LV-337,2025-09-19,22:09:06,105.0,0.0
7,LV-337,2025-09-19,22:09:06,140.0,0.0
7,MR-009,2025-09-19,22:09:06,190.0,0.0
7,MR-009,2025-09-19,22:09:06,240.0,0.0
7,MR-009,2025-09-19,22:09:06,290.0,0.0
7,MR-009,2025-09-19,22:09:06,340.0,0.0
7,WM-774,2025-09-19,22:09:06,370.0,0.0
7,WM-774,2025-09-19,22:09:06,400.0,0.0
7,WM-774,2025-09-19,22:09:06,430.0,0.0
0,GT-243,2025-09-20,00:21:41,40.0,0.0
0,GT-243,2025-09-20,00:21:41,80.0,0.0
0,GT-243,2025-09-20,00:21:41,120.0,0.0
0,GT-243,2025-09-20,00:21:41,160.0,0.0
0,LV-337,2025-09-20,00:21:41,195.0,0.0
0,LV-337,2025-09-20,00:21:41,230.0,0.0
0,LV-337,2025-09-20,00:21:41,265.0,0.0
0,AZ-011,2025-09-20,00:21:41,315.0,0.0
0,PL-014,2025-09-20,00:28:30,365.0,0.0
0,PL-014,2025-09-20,00:28:30,415.0,0.0
0,PL-014,2025-09-20,00:28:30,465.0,0.0
0,PL-014,2025-09-20,00:28:30,50.0,35.0
0,PL-014,2025-09-20,00:28:30,100.0,35.0
0,BR-178,2025-09-20,00:28:30,140.0,35.0
0,BR-178,2025-09-20,00:28:30,180.0,35.0
0,AZ-011,2025-09-20,00:28:30,230.0,35.0
0,AZ-011,2025-09-20,00:28:30,280.0,35.0
0,AZ-011,2025-09-20,00:28:30,330.0,35.0
0,MR-009,2025-09-20,00:28:30,380.0,35.0
0,MR-009,2025-09-20,00:28:30,430.0,35.0
0,MR-009,2025-09-20,00:28:30,480.0,35.0
0,MR-009,2025-09-20,00:28:30,50.0,75.0
0,MR-009,2025-09-20,01:19:45,100.0,75.0
0,MR-009,2025-09-20,01:19:45,150.0,75.0
0,MR-009,2025-09-20,01:19:45,200.0,75.0
0,MR-009,2025-09-20,01:19:45,250.0,75.0
1,DG-324,2025-09-20,01:19:45,35.0,0.0
1,DG-324,2025-09-20,01:19:45,70.0,0.0
1,FL-643,2025-09-20,01:19:45,100.0,0.0
1,FL-643,2025-09-20,01:19:45,130.0,0.0
1,FL-643,2025-09-20,01:19:45,160.0,0.0
1,FL-643,2025-09-20,01:19:45,190.0,0.0
1,PL-014,2025-09-20,01:19:45,240.0,0.0
1,PL-014,2025-09-20,01:19:45,290.0,0.0
1,FE-213,2025-09-20,01:19:45,340.0,0.0
1,FE-213,2025-09-20,01:19:45,390.0,0.0
1,FE-213,2025-09-20,01:19:45,440.0,0.0
1,FE-213,2025-09-20,01:19:45,490.0,0.0
1,FE-213,2025-09-20,01:19:45,50.0,35.0
1,GT-243,2025-09-20,02:23:06,90.0,35.0
1,GT-243,2025-09-20,02:23:06,130.0,35.0
1,GT-243,2025-09-20,02:23:06,170.0,35.0
1,GT-243,2025-09-20,02:23:06,210.0,35.0
1,FL-643,2025-09-20,02:23:06,240.0,35.0
1,FL-643,2025-09-20,02:23:06,270.0,35.0
1,FL-643,2025-09-20,02:23:06,300.0,35.0
1,FL-643,2025-09-20,02:23:06,330.0,35.0
1,PL-014,2025-09-20,02:23:06,380.0,35.0
1,PL-014,2025-09-20,02:23:06,430.0,35.0
1,PL-014,2025-09-20,02:23:06,480.0,35.0
1,LV-337,2025-09-20,02:23:06,35.0,65.0
1,LV-337,2025-09-20,02:23:06,70.0,65.0
1,GK-874,2025-09-20,03:14:30,105.0,65.0
1,GK-874,2025-09-20,03:14:30,140.0,65.0
1,GK-874,2025-09-20,03:14:30,175.0,65.0
1,GK-874,2025-09-20,03:14:30,210.0,65.0
1,FL-643,2025-09-20,03:14:30,240.0,65.0
2,FE-213,2025-09-20,03:14:30,50.0,0.0
2,FE-213,2025-09-20,03:14:30,100.0,0.0
2,FE-213,2025-09-20,03:14:30,150.0,0.0
2,FE-213,2025-09-20,03:14:30,200.0,0.0
2,GT-243,2025-09-20,03:14:30,240.0,0.0
2,GT-243,2025-09-20,03:14:30,280.0,0.0
2,GT-243,2025-09-20,03:14:30,320.0,0.0
2,GT-243,2025-09-20,03:14:30,360.0,0.0
2,GT-243,2025-09-20,03:14:30,400.0,0.0
2,AZ-011,2025-09-20,03:14:30,450.0,0.0
2,AZ-011,2025-09-20,03:14:30,500.0,0.0
2,AZ-011,2025-09-20,03:14:30,50.0,35.0
2,AZ-011,2025-09-20,03:14:30,100.0,35.0
2,AZ-011,2025-09-20,03:14:30,150.0,35.0
2,MR-009,2025-09-20,03:15:20,200.0,35.0
2,BP-896,2025-09-20,03:15:20,240.0,35.0
2,BP-896,2025-09-20,03:15:20,280.0,35.0
2,BP-896,2025-09-20,03:15:20,320.0,35.0
2,FL-643,2025-09-20,03:15:20,350.0,35.0
2,FL-643,2025-09-20,03:15:20,380.0,35.0
2,FE-213,2025-09-20,03:15:20,430.0,35.0
2,FE-213,2025-09-20,03:15:20,480.0,35.0
2,FE-213,2025-09-20,03:15:20,50.0,75.0
2,FE-213,2025-09-20,03:15:20,100.0,75.0
2,PL-014,2025-09-20,03:15:20,150.0,75.0
2,PL-014,2025-09-20,03:15:20,200.0,75.0
2,PL-014,2025-09-20,03:15:20,250.0,75.0
2,PL-025,2025-09-20,04:12:28,300.0,75.0
2,PL-025,2025-09-20,04:12:28,350.0,75.0
2,PL-025,2025-09-20,04:12:28,400.0,75.0
3,PL-025,2025-09-20,04:12:28,50.0,0.0
3,PL-025,2025-09-20,04:12:28,100.0,0.0
3,PL-013,2025-09-20,04:12:28,140.0,0.0
3,PL-013,2025-09-20,04:12:28,180.0,0.0
3,PL-013,2025-09-20,04:12:28,220.0,0.0
3,PL-013,2025-09-20,04:12:28,260.0,0.0
3,BP-896,2025-09-20,04:12:28,300.0,0.0
3,BP-896,2025-09-20,04:12:28,340.0,0.0
3,BP-896,2025-09-20,04:12:28,380.0,0.0
3,BP-896,2025-09-20,04:12:28,420.0,0.0
3,BR-178,2025-09-20,04:12:28,460.0,0.0
3,BR-178,2025-09-20,04:12:28,500.0,0.0
3,MG-008,2025-09-20,04:12:28,60.0,40.0
3,MG-008,2025-09-20,04:12:28,120.0,40.0
3,MG-008,2025-09-20,04:12:28,180.0,40.0
3,MG-008,2025-09-20,04:12:28,240.0,40.0
3,MG-008,2025-09-20,04:12:28,300.0,40.0
3,MR-009,2025-09-20,04:23:09,350.0,40.0
3,FE-213,2025-09-20,04:23:09,400.0,40.0
3,FE-213,2025-09-20,04:23:09,450.0,40.0
3,AZ-011,2025-09-20,04:23:09,500.0,40.0
3,AZ-011,2025-09-20,04:23:09,50.0,80.0
3,AZ-011,2025-09-20,04:23:09,100.0,80.0
3,GK-874,2025-09-20,04:23:09,135.0,80.0
3,GK-874,2025-09-20,04:23:09,170.0,80.0
3,GK-874,2025-09-20,04:23:09,205.0,80.0
3,AZ-011,2025-09-20,04:46:10,255.0,80.0
3,MR-009,2025-09-20,04:46:10,305.0,80.0
4,MR-009,2025-09-20,04:46:10,50.0,0.0
4,BP-896,2025-09-20,04:46:10,90.0,0.0
4,BP-896,2025-09-20,04:46:10,130.0,0.0
4,BP-896,2025-09-20,04:46:10,170.0,0.0
4,BP-896,2025-09-20,04:46:10,210.0,0.0
4,BR-178,2025-09-20,04:46:10,250.0,0.0
4,BR-178,2025-09-20,04:46:10,290.0,0.0
4,BR-178,2025-09-20,04:46:10,330.0,0.0
4,MG-008,2025-09-20,04:46:10,390.0,0.0
4,MG-008,2025-09-20,04:46:10,450.0,0.0
4,MG-008,2025-09-20,04:46:10,60.0,40.0
4,PL-013,2025-09-20,05:05:09,100.0,40.0
4,PL-013,2025-09-20,05:05:09,140.0,40.0
4,PL-013,2025-09-20,05:05:09,180.0,40.0
4,PL-013,2025-09-20,05:05:09,220.0,40.0
4,GT-243,2025-09-20,05:05:09,260.0,40.0
4,GT-243,2025-09-20,05:05:09,300.0,40.0
4,GT-243,2025-09-20,05:05:09,340.0,40.0
4,GT-243,2025-09-20,05:05:09,380.0,40.0
4,FE-213,2025-09-20,05:05:09,430.0,40.0
4,FL-643,2025-09-20,05:05:09,460.0,40.0
4,FL-643,2025-09-20,05:05:09,490.0,40.0
4,FL-643,2025-09-20,05:05:09,30.0,70.0
4,DG-324,2025-09-20,05:05:09,65.0,70.0
4,DG-324,2025-09-20,05:05:09,100.0,70.0
4,DG-324,2025-09-20,05:05:09,135.0,70.0
4,DG-324,2025-09-20,05:05:09,170.0,70.0
4,DG-324,2025-09-20,05:05:09,205.0,70.0
4,FE-213,2025-09-20,05:16:02,255.0,70.0
4,FE-213,2025-09-20,05:16:02,305.0,70.0
5,FE-213,2025-09-20,05:16:02,50.0,0.0
5,MR-009,2025-09-20,05:16:02,100.0,0.0
5,MR-009,2025-09-20,05:16:02,150.0,0.0
5,MR-009,2025-09-20,05:16:02,200.0,0.0
5,MR-009,2025-09-20,05:16:02,250.0,0.0
5,MR-009,2025-09-20,05:16:02,300.0,0.0
5,BP-896,2025-09-20,05:16:02,340.0,0.0
5,BP-896,2025-09-20,05:16:02,380.0,0.0
5,BP-896,2025-09-20,05:16:02,420.0,0.0
5,FL-643,2025-09-20,05:16:02,450.0,0.0
5,MG-008,2025-09-20,06:09:03,60.0,40.0
5,MG-008,2025-09-20,06:09:03,120.0,40.0
5,WM-774,2025-09-20,06:09:03,150.0,40.0
5,WM-774,2025-09-20,06:09:03,180.0,40.0
5,WM-774,2025-09-20,06:09:03,210.0,40.0
5,WM-774,2025-09-20,06:09:03,240.0,40.0
5,FE-213,2025-09-20,06:09:03,290.0,40.0
5,FE-213,2025-09-20,06:09:03,340.0,40.0
5,FE-213,2025-09-20,06:09:03,390.0,40.0
5,FE-213,2025-09-20,06:09:03,440.0,40.0
5,FE-213,2025-09-20,06:09:03,490.0,40.0
5,MR-009,2025-09-20,06:09:03,50.0,70.0
5,MR-009,2025-09-20,06:09:03,100.0,70.0
5,MR-009,2025-09-20,06:09:03,150.0,70.0
5,MR-009,2025-09-20,06:09:03,200.0,70.0
5,FL-643,2025-09-20,06:11:48,230.0,70.0
5,WM-774,2025-09-20,06:11:48,260.0,70.0
5,MG-008,2025-09-20,06:11:48,320.0,70.0
5,FE-213,2025-09-20,06:11:48,370.0,70.0
5,FE-213,2025-09-20,06:11:48,420.0,70.0
6,FE-213,2025-09-20,06:11:48,50.0,0.0
6,FE-213,2025-09-20,06:11:48,100.0,0.0
6,MR-009,2025-09-20,08:12:25,150.0,0.0
6,MR-009,2025-09-20,08:12:25,200.0,0.0
6,BP-896,2025-09-20,08:12:25,240.0,0.0
6,BP-896,2025-09-20,08:12:25,280.0,0.0
6,MG-008,2025-09-20,08:12:25,340.0,0.0
6,PL-014,2025-09-20,08:12:25,390.0,0.0
6,PL-014,2025-09-20,08:12:25,440.0,0.0
6,PL-013,2025-09-20,09:53:06,480.0,0.0
6,PL-013,2025-09-20,09:53:06,40.0,40.0
6,PL-013,2025-09-20,09:53:06,80.0,40.0
6,PL-013,2025-09-20,09:53:06,120.0,40.0
6,GK-874,2025-09-20,09:53:06,155.0,40.0
6,GK-874,2025-09-20,09:53:06,190.0,40.0
6,GK-874,2025-09-20,09:53:06,225.0,40.0
6,GK-874,2025-09-20,09:53:06,260.0,40.0
6,PL-014,2025-09-20,09:53:06,310.0,40.0
6,PL-014,2025-09-20,09:53:06,360.0,40.0
6,WM-774,2025-09-20,09:53:06,390.0,40.0
6,WM-774,2025-09-20,09:53:06,420.0,40.0
6,WM-774,2025-09-20,09:53:06,450.0,40.0
6,AZ-011,2025-09-20,10:57:22,500.0,40.0
6,AZ-011,2025-09-20,10:57:22,50.0,75.0
6,AZ-011,2025-09-20,10:57:22,100.0,75.0
6,AZ-011,2025-09-20,10:57:22,150.0,75.0
6,AZ-011,2025-09-20,10:57:22,200.0,75.0
6,PL-025,2025-09-20,10:57:22,250.0,75.0
6,PL-025,2025-09-20,10:57:22,300.0,75.0
6,PL-025,2025-09-20,10:57:22,350.0,75.0
6,PL-025,2025-09-20,10:57:22,400.0,75.0
6,PL-025,2025-09-20,10:57:22,450.0,75.0
6,MG-008,2025-09-20,10:57:22,60.0,115.0
6,MG-008,2025-09-20,10:57:22,120.0,115.0
7,MG-008,2025-09-20,10:57:22,60.0,0.0
7,MG-008,2025-09-20,10:57:22,120.0,0.0
7,MG-008,2025-09-20,10:57:22,180.0,0.0
7,DG-324,2025-09-20,10:57:22,215.0,0.0
7,DG-324,2025-09-20,10:57:22,250.0,0.0
7,DG-324,2025-09-20,10:57:22,285.0,0.0
7,DG-324,2025-09-20,10:57:22,320.0,0.0
7,DG-324,2025-09-20,10:57:22,355.0,0.0
7,GT-243,2025-09-20,11:05:25,395.0,0.0
7,GT-243,2025-09-20,11:05:25,435.0,0.0
7,GT-243,2025-09-20,11:05:25,475.0,0.0
7,LV-337,2025-09-20,11:05:25,35.0,35.0
7,LV-337,2025-09-20,11:05:25,70.0,35.0
7,LV-337,2025-09-20,11:05:25,105.0,35.0
7,LV-337,2025-09-20,11:05:25,140.0,35.0
7,FE-213,2025-09-20,11:05:25,190.0,35.0
7,FE-213,2025-09-20,11:05:25,240.0,35.0
7,FE-213,2025-09-20,11:05:25,290.0,35.0
7,FE-213,2025-09-20,11:05:25,340.0,35.0
7,MR-009,2025-09-20,11:05:25,390.0,35.0
7,MR-009,2025-09-20,11:05:25,440.0,35.0
7,WM-774,2025-09-20,11:05:25,470.0,35.0
7,WM-774,2025-09-20,11:05:25,500.0,35.0
7,WM-774,2025-09-20,11:05:25,30.0,75.0
0,MG-008,2025-09-20,12:02:50,60.0,0.0
0,MG-008,2025-09-20,12:02:50,120.0,0.0
0,BP-896,2025-09-20,12:02:50,160.0,0.0
0,BP-896,2025-09-20,12:02:50,200.0,0.0
0,BP-896,2025-09-20,12:02:50,240.0,0.0
0,BP-896,2025-09-20,12:02:50,280.0,0.0
0,BP-896,2025-09-20,12:02:50,320.0,0.0
0,BR-178,2025-09-20,12:02:50,360.0,0.0
0,PL-014,2025-09-20,12:27:52,410.0,0.0
0,BR-178,2025-09-20,12:27:52,450.0,0.0
0,GK-874,2025-09-20,12:27:52,485.0,0.0
0,GK-874,2025-09-20,12:27:52,35.0,40.0
0,PL-013,2025-09-20,12:27:52,75.0,40.0
0,PL-013,2025-09-20,12:27:52,115.0,40.0
0,PL-013,2025-09-20,12:27:52,155.0,40.0
0,WM-774,2025-09-20,12:27:52,185.0,40.0
0,FE-213,2025-09-20,12:58:19,235.0,40.0
0,FE-213,2025-09-20,12:58:19,285.0,40.0
0,FE-213,2025-09-20,12:58:19,335.0,40.0
0,BR-178,2025-09-20,12:58:19,375.0,40.0
0,PL-013,2025-09-20,12:58:19,415.0,40.0
0,PL-014,2025-09-20,13:45:24,465.0,40.0
0,PL-014,2025-09-20,13:45:24,50.0,80.0
0,WM-774,2025-09-20,13:45:24,80.0,80.0
0,WM-774,2025-09-20,13:45:24,110.0,80.0
0,WM-774,2025-09-20,13:45:24,140.0,80.0
0,WM-774,2025-09-20,13:45:24,170.0,80.0
0,MG-008,2025-09-20,13:45:24,230.0,80.0
0,MG-008,2025-09-20,13:45:24,290.0,80.0
0,PL-013,2025-09-20,13:45:24,330.0,80.0
0,PL-013,2025-09-20,13:45:24,370.0,80.0
0,PL-013,2025-09-20,13:45:24,410.0,80.0
0,PL-013,2025-09-20,13:45:24,450.0,80.0
0,PL-013,2025-09-20,13:45:24,490.0,80.0
0,PL-014,2025-09-20,13:52:28,50.0,110.0
0,PL-014,2025-09-20,13:52:28,100.0,110.0
0,PL-014,2025-09-20,13:52:28,150.0,110.0
0,GT-243,2025-09-20,13:52:28,190.0,110.0
1,FL-643,2025-09-20,13:52:28,30.0,0.0
1,FL-643,2025-09-20,13:52:28,60.0,0.0
1,FL-643,2025-09-20,13:52:28,90.0,0.0
1,FL-643,2025-09-20,13:52:28,120.0,0.0
1,PL-025,2025-09-20,13:58:38,170.0,0.0
1,PL-025,2025-09-20,13:58:38,220.0,0.0
1,PL-025,2025-09-20,13:58:38,270.0,0.0
1,PL-025,2025-09-20,13:58:38,320.0,0.0
1,GT-243,2025-09-20,13:58:38,360.0,0.0
1,GT-243,2025-09-20,13:58:38,400.0,0.0
1,MG-008,2025-09-20,13:58:38,460.0,0.0
1,MG-008,2025-09-20,13:58:38,60.0,40.0
1,MG-008,2025-09-20,13:58:38,120.0,40.0
1,MG-008,2025-09-20,13:58:38,180.0,40.0
1,MR-009,2025-09-20,13:58:38,230.0,40.0
1,PL-025,2025-09-20,14:00:52,280.0,40.0
1,PL-025,2025-09-20,14:00:52,330.0,40.0
1,PL-025,2025-09-20,14:00:52,380.0,40.0
1,BP-896,2025-09-20,14:00:52,420.0,40.0
1,BP-896,2025-09-20,14:00:52,460.0,40.0
1,MG-008,2025-09-20,14:00:52,60.0,80.0
1,MG-008,2025-09-20,14:00:52,120.0,80.0
1,WM-774,2025-09-20,14:00:52,150.0,80.0
1,WM-774,2025-09-20,14:00:52,180.0,80.0
1,WM-774,2025-09-20,14:00:52,210.0,80.0
1,WM-774,2025-09-20,14:00:52,240.0,80.0
2,FL-643,2025-09-20,15:32:58,30.0,0.0
2,FL-643,2025-09-20,15:32:58,60.0,0.0
2,FL-643,2025-09-20,15:32:58,90.0,0.0
2,LV-337,2025-09-20,15:32:58,125.0,0.0
2,LV-337,2025-09-20,15:32:58,160.0,0.0
2,LV-337,2025-09-20,15:32:58,195.0,0.0
2,PL-014,2025-09-20,15:32:58,245.0,0.0
2,PL-014,2025-09-20,15:32:58,295.0,0.0
2,PL-014,2025-09-20,15:32:58,345.0,0.0
2,PL-013,2025-09-20,15:32:58,385.0,0.0
2,PL-013,2025-09-20,15:32:58,425.0,0.0
2,PL-013,2025-09-20,15:32:58,465.0,0.0
2,PL-013,2025-09-20,15:32:58,40.0,35.0
2,BR-178,2025-09-20,15:32:58,80.0,35.0
2,BR-178,2025-09-20,15:32:58,120.0,35.0
2,BR-178,2025-09-20,15:32:58,160.0,35.0
2,FE-213,2025-09-20,16:05:25,210.0,35.0
2,FE-213,2025-09-20,16:05:25,260.0,35.0
2,GK-874,2025-09-20,16:05:25,295.0,35.0
2,GK-874,2025-09-20,16:05:25,330.0,35.0
2,GK-874,2025-09-20,16:05:25,365.0,35.0
2,GK-874,2025-09-20,16:05:25,400.0,35.0
2,GK-874,2025-09-20,16:05:25,435.0,35.0
2,MR-009,2025-09-20,16:05:25,485.0,35.0
2,MR-009,2025-09-20,16:05:25,50.0,75.0
2,BR-178,2025-09-20,16:05:25,90.0,75.0
2,PL-013,2025-09-20,16:05:25,130.0,75.0
2,FE-213,2025-09-20,16:36:31,180.0,75.0
3,FE-213,2025-09-20,16:36:31,50.0,0.0
3,FE-213,2025-09-20,16:36:31,100.0,0.0
3,BP-896,2025-09-20,16:36:31,140.0,0.0
3,BP-896,2025-09-20,16:36:31,180.0,0.0
3,BP-896,2025-09-20,16:36:31,220.0,0.0
3,BP-896,2025-09-20,16:36:31,260.0,0.0
3,BP-896,2025-09-20,16:36:31,300.0,0.0
3,PL-014,2025-09-20,16:36:31,350.0,0.0
3,PL-014,2025-09-20,16:36:31,400.0,0.0
3,PL-014,2025-09-20,16:36:31,450.0,0.0
3,AZ-011,2025-09-20,17:39:24,500.0,0.0
3,AZ-011,2025-09-20,17:39:24,50.0,35.0
3,AZ-011,2025-09-20,17:39:24,100.0,35.0
3,PL-014,2025-09-20,17:39:24,150.0,35.0
3,PL-014,2025-09-20,17:39:24,200.0,35.0
3,PL-014,2025-09-20,17:39:24,250.0,35.0
3,LV-337,2025-09-20,17:39:24,285.0,35.0
3,LV-337,2025-09-20,17:39:24,320.0,35.0
3,LV-337,2025-09-20,17:39:24,355.0,35.0
3,LV-337,2025-09-20,17:39:24,390.0,35.0
3,LV-337,2025-09-20,17:39:24,425.0,35.0
3,GT-243,2025-09-20,18:00:24,465.0,35.0
4,GT-243,2025-09-20,18:00:24,40.0,0.0
4,GT-243,2025-09-20,18:00:24,80.0,0.0
4,GT-243,2025-09-20,18:00:24,120.0,0.0
4,BP-896,2025-09-20,18:00:24,160.0,0.0
4,BP-896,2025-09-20,18:00:24,200.0,0.0
4,BP-896,2025-09-20,18:00:24,240.0,0.0
4,BP-896,2025-09-20,18:00:24,280.0,0.0
4,BP-896,2025-09-20,18:00:24,320.0,0.0
4,DG-324,2025-09-20,18:00:24,355.0,0.0
4,WM-774,2025-09-20,18:00:24,385.0,0.0
4,WM-774,2025-09-20,18:00:24,415.0,0.0
4,WM-774,2025-09-20,18:00:24,445.0,0.0
4,FE-213,2025-09-20,18:00:24,495.0,0.0
4,FE-213,2025-09-20,18:00:24,50.0,35.0
4,FE-213,2025-09-20,18:00:24,100.0,35.0
4,FE-213,2025-09-20,18:00:24,150.0,35.0
4,GK-874,2025-09-20,18:08:35,185.0,35.0
4,GK-874,2025-09-20,18:08:35,220.0,35.0
4,GK-874,2025-09-20,18:08:35,255.0,35.0
4,GK-874,2025-09-20,18:08:35,290.0,35.0
4,GK-874,2025-09-20,18:08:35,325.0,35.0
4,LV-337,2025-09-20,18:08:35,360.0,35.0
4,LV-337,2025-09-20,18:08:35,395.0,35.0
4,LV-337,2025-09-20,18:08:35,430.0,35.0
4,FE-213,2025-09-20,18:08:35,480.0,35.0
4,GT-243,2025-09-20,19:31:55,40.0,70.0
4,GT-243,2025-09-20,19:31:55,80.0,70.0
5,GT-243,2025-09-20,19:31:55,40.0,0.0
5,GT-243,2025-09-20,19:31:55,80.0,0.0
5,MG-008,2025-09-20,19:31:55,140.0,0.0
5,MG-008,2025-09-20,19:31:55,200.0,0.0
5,MG-008,2025-09-20,19:31:55,260.0,0.0
5,MG-008,2025-09-20,19:31:55,320.0,0.0
5,WM-774,2025-09-20,19:31:55,350.0,0.0
5,WM-774,2025-09-20,19:31:55,380.0,0.0
5,BR-178,2025-09-20,19:31:55,420.0,0.0
5,WM-774,2025-09-20,19:44:12,450.0,0.0
5,WM-774,2025-09-20,19:44:12,480.0,0.0
5,AZ-011,2025-09-20,19:44:12,50.0,40.0
5,AZ-011,2025-09-20,19:44:12,100.0,40.0
5,AZ-011,2025-09-20,19:44:12,150.0,40.0
5,AZ-011,2025-09-20,19:44:12,200.0,40.0
5,AZ-011,2025-09-20,19:44:12,250.0,40.0
5,BR-178,2025-09-20,19:44:12,290.0,40.0
5,BR-178,2025-09-20,19:44:12,330.0,40.0
5,BR-178,2025-09-20,19:44:12,370.0,40.0
5,BR-178,2025-09-20,19:44:12,410.0,40.0
5,GT-243,2025-09-20,20:40:22,450.0,40.0
5,GT-243,2025-09-20,20:40:22,490.0,40.0
5,GT-243,2025-09-20,20:40:22,40.0,80.0
5,GT-243,2025-09-20,20:40:22,80.0,80.0
5,BR-178,2025-09-20,20:40:22,120.0,80.0
5,BR-178,2025-09-20,20:40:22,160.0,80.0
5,BR-178,2025-09-20,20:40:22,200.0,80.0
5,DG-324,2025-09-20,20:40:22,235.0,80.0
5,DG-324,2025-09-20,20:40:22,270.0,80.0
5,DG-324,2025-09-20,20:40:22,305.0,80.0
5,GT-243,2025-09-20,20:42:45,345.0,80.0
5,GT-243,2025-09-20,20:42:45,385.0,80.0
5,GT-243,2025-09-20,20:42:45,425.0,80.0
6,GT-243,2025-09-20,20:42:45,40.0,0.0
6,AZ-011,2025-09-20,20:42:45,90.0,0.0
6,WM-774,2025-09-20,20:42:45,120.0,0.0
6,WM-774,2025-09-20,20:42:45,150.0,0.0
6,WM-774,2025-09-20,20:42:45,180.0,0.0
6,FE-213,2025-09-20,21:12:37,230.0,0.0
6,FE-213,2025-09-20,21:12:37,280.0,0.0
6,FE-213,2025-09-20,21:12:37,330.0,0.0
6,FE-213,2025-09-20,21:12:37,380.0,0.0
6,FE-213,2025-09-20,21:12:37,430.0,0.0
6,BR-178,2025-09-20,21:12:37,470.0,0.0
6,BR-178,2025-09-20,21:12:37,40.0,40.0
6,MR-009,2025-09-20,21:12:37,90.0,40.0
6,MR-009,2025-09-20,21:12:37,140.0,40.0
6,MR-009,2025-09-20,21:12:37,190.0,40.0
6,MR-009,2025-09-20,21:12:37,240.0,40.0
6,LV-337,2025-09-20,21:12:37,275.0,40.0
6,LV-337,2025-09-20,21:12:37,310.0,40.0
6,WM-774,2025-09-20,21:56:41,340.0,40.0
6,WM-774,2025-09-20,21:56:41,370.0,40.0
6,GK-874,2025-09-20,21:56:41,405.0,40.0
6,GK-874,2025-09-20,21:56:41,440.0,40.0
6,GK-874,2025-09-20,21:56:41,475.0,40.0
6,GK-874,2025-09-20,21:56:41,35.0,80.0
6,LV-337,2025-09-20,21:56:41,70.0,80.0
6,LV-337,2025-09-20,21:56:41,105.0,80.0
7,LV-337,2025-09-20,21:56:41,35.0,0.0
7,LV-337,2025-09-20,21:56:41,70.0,0.0
7,LV-337,2025-09-20,21:56:41,105.0,0.0
7,BR-178,2025-09-20,21:56:41,145.0,0.0
7,BR-178,2025-09-20,21:56:41,185.0,0.0
7,BR-178,2025-09-20,21:56:41,225.0,0.0
7,BR-178,2025-09-20,21:56:41,265.0,0.0
7,MG-008,2025-09-20,21:56:41,325.0,0.0
7,MG-008,2025-09-20,21:56:41,385.0,0.0
7,MG-008,2025-09-20,21:56:41,445.0,0.0
7,MG-008,2025-09-20,21:56:41,60.0,40.0
7,MR-009,2025-09-20,23:09:55,110.0,40.0
7,MR-009,2025-09-20,23:09:55,160.0,40.0
7,MG-008,2025-09-20,23:09:55,220.0,40.0
7,MG-008,2025-09-20,23:09:55,280.0,40.0
7,MG-008,2025-09-20,23:09:55,340.0,40.0
7,MG-008,2025-09-20,23:09:55,400.0,40.0
7,MG-008,2025-09-20,23:09:55,460.0,40.0
7,AZ-011,2025-09-20,23:09:55,50.0,80.0
7,AZ-011,2025-09-20,23:09:55,100.0,80.0
7,AZ-011,2025-09-20,23:09:55,150.0,80.0
8,AZ-011,2025-09-20,23:09:55,50.0,0.0
8,AZ-011,2025-09-20,23:09:55,100.0,0.0
8,FL-643,2025-09-20,23:13:14,130.0,0.0
8,FL-643,2025-09-20,23:13:14,160.0,0.0
8,FL-643,2025-09-20,23:13:14,190.0,0.0
8,FL-643,2025-09-20,23:13:14,220.0,0.0
8,FL-643,2025-09-20,23:13:14,250.0,0.0
8,LV-337,2025-09-20,23:13:14,285.0,0.0
8,LV-337,2025-09-20,23:13:14,320.0,0.0
8,LV-337,2025-09-20,23:13:14,355.0,0.0
8,LV-337,2025-09-20,23:13:14,390.0,0.0
8,GT-243,2025-09-20,23:13:14,430.0,0.0
8,GT-243,2025-09-20,23:13:14,470.0,0.0
8,FE-213,2025-09-20,23:13:14,50.0,35.0
8,FE-213,2025-09-20,23:13:14,100.0,35.0
8,BP-896,2025-09-20,23:20:48,140.0,35.0
8,MR-009,2025-09-20,23:20:48,190.0,35.0
8,MR-009,2025-09-20,23:20:48,240.0,35.0
8,MR-009,2025-09-20,23:20:48,290.0,35.0
8,MR-009,2025-09-20,23:20:48,340.0,35.0
9,MR-009,2025-09-20,23:20:48,50.0,0.0
9,GT-243,2025-09-20,23:20:48,90.0,0.0
9,GT-243,2025-09-20,23:20:48,130.0,0.0
9,GT-243,2025-09-20,23:20:48,170.0,0.0
