1,PL-014,2025-09-16 01:40:17,5,5
1,PL-014,2025-09-16 03:13:05,55,5
1,PL-014,2025-09-16 03:13:05,105,5
1,PL-014,2025-09-16 03:18:12,155,5
1,PL-014,2025-09-16 07:13:10,205,5
1,PL-014,2025-09-16 07:13:10,255,5
1,PL-014,2025-09-16 07:13:10,305,5
1,PL-014,2025-09-16 07:13:10,355,5
1,PL-014,2025-09-16 07:13:10,405,5
1,WM-774,2025-09-16 00:04:19,455,5
1,WM-774,2025-09-16 00:04:19,5,35
1,WM-774,2025-09-16 00:04:19,35,35
1,WM-774,2025-09-16 01:21:50,65,35
1,WM-774,2025-09-16 01:21:50,95,35
1,WM-774,2025-09-16 01:21:50,125,35
1,WM-774,2025-09-16 01:21:50,155,35
1,WM-774,2025-09-16 01:21:50,185,35
1,WM-774,2025-09-16 01:26:14,215,35
1,WM-774,2025-09-16 01:26:14,245,35
1,WM-774,2025-09-16 01:26:14,275,35
1,WM-774,2025-09-16 02:59:03,305,35
1,WM-774,2025-09-16 06:24:02,335,35
1,WM-774,2025-09-16 08:21:25,365,35
1,WM-774,2025-09-16 08:21:25,395,35
1,WM-774,2025-09-16 08:21:25,425,35
1,WM-774,2025-09-16 08:21:25,455,35
1,WM-774,2025-09-16 08:21:25,5,65
1,WM-774,2025-09-16 09:25:50,35,65
1,WM-774,2025-09-16 09:25:50,65,65
1,WM-774,2025-09-16 09:25:50,95,65
1,WM-774,2025-09-16 09:25:50,125,65
1,WM-774,2025-09-16 09:25:50,155,65
1,WM-774,2025-09-16 10:19:12,185,65
1,WM-774,2025-09-16 10:19:12,215,65
1,WM-774,2025-09-16 10:19:12,245,65
1,WM-774,2025-09-16 10:19:12,275,65
1,DG-324,2025-09-16 00:04:19,5,95
1,DG-324,2025-09-16 00:04:19,40,95
1,DG-324,2025-09-16 00:04:19,75,95
1,DG-324,2025-09-16 00:04:19,110,95
1,DG-324,2025-09-16 00:04:19,145,95
1,DG-324,2025-09-16 01:26:14,180,95
1,DG-324,2025-09-16 01:26:14,215,95
1,DG-324,2025-09-16 03:13:05,250,95
1,DG-324,2025-09-16 03:13:05,285,95
1,DG-324,2025-09-16 03:13:05,320,95
1,DG-324,2025-09-16 03:13:05,355,95
1,DG-324,2025-09-16 04:29:40,390,95
1,DG-324,2025-09-16 04:29:40,425,95
1,DG-324,2025-09-16 04:29:40,460,95
1,DG-324,2025-09-16 08:21:25,5,130
1,DG-324,2025-09-16 08:21:25,40,130
1,DG-324,2025-09-16 08:21:25,75,130
1,DG-324,2025-09-16 08:21:25,110,130
1,DG-324,2025-09-16 09:25:50,145,130
1,DG-324,2025-09-16 09:25:50,180,130
1,DG-324,2025-09-16 09:25:50,215,130
1,DG-324,2025-09-16 09:25:50,250,130
1,DG-324,2025-09-16 09:25:50,285,130
1,DG-324,2025-09-16 11:38:09,320,130
1,DG-324,2025-09-16 11:38:09,355,130
1,DG-324,2025-09-16 11:38:09,390,130
1,DG-324,2025-09-16 11:38:09,425,130
1,PL-013,2025-09-16 01:40:17,460,130
1,PL-013,2025-09-16 01:40:17,305,65
1,PL-013,2025-09-16 01:40:17,345,65
1,PL-013,2025-09-16 01:40:17,385,65
1,PL-013,2025-09-16 03:03:21,425,65
2,PL-013,2025-09-16 03:03:21,5,5
2,PL-013,2025-09-16 03:03:21,45,5
2,PL-013,2025-09-16 03:03:21,85,5
2,PL-013,2025-09-16 03:13:05,125,5
2,PL-013,2025-09-16 03:13:05,165,5
2,PL-013,2025-09-16 04:29:40,205,5
2,PL-013,2025-09-16 04:29:40,245,5
2,PL-013,2025-09-16 04:29:40,285,5
2,PL-013,2025-09-16 04:29:40,325,5
2,PL-013,2025-09-16 04:29:40,365,5
2,PL-013,2025-09-16 07:13:10,405,5
2,PL-013,2025-09-16 07:13:10,445,5
2,PL-013,2025-09-16 07:13:10,5,35
2,PL-013,2025-09-16 07:13:10,45,35
2,PL-013,2025-09-16 07:13:10,85,35
2,AZ-011,2025-09-16 01:26:14,5,65
2,AZ-011,2025-09-16 01:26:14,55,65
2,AZ-011,2025-09-16 01:40:17,105,65
2,AZ-011,2025-09-16 02:59:03,155,65
2,AZ-011,2025-09-16 03:03:21,205,65
2,AZ-011,2025-09-16 03:03:21,255,65
2,AZ-011,2025-09-16 03:03:21,305,65
2,AZ-011,2025-09-16 03:13:05,355,65
2,AZ-011,2025-09-16 03:13:05,405,65
2,AZ-011,2025-09-16 03:13:05,455,65
2,AZ-011,2025-09-16 03:13:05,5,100
2,AZ-011,2025-09-16 03:13:05,55,100
2,AZ-011,2025-09-16 03:18:12,105,100
2,AZ-011,2025-09-16 03:18:12,155,100
2,AZ-011,2025-09-16 03:18:12,205,100
2,AZ-011,2025-09-16 03:18:12,255,100
2,AZ-011,2025-09-16 03:18:12,305,100
2,AZ-011,2025-09-16 06:24:02,355,100
2,AZ-011,2025-09-16 06:24:02,405,100
2,AZ-011,2025-09-16 10:19:12,455,100
2,AZ-011,2025-09-16 11:38:09,5,135
2,AZ-011,2025-09-16 11:38:09,55,135
2,MR-009,2025-09-16 00:44:54,5,170
3,MR-009,2025-09-16 00:44:54,5,5
3,MR-009,2025-09-16 00:44:54,55,5
3,MR-009,2025-09-16 00:44:54,105,5
3,FE-213,2025-09-16 01:21:50,155,5
3,FE-213,2025-09-16 01:40:17,205,5
3,FE-213,2025-09-16 01:40:17,255,5
3,FE-213,2025-09-16 01:40:17,305,5
3,FE-213,2025-09-16 01:40:17,355,5
3,MR-009,2025-09-16 01:40:17,5,45
3,MR-009,2025-09-16 01:40:17,55,45
3,MR-009,2025-09-16 01:40:17,105,45
3,MR-009,2025-09-16 01:40:17,155,45
3,FE-213,2025-09-16 02:59:03,405,5
3,MR-009,2025-09-16 03:15:28,205,45
3,MR-009,2025-09-16 03:15:28,255,45
3,MR-009,2025-09-16 03:15:28,305,45
3,MR-009,2025-09-16 03:15:28,355,45
3,MR-009,2025-09-16 03:15:28,405,45
3,FE-213,2025-09-16 03:18:12,455,5
3,FE-213,2025-09-16 03:18:12,455,45
3,FE-213,2025-09-16 03:18:12,5,85
3,FE-213,2025-09-16 06:24:02,55,85
3,FE-213,2025-09-16 06:32:46,105,85
3,FE-213,2025-09-16 06:32:46,155,85
3,MR-009,2025-09-16 06:32:46,5,115
3,MR-009,2025-09-16 06:32:46,55,115
3,MR-009,2025-09-16 06:32:46,105,115
3,MR-009,2025-09-16 06:32:46,155,115
4,FE-213,2025-09-16 06:39:51,5,5
4,FE-213,2025-09-16 07:40:07,55,5
4,FE-213,2025-09-16 07:40:07,105,5
4,FE-213,2025-09-16 07:40:07,155,5
4,FE-213,2025-09-16 08:28:57,205,5
4,FE-213,2025-09-16 08:28:57,255,5
4,FE-213,2025-09-16 08:28:57,305,5
4,FE-213,2025-09-16 09:25:50,355,5
4,FE-213,2025-09-16 09:25:50,405,5
4,FE-213,2025-09-16 09:25:50,455,5
4,FE-213,2025-09-16 10:19:12,5,35
4,MG-008,2025-09-16 00:04:19,55,35
4,MG-008,2025-09-16 00:04:19,115,35
4,MG-008,2025-09-16 00:04:19,175,35
4,MG-008,2025-09-16 00:04:19,235,35
4,MG-008,2025-09-16 00:04:19,295,35
4,MG-008,2025-09-16 04:29:40,355,35
4,MG-008,2025-09-16 04:29:40,415,35
4,MG-008,2025-09-16 04:29:40,5,65
4,MG-008,2025-09-16 05:39:53,65,65
4,MG-008,2025-09-16 06:24:02,125,65
4,MG-008,2025-09-16 06:24:02,185,65
4,MG-008,2025-09-16 06:24:02,245,65
4,MG-008,2025-09-16 06:24:02,305,65
4,MG-008,2025-09-16 08:21:25,365,65
4,MG-008,2025-09-16 08:21:25,425,65
4,MG-008,2025-09-16 08:21:25,5,95
4,GK-874,2025-09-16 03:03:21,65,95
5,MG-008,2025-09-16 08:28:57,5,5
5,MG-008,2025-09-16 08:28:57,65,5
5,MG-008,2025-09-16 08:28:57,125,5
5,BR-178,2025-09-16 01:21:50,5,35
5,BR-178,2025-09-16 01:21:50,45,35
5,PL-025,2025-09-16 02:59:03,85,35
5,BR-178,2025-09-16 03:18:12,135,35
5,BR-178,2025-09-16 03:18:12,175,35
5,BR-178,2025-09-16 03:18:12,215,35
5,BR-178,2025-09-16 06:39:51,255,35
5,BR-178,2025-09-16 06:39:51,295,35
5,BR-178,2025-09-16 06:39:51,335,35
5,BR-178,2025-09-16 06:39:51,375,35
5,BR-178,2025-09-16 06:39:51,415,35
5,PL-025,2025-09-16 08:21:25,455,35
5,PL-025,2025-09-16 08:21:25,5,75
5,PL-025,2025-09-16 08:21:25,55,75
5,PL-025,2025-09-16 08:21:25,105,75
5,GK-874,2025-09-16 03:03:21,185,5
5,GK-874,2025-09-16 03:03:21,220,5
5,GK-874,2025-09-16 03:03:21,255,5
5,GK-874,2025-09-16 03:03:21,290,5
5,GK-874,2025-09-16 03:15:28,325,5
5,GK-874,2025-09-16 03:15:28,360,5
5,GK-874,2025-09-16 05:39:53,395,5
5,GK-874,2025-09-16 05:39:53,430,5
5,GK-874,2025-09-16 06:32:46,465,5
5,GK-874,2025-09-16 06:39:51,155,75
5,GK-874,2025-09-16 06:39:51,190,75
6,GK-874,2025-09-16 06:39:51,5,5
6,GK-874,2025-09-16 06:39:51,40,5
6,GK-874,2025-09-16 06:39:51,75,5
6,GK-874,2025-09-16 08:28:57,110,5
6,GK-874,2025-09-16 11:38:09,145,5
6,GK-874,2025-09-16 11:38:09,180,5
6,GK-874,2025-09-16 11:38:09,215,5
6,GK-874,2025-09-16 11:38:09,250,5
6,GK-874,2025-09-16 11:38:09,285,5
6,GT-243,2025-09-16 00:44:54,320,5
6,GT-243,2025-09-16 00:44:54,360,5
6,GT-243,2025-09-16 00:44:54,400,5
6,GT-243,2025-09-16 00:44:54,440,5
6,GT-243,2025-09-16 00:44:54,5,25
6,GT-243,2025-09-16 03:03:21,45,25
6,GT-243,2025-09-16 03:03:21,85,25
6,GT-243,2025-09-16 05:39:53,125,25
6,GT-243,2025-09-16 05:39:53,165,25
6,GT-243,2025-09-16 05:39:53,205,25
6,GT-243,2025-09-16 05:39:53,245,25
6,GT-243,2025-09-16 05:39:53,285,25
6,GT-243,2025-09-16 06:32:46,325,25
6,GT-243,2025-09-16 06:32:46,365,25
6,GT-243,2025-09-16 07:40:07,405,25
6,GT-243,2025-09-16 07:40:07,445,25
6,GT-243,2025-09-16 07:40:07,5,45
6,GT-243,2025-09-16 07:40:07,45,45
6,GT-243,2025-09-16 07:40:07,85,45
6,GT-243,2025-09-16 08:28:57,125,45
6,GT-243,2025-09-16 08:28:57,165,45
6,BP-896,2025-09-16 02:59:03,5,65
6,BP-896,2025-09-16 02:59:03,45,65
6,BP-896,2025-09-16 02:59:03,85,65
6,FL-643,2025-09-16 03:15:28,125,65
7,BP-896,2025-09-16 02:59:03,5,5
7,BP-896,2025-09-16 02:59:03,45,5
7,BP-896,2025-09-16 05:39:53,85,5
7,BP-896,2025-09-16 10:19:12,125,5
7,BP-896,2025-09-16 10:19:12,165,5
7,BP-896,2025-09-16 10:19:12,205,5
7,BP-896,2025-09-16 10:19:12,245,5
7,BP-896,2025-09-16 10:19:12,285,5
7,FL-643,2025-09-16 03:15:28,325,5
7,FL-643,2025-09-16 03:15:28,355,5
7,FL-643,2025-09-16 05:39:53,385,5
7,FL-643,2025-09-16 05:39:53,415,5
7,FL-643,2025-09-16 05:39:53,445,5
7,FL-643,2025-09-16 07:40:07,475,5
7,FL-643,2025-09-16 10:19:12,5,35
7,FL-643,2025-09-16 10:19:12,35,35
7,FL-643,2025-09-16 10:19:12,65,35
7,FL-643,2025-09-16 10:19:12,95,35
7,FL-643,2025-09-16 10:19:12,125,35
7,FL-643,2025-09-16 11:38:09,155,35
7,FL-643,2025-09-16 11:38:09,185,35
7,FL-643,2025-09-16 11:38:09,215,35
7,FL-643,2025-09-16 11:38:09,245,35
8,FL-643,2025-09-16 11:38:09,5,5
8,LV-337,2025-09-16 00:04:19,5,35
8,LV-337,2025-09-16 00:04:19,40,35
8,LV-337,2025-09-16 00:04:19,75,35
8,LV-337,2025-09-16 00:04:19,110,35
8,LV-337,2025-09-16 00:44:54,145,35
8,LV-337,2025-09-16 00:44:54,180,35
8,LV-337,2025-09-16 00:44:54,215,35
8,LV-337,2025-09-16 00:44:54,250,35
8,LV-337,2025-09-16 00:44:54,285,35
9,LV-337,2025-09-16 01:21:50,5,5
9,LV-337,2025-09-16 01:21:50,40,5
9,LV-337,2025-09-16 01:26:14,75,5
9,LV-337,2025-09-16 03:15:28,110,5
9,LV-337,2025-09-16 03:15:28,145,5
9,LV-337,2025-09-16 06:39:51,180,5
9,LV-337,2025-09-16 06:39:51,215,5
9,LV-337,2025-09-16 06:39:51,250,5
9,LV-337,2025-09-16 07:13:10,285,5
9,LV-337,2025-09-16 07:13:10,320,5
10,LV-337,2025-09-16 07:13:10,5,5
1,PL-014,2025-09-16 12:09:43,5,5
1,PL-014,2025-09-16 14:23:10,55,5
1,PL-014,2025-09-16 14:23:10,105,5
1,PL-014,2025-09-16 14:23:10,155,5
1,PL-014,2025-09-16 14:23:10,205,5
1,PL-014,2025-09-16 21:20:00,255,5
1,PL-014,2025-09-16 22:21:59,305,5
1,PL-014,2025-09-16 22:21:59,355,5
1,PL-014,2025-09-16 22:21:59,405,5
1,PL-014,2025-09-16 22:21:59,455,5
1,PL-014,2025-09-16 22:21:59,5,35
1,WM-774,2025-09-16 14:23:10,55,35
1,WM-774,2025-09-16 14:23:10,85,35
1,WM-774,2025-09-16 14:23:10,115,35
1,WM-774,2025-09-16 14:23:10,145,35
1,WM-774,2025-09-16 14:23:10,175,35
1,WM-774,2025-09-16 14:56:29,205,35
1,WM-774,2025-09-16 14:56:29,235,35
1,WM-774,2025-09-16 14:56:29,265,35
1,WM-774,2025-09-16 14:56:29,295,35
1,WM-774,2025-09-16 14:56:29,325,35
1,WM-774,2025-09-16 16:27:39,355,35
1,WM-774,2025-09-16 16:27:39,385,35
1,DG-324,2025-09-16 13:34:13,5,65
1,DG-324,2025-09-16 13:34:13,40,65
1,DG-324,2025-09-16 13:34:13,75,65
1,DG-324,2025-09-16 13:34:13,110,65
1,DG-324,2025-09-16 13:34:13,145,65
1,DG-324,2025-09-16 13:40:27,180,65
1,DG-324,2025-09-16 13:40:27,215,65
1,DG-324,2025-09-16 13:40:27,250,65
1,DG-324,2025-09-16 13:40:27,285,65
1,DG-324,2025-09-16 14:36:00,320,65
1,DG-324,2025-09-16 14:36:00,355,65
1,DG-324,2025-09-16 15:06:35,390,65
1,DG-324,2025-09-16 16:49:13,425,65
1,DG-324,2025-09-16 20:39:38,460,65
1,DG-324,2025-09-16 21:34:41,5,100
1,DG-324,2025-09-16 21:34:41,40,100
1,DG-324,2025-09-16 21:34:41,75,100
1,DG-324,2025-09-16 21:34:41,110,100
1,DG-324,2025-09-16 22:04:42,145,100
1,PL-013,2025-09-16 13:04:10,415,35
1,PL-013,2025-09-16 13:04:10,455,35
1,PL-013,2025-09-16 20:39:38,180,100
1,PL-013,2025-09-16 20:39:38,220,100
1,PL-013,2025-09-16 20:39:38,260,100
1,PL-013,2025-09-16 20:39:38,300,100
1,PL-013,2025-09-16 20:39:38,340,100
1,PL-013,2025-09-16 21:03:34,380,100
1,PL-013,2025-09-16 21:03:34,420,100
1,PL-013,2025-09-16 21:03:34,460,100
1,PL-013,2025-09-16 21:03:34,5,135
1,PL-013,2025-09-16 21:03:34,45,135
1,PL-013,2025-09-16 22:04:42,85,135
1,PL-013,2025-09-16 22:04:42,125,135
1,AZ-011,2025-09-16 14:56:29,5,165
1,AZ-011,2025-09-16 14:56:29,55,165
1,AZ-011,2025-09-16 14:56:29,105,165
1,GK-874,2025-09-16 13:40:27,165,135
2,AZ-011,2025-09-16 21:59:19,5,5
2,AZ-011,2025-09-16 21:59:19,55,5
2,AZ-011,2025-09-16 21:59:19,105,5
2,FE-213,2025-09-16 13:04:10,155,5
2,FE-213,2025-09-16 13:04:10,205,5
2,FE-213,2025-09-16 13:04:10,255,5
2,FE-213,2025-09-16 13:04:10,305,5
2,MR-009,2025-09-16 13:04:10,5,40
2,MR-009,2025-09-16 13:04:10,55,40
2,MR-009,2025-09-16 13:04:10,105,40
2,MR-009,2025-09-16 13:04:10,155,40
2,MR-009,2025-09-16 13:34:13,205,40
2,MR-009,2025-09-16 13:34:13,255,40
2,MR-009,2025-09-16 13:34:13,305,40
2,FE-213,2025-09-16 13:34:13,355,5
2,FE-213,2025-09-16 13:34:13,405,5
2,FE-213,2025-09-16 14:08:12,455,5
2,FE-213,2025-09-16 14:08:12,355,40
2,FE-213,2025-09-16 14:08:12,405,40
2,FE-213,2025-09-16 14:23:10,455,40
2,FE-213,2025-09-16 14:23:10,5,80
2,FE-213,2025-09-16 14:23:10,55,80
2,FE-213,2025-09-16 14:23:10,105,80
2,FE-213,2025-09-16 14:23:10,155,80
2,MR-009,2025-09-16 16:49:13,5,110
2,MR-009,2025-09-16 16:49:13,55,110
2,MR-009,2025-09-16 16:49:13,105,110
2,MR-009,2025-09-16 16:49:13,155,110
2,FE-213,2025-09-16 20:39:38,205,80
2,GK-874,2025-09-16 13:40:27,255,80
3,FE-213,2025-09-16 20:39:38,5,5
3,FE-213,2025-09-16 20:39:38,55,5
3,FE-213,2025-09-16 20:39:38,105,5
3,MR-009,2025-09-16 21:20:00,5,35
3,FE-213,2025-09-16 21:34:41,155,5
3,FE-213,2025-09-16 21:34:41,205,5
3,FE-213,2025-09-16 21:34:41,255,5
3,FE-213,2025-09-16 21:34:41,305,5
3,FE-213,2025-09-16 21:34:41,355,5
3,FE-213,2025-09-16 22:04:42,405,5
3,FE-213,2025-09-16 22:04:42,455,5
3,FE-213,2025-09-16 22:04:42,55,35
3,FE-213,2025-09-16 22:21:59,105,35
3,FE-213,2025-09-16 22:21:59,155,35
3,FE-213,2025-09-16 22:21:59,205,35
3,FE-213,2025-09-16 22:21:59,255,35
3,FE-213,2025-09-16 23:21:10,305,35
3,FE-213,2025-09-16 23:21:10,355,35
3,FE-213,2025-09-16 23:21:10,405,35
3,FE-213,2025-09-16 23:21:10,455,35
3,MG-008,2025-09-16 13:04:10,5,75
3,MG-008,2025-09-16 13:40:27,65,75
3,MG-008,2025-09-16 13:40:27,125,75
3,MG-008,2025-09-16 14:56:29,185,75
3,MG-008,2025-09-16 15:06:35,245,75
3,MG-008,2025-09-16 15:06:35,305,75
3,MG-008,2025-09-16 15:06:35,365,75
3,MG-008,2025-09-16 15:06:35,425,75
3,MG-008,2025-09-16 15:06:35,5,105
3,GK-874,2025-09-16 13:40:27,65,105
4,MG-008,2025-09-16 21:20:00,5,5
4,MG-008,2025-09-16 21:20:00,65,5
4,MG-008,2025-09-16 21:20:00,125,5
4,MG-008,2025-09-16 21:20:00,185,5
4,MG-008,2025-09-16 21:34:41,245,5
4,MG-008,2025-09-16 21:34:41,305,5
4,PL-025,2025-09-16 12:09:43,5,35
4,BR-178,2025-09-16 13:04:10,55,35
4,BR-178,2025-09-16 13:04:10,95,35
4,PL-025,2025-09-16 14:08:12,135,35
4,PL-025,2025-09-16 14:08:12,185,35
4,PL-025,2025-09-16 14:08:12,235,35
4,PL-025,2025-09-16 14:08:12,285,35
4,PL-025,2025-09-16 14:08:12,335,35
4,PL-025,2025-09-16 14:36:00,385,35
4,PL-025,2025-09-16 14:36:00,435,35
4,PL-025,2025-09-16 14:36:00,5,75
4,PL-025,2025-09-16 14:36:00,55,75
4,BR-178,2025-09-16 14:56:29,105,75
4,PL-025,2025-09-16 16:27:39,145,75
4,PL-025,2025-09-16 16:27:39,195,75
4,BR-178,2025-09-16 19:07:42,245,75
5,PL-025,2025-09-16 16:27:39,5,5
5,PL-025,2025-09-16 16:27:39,55,5
5,PL-025,2025-09-16 19:07:42,105,5
5,PL-025,2025-09-16 19:07:42,155,5
5,BR-178,2025-09-16 19:07:42,205,5
5,BR-178,2025-09-16 19:07:42,245,5
5,BR-178,2025-09-16 19:07:42,285,5
5,BR-178,2025-09-16 19:07:42,325,5
5,BR-178,2025-09-16 21:03:34,365,5
5,BR-178,2025-09-16 21:03:34,405,5
5,BR-178,2025-09-16 21:03:34,445,5
5,BR-178,2025-09-16 21:03:34,5,45
5,PL-025,2025-09-16 22:04:42,45,45
5,PL-025,2025-09-16 22:04:42,95,45
5,PL-025,2025-09-16 22:04:42,145,45
5,PL-025,2025-09-16 22:04:42,195,45
5,PL-025,2025-09-16 22:04:42,245,45
5,BR-178,2025-09-16 22:21:59,295,45
5,BR-178,2025-09-16 22:21:59,335,45
5,BR-178,2025-09-16 23:21:10,375,45
5,BR-178,2025-09-16 23:21:10,415,45
5,GK-874,2025-09-16 13:40:27,455,45
5,GK-874,2025-09-16 16:27:39,455,65
5,GK-874,2025-09-16 16:27:39,5,85
6,GK-874,2025-09-16 16:27:39,5,5
6,GK-874,2025-09-16 21:59:19,40,5
6,GT-243,2025-09-16 13:40:27,75,5
6,GT-243,2025-09-16 13:40:27,115,5
6,GT-243,2025-09-16 22:21:59,155,5
6,GT-243,2025-09-16 22:21:59,195,5
6,GT-243,2025-09-16 22:21:59,235,5
6,GT-243,2025-09-16 22:21:59,275,5
6,BP-896,2025-09-16 13:34:13,5,25
6,BP-896,2025-09-16 13:34:13,45,25
6,BP-896,2025-09-16 13:40:27,85,25
6,BP-896,2025-09-16 13:40:27,125,25
6,BP-896,2025-09-16 15:06:35,165,25
6,BP-896,2025-09-16 15:06:35,205,25
6,BP-896,2025-09-16 15:06:35,245,25
6,BP-896,2025-09-16 15:06:35,285,25
6,BP-896,2025-09-16 16:49:13,325,25
6,BP-896,2025-09-16 16:49:13,365,25
6,BP-896,2025-09-16 16:49:13,405,25
6,BP-896,2025-09-16 19:07:42,445,25
6,BP-896,2025-09-16 19:07:42,5,55
6,BP-896,2025-09-16 19:07:42,45,55
6,BP-896,2025-09-16 21:34:41,85,55
7,BP-896,2025-09-16 21:34:41,5,5
7,BP-896,2025-09-16 21:59:19,45,5
7,BP-896,2025-09-16 21:59:19,85,5
7,FL-643,2025-09-16 12:09:43,125,5
7,FL-643,2025-09-16 12:09:43,155,5
7,FL-643,2025-09-16 12:09:43,185,5
7,FL-643,2025-09-16 20:39:38,215,5
7,FL-643,2025-09-16 20:39:38,245,5
7,FL-643,2025-09-16 20:39:38,275,5
7,FL-643,2025-09-16 20:39:38,305,5
7,FL-643,2025-09-16 21:03:34,335,5
7,FL-643,2025-09-16 21:34:41,365,5
7,FL-643,2025-09-16 21:34:41,395,5
7,LV-337,2025-09-16 14:08:12,5,35
7,LV-337,2025-09-16 14:36:00,40,35
7,LV-337,2025-09-16 14:36:00,75,35
7,LV-337,2025-09-16 14:36:00,110,35
8,LV-337,2025-09-16 14:56:29,5,5
8,LV-337,2025-09-16 19:07:42,40,5
8,LV-337,2025-09-16 19:07:42,75,5
8,LV-337,2025-09-16 20:39:38,110,5
8,LV-337,2025-09-16 20:39:38,145,5
8,LV-337,2025-09-16 22:21:59,180,5
8,LV-337,2025-09-16 22:21:59,215,5
8,LV-337,2025-09-16 22:21:59,250,5
8,LV-337,2025-09-16 22:21:59,285,5
8,LV-337,2025-09-16 23:21:10,320,5
9,LV-337,2025-09-16 23:21:10,5,5
1,PL-014,2025-09-17 04:15:10,5,5
1,PL-014,2025-09-17 04:15:10,55,5
1,PL-014,2025-09-17 04:15:10,105,5
1,PL-014,2025-09-17 04:15:10,155,5
1,PL-014,2025-09-17 06:24:10,205,5
1,PL-014,2025-09-17 06:24:10,255,5
1,PL-014,2025-09-17 07:23:21,305,5
1,PL-014,2025-09-17 07:23:21,355,5
1,PL-014,2025-09-17 10:11:08,405,5
1,PL-014,2025-09-17 10:11:08,455,5
1,PL-014,2025-09-17 10:11:08,5,35
1,PL-014,2025-09-17 10:11:08,55,35
1,PL-014,2025-09-17 10:11:08,105,35
1,PL-014,2025-09-17 11:25:18,155,35
1,WM-774,2025-09-17 05:11:22,205,35
1,WM-774,2025-09-17 05:11:22,235,35
1,WM-774,2025-09-17 05:11:22,265,35
1,WM-774,2025-09-17 05:11:22,295,35
1,WM-774,2025-09-17 11:25:18,325,35
1,WM-774,2025-09-17 11:25:18,355,35
1,WM-774,2025-09-17 11:25:18,385,35
1,WM-774,2025-09-17 11:25:18,415,35
1,WM-774,2025-09-17 11:57:36,445,35
1,WM-774,2025-09-17 11:57:36,475,35
1,WM-774,2025-09-17 11:57:36,5,65
1,DG-324,2025-09-17 01:13:10,5,95
1,DG-324,2025-09-17 01:13:10,40,95
1,DG-324,2025-09-17 01:13:10,75,95
1,DG-324,2025-09-17 01:23:30,110,95
1,DG-324,2025-09-17 01:23:30,145,95
1,DG-324,2025-09-17 07:19:22,180,95
1,DG-324,2025-09-17 07:19:22,215,95
1,DG-324,2025-09-17 07:19:22,250,95
1,DG-324,2025-09-17 07:19:22,285,95
1,DG-324,2025-09-17 11:46:58,320,95
1,DG-324,2025-09-17 11:46:58,355,95
1,DG-324,2025-09-17 11:46:58,390,95
1,DG-324,2025-09-17 11:46:58,425,95
1,DG-324,2025-09-17 11:46:58,460,95
1,DG-324,2025-09-17 11:57:36,5,130
1,DG-324,2025-09-17 11:57:36,40,130
1,PL-013,2025-09-17 02:07:00,35,65
1,PL-013,2025-09-17 02:07:00,75,65
1,PL-013,2025-09-17 02:07:00,115,65
1,PL-013,2025-09-17 05:12:20,155,65
1,PL-013,2025-09-17 08:51:42,195,65
1,PL-013,2025-09-17 08:51:42,235,65
1,PL-013,2025-09-17 08:51:42,275,65
1,PL-013,2025-09-17 08:51:42,315,65
1,PL-013,2025-09-17 08:51:42,355,65
1,AZ-011,2025-09-17 01:23:30,75,130
1,AZ-011,2025-09-17 01:23:30,125,130
1,AZ-011,2025-09-17 01:23:30,175,130
1,AZ-011,2025-09-17 01:23:30,225,130
1,AZ-011,2025-09-17 02:48:44,275,130
1,AZ-011,2025-09-17 02:48:44,325,130
1,AZ-011,2025-09-17 10:11:08,375,130
1,AZ-011,2025-09-17 10:11:08,425,130
2,AZ-011,2025-09-17 10:11:08,5,5
2,AZ-011,2025-09-17 10:11:08,55,5
2,AZ-011,2025-09-17 10:11:08,105,5
2,FE-213,2025-09-17 00:00:16,155,5
2,FE-213,2025-09-17 00:00:16,205,5
2,FE-213,2025-09-17 00:00:16,255,5
2,FE-213,2025-09-17 00:00:16,305,5
2,FE-213,2025-09-17 00:00:16,355,5
2,FE-213,2025-09-17 01:13:10,405,5
2,FE-213,2025-09-17 01:13:10,455,5
2,FE-213,2025-09-17 01:13:10,5,40
2,FE-213,2025-09-17 02:07:00,55,40
2,FE-213,2025-09-17 02:28:40,105,40
2,FE-213,2025-09-17 02:28:40,155,40
2,FE-213,2025-09-17 02:28:40,205,40
2,FE-213,2025-09-17 02:28:40,255,40
2,MR-009,2025-09-17 02:48:44,5,70
2,MR-009,2025-09-17 02:48:44,55,70
2,MR-009,2025-09-17 04:44:20,105,70
2,MR-009,2025-09-17 04:44:20,155,70
2,MR-009,2025-09-17 05:11:22,205,70
2,MR-009,2025-09-17 07:23:21,255,70
2,MR-009,2025-09-17 07:23:21,305,70
2,MR-009,2025-09-17 07:23:21,355,70
2,FE-213,2025-09-17 10:11:08,405,70
2,FE-213,2025-09-17 10:31:29,455,70
2,FE-213,2025-09-17 10:31:29,305,40
2,MR-009,2025-09-17 11:46:58,5,110
2,MR-009,2025-09-17 11:46:58,55,110
2,GK-874,2025-09-17 01:23:30,355,40
3,MG-008,2025-09-17 01:13:10,5,5
3,MG-008,2025-09-17 01:13:10,65,5
3,MG-008,2025-09-17 01:23:30,125,5
3,MG-008,2025-09-17 02:07:00,185,5
3,MG-008,2025-09-17 04:44:20,245,5
3,MG-008,2025-09-17 04:44:20,305,5
3,MG-008,2025-09-17 04:44:20,365,5
3,MG-008,2025-09-17 04:44:20,425,5
3,MG-008,2025-09-17 05:11:22,5,35
3,MG-008,2025-09-17 05:11:22,65,35
3,MG-008,2025-09-17 05:11:22,125,35
3,MG-008,2025-09-17 05:11:22,185,35
3,MG-008,2025-09-17 05:11:22,245,35
3,MG-008,2025-09-17 05:31:26,305,35
3,MG-008,2025-09-17 05:31:26,365,35
3,MG-008,2025-09-17 05:31:26,425,35
3,MG-008,2025-09-17 05:31:26,5,65
3,MG-008,2025-09-17 11:25:15,65,65
3,MG-008,2025-09-17 11:25:18,125,65
3,MG-008,2025-09-17 11:25:18,185,65
3,MG-008,2025-09-17 11:25:18,245,65
3,MG-008,2025-09-17 11:25:18,305,65
3,MG-008,2025-09-17 11:25:18,365,65
3,BR-178,2025-09-17 03:38:11,5,95
3,BR-178,2025-09-17 03:38:11,45,95
4,BR-178,2025-09-17 03:38:11,5,5
4,PL-025,2025-09-17 04:15:10,45,5
4,PL-025,2025-09-17 04:15:10,95,5
4,PL-025,2025-09-17 04:15:10,145,5
4,PL-025,2025-09-17 04:44:20,195,5
4,PL-025,2025-09-17 04:44:20,245,5
4,PL-025,2025-09-17 04:44:20,295,5
4,PL-025,2025-09-17 04:44:20,345,5
4,BR-178,2025-09-17 05:11:22,395,5
4,BR-178,2025-09-17 05:11:22,435,5
4,BR-178,2025-09-17 05:11:22,5,45
4,BR-178,2025-09-17 05:11:22,45,45
4,BR-178,2025-09-17 05:11:22,85,45
4,PL-025,2025-09-17 05:12:20,125,45
4,PL-025,2025-09-17 05:12:20,175,45
4,PL-025,2025-09-17 05:12:20,225,45
4,BR-178,2025-09-17 05:12:20,275,45
4,BR-178,2025-09-17 05:12:20,315,45
4,BR-178,2025-09-17 05:12:20,355,45
4,BR-178,2025-09-17 05:12:20,395,45
4,BR-178,2025-09-17 05:12:20,435,45
4,BR-178,2025-09-17 06:24:10,5,85
4,GK-874,2025-09-17 02:28:40,45,85
5,BR-178,2025-09-17 06:24:10,5,5
5,PL-025,2025-09-17 07:19:22,45,5
5,PL-025,2025-09-17 07:19:22,95,5
5,BR-178,2025-09-17 07:23:21,145,5
5,BR-178,2025-09-17 07:23:21,185,5
5,BR-178,2025-09-17 07:23:21,225,5
5,BR-178,2025-09-17 07:23:21,265,5
5,BR-178,2025-09-17 10:11:08,305,5
5,BR-178,2025-09-17 10:11:08,345,5
5,BR-178,2025-09-17 10:11:08,385,5
5,BR-178,2025-09-17 10:11:08,425,5
5,PL-025,2025-09-17 10:31:29,5,45
5,PL-025,2025-09-17 10:31:29,55,45
5,PL-025,2025-09-17 10:31:29,105,45
5,BR-178,2025-09-17 10:31:29,465,5
5,BR-178,2025-09-17 11:25:15,155,45
5,BR-178,2025-09-17 11:25:15,195,45
5,BR-178,2025-09-17 11:25:18,235,45
5,BR-178,2025-09-17 11:25:18,275,45
5,BR-178,2025-09-17 11:33:13,315,45
5,BR-178,2025-09-17 11:33:13,355,45
5,BR-178,2025-09-17 11:33:13,395,45
5,BR-178,2025-09-17 11:33:13,435,45
5,GK-874,2025-09-17 02:28:40,5,85
6,BR-178,2025-09-17 11:46:58,5,5
6,BR-178,2025-09-17 11:46:58,45,5
6,BR-178,2025-09-17 11:46:58,85,5
6,BR-178,2025-09-17 11:46:58,125,5
6,BR-178,2025-09-17 11:46:58,165,5
6,GK-874,2025-09-17 02:28:40,205,5
6,GK-874,2025-09-17 02:48:44,240,5
6,GK-874,2025-09-17 02:48:44,275,5
6,GK-874,2025-09-17 02:48:44,310,5
6,GK-874,2025-09-17 02:48:44,345,5
6,GK-874,2025-09-17 03:38:11,380,5
6,GK-874,2025-09-17 03:38:11,415,5
6,GK-874,2025-09-17 03:38:11,450,5
6,GK-874,2025-09-17 03:38:11,205,25
6,GK-874,2025-09-17 03:38:11,240,25
6,GK-874,2025-09-17 04:15:10,275,25
6,GK-874,2025-09-17 04:15:10,310,25
6,GK-874,2025-09-17 04:15:10,345,25
6,GK-874,2025-09-17 04:44:20,380,25
6,GK-874,2025-09-17 07:23:21,415,25
6,GK-874,2025-09-17 07:23:21,450,25
6,GK-874,2025-09-17 07:23:21,5,45
6,GK-874,2025-09-17 07:23:21,40,45
6,GK-874,2025-09-17 07:23:21,75,45
6,GK-874,2025-09-17 11:33:13,110,45
6,GK-874,2025-09-17 11:33:13,145,45
6,GK-874,2025-09-17 11:33:13,180,45
6,GK-874,2025-09-17 11:33:13,215,45
6,GK-874,2025-09-17 11:33:13,250,45
6,GT-243,2025-09-17 02:28:40,285,45
6,GT-243,2025-09-17 02:28:40,325,45
6,GT-243,2025-09-17 02:28:40,365,45
6,GT-243,2025-09-17 02:48:44,405,45
6,GT-243,2025-09-17 02:48:44,445,45
6,GT-243,2025-09-17 02:48:44,5,65
6,GT-243,2025-09-17 03:38:11,45,65
6,GT-243,2025-09-17 04:15:10,85,65
6,GT-243,2025-09-17 04:15:10,125,65
6,GT-243,2025-09-17 04:15:10,165,65
7,GT-243,2025-09-17 04:44:20,5,5
7,GT-243,2025-09-17 04:44:20,45,5
7,GT-243,2025-09-17 06:24:10,85,5
7,GT-243,2025-09-17 06:24:10,125,5
7,GT-243,2025-09-17 06:24:10,165,5
7,GT-243,2025-09-17 07:19:22,205,5
7,GT-243,2025-09-17 07:19:22,245,5
7,GT-243,2025-09-17 07:19:22,285,5
7,GT-243,2025-09-17 07:19:22,325,5
7,GT-243,2025-09-17 08:51:42,365,5
7,GT-243,2025-09-17 08:51:42,405,5
7,GT-243,2025-09-17 11:25:15,445,5
7,BP-896,2025-09-17 00:00:16,5,25
7,BP-896,2025-09-17 00:00:16,45,25
7,BP-896,2025-09-17 00:00:16,85,25
7,BP-896,2025-09-17 00:00:16,125,25
7,BP-896,2025-09-17 00:00:16,165,25
7,BP-896,2025-09-17 01:23:30,205,25
7,BP-896,2025-09-17 01:23:30,245,25
7,BP-896,2025-09-17 01:23:30,285,25
7,BP-896,2025-09-17 01:23:30,325,25
7,BP-896,2025-09-17 03:38:11,365,25
7,BP-896,2025-09-17 03:38:11,405,25
7,BP-896,2025-09-17 07:23:21,445,25
7,FL-643,2025-09-17 00:00:16,5,55
8,BP-896,2025-09-17 07:23:21,5,5
8,BP-896,2025-09-17 07:23:21,45,5
8,BP-896,2025-09-17 10:11:08,85,5
8,BP-896,2025-09-17 10:11:08,125,5
8,BP-896,2025-09-17 10:11:08,165,5
8,BP-896,2025-09-17 10:11:08,205,5
8,BP-896,2025-09-17 11:33:13,245,5
8,BP-896,2025-09-17 11:33:13,285,5
8,BP-896,2025-09-17 11:33:13,325,5
8,BP-896,2025-09-17 11:33:13,365,5
8,BP-896,2025-09-17 11:57:36,405,5
8,BP-896,2025-09-17 11:57:36,445,5
8,BP-896,2025-09-17 11:57:36,5,35
8,BP-896,2025-09-17 11:57:36,45,35
8,BP-896,2025-09-17 11:57:36,85,35
8,FL-643,2025-09-17 00:00:16,125,35
8,FL-643,2025-09-17 00:00:16,155,35
8,FL-643,2025-09-17 05:31:26,185,35
8,FL-643,2025-09-17 11:46:58,215,35
8,FL-643,2025-09-17 11:46:58,245,35
8,FL-643,2025-09-17 11:46:58,275,35
9,FL-643,2025-09-17 11:46:58,5,5
9,LV-337,2025-09-17 00:00:16,5,35
9,LV-337,2025-09-17 01:13:10,40,35
9,LV-337,2025-09-17 01:13:10,75,35
9,LV-337,2025-09-17 01:13:10,110,35
9,LV-337,2025-09-17 01:13:10,145,35
9,LV-337,2025-09-17 04:15:10,180,35
9,LV-337,2025-09-17 04:15:10,215,35
9,LV-337,2025-09-17 04:15:10,250,35
9,LV-337,2025-09-17 05:11:22,285,35
10,LV-337,2025-09-17 05:31:26,5,5
10,LV-337,2025-09-17 05:31:26,40,5
10,LV-337,2025-09-17 05:31:26,75,5
10,LV-337,2025-09-17 05:31:26,110,5
10,LV-337,2025-09-17 05:31:26,145,5
10,LV-337,2025-09-17 06:24:10,180,5
10,LV-337,2025-09-17 06:24:10,215,5
10,LV-337,2025-09-17 06:24:10,250,5
10,LV-337,2025-09-17 07:19:22,285,5
10,LV-337,2025-09-17 07:19:22,320,5
11,LV-337,2025-09-17 07:19:22,5,5
11,LV-337,2025-09-17 08:51:42,40,5
11,LV-337,2025-09-17 08:51:42,75,5
11,LV-337,2025-09-17 11:46:58,110,5
11,LV-337,2025-09-17 11:46:58,145,5
11,LV-337,2025-09-17 11:46:58,180,5
11,LV-337,2025-09-17 11:46:58,215,5
11,LV-337,2025-09-17 11:46:58,250,5
11,LV-337,2025-09-17 11:57:36,285,5
1,PL-014,2025-09-17 13:26:49,5,5
1,PL-014,2025-09-17 13:26:49,55,5
1,PL-014,2025-09-17 13:26:49,105,5
1,PL-014,2025-09-17 13:26:49,155,5
1,PL-014,2025-09-17 13:26:49,205,5
1,PL-014,2025-09-17 14:32:28,255,5
1,PL-014,2025-09-17 14:32:28,305,5
1,PL-014,2025-09-17 14:32:28,355,5
1,PL-014,2025-09-17 17:48:47,405,5
1,PL-014,2025-09-17 19:33:09,455,5
1,PL-014,2025-09-17 19:33:09,5,35
1,PL-014,2025-09-17 20:15:42,55,35
1,PL-014,2025-09-17 20:15:42,105,35
1,PL-014,2025-09-17 20:15:42,155,35
1,PL-014,2025-09-17 20:39:18,205,35
1,PL-014,2025-09-17 20:39:18,255,35
1,PL-014,2025-09-17 20:39:18,305,35
1,PL-014,2025-09-17 20:39:18,355,35
1,PL-014,2025-09-17 23:23:53,405,35
1,PL-014,2025-09-17 23:23:53,455,35
1,WM-774,2025-09-17 14:37:37,5,65
1,WM-774,2025-09-17 14:37:37,35,65
1,WM-774,2025-09-17 14:37:37,65,65
1,WM-774,2025-09-17 16:16:22,95,65
1,WM-774,2025-09-17 16:16:22,125,65
1,WM-774,2025-09-17 16:16:22,155,65
1,WM-774,2025-09-17 16:16:22,185,65
1,WM-774,2025-09-17 18:34:24,215,65
1,WM-774,2025-09-17 18:34:24,245,65
1,WM-774,2025-09-17 18:34:24,275,65
1,WM-774,2025-09-17 18:34:24,305,65
1,WM-774,2025-09-17 20:15:42,335,65
1,WM-774,2025-09-17 20:15:42,365,65
1,WM-774,2025-09-17 20:19:26,395,65
1,WM-774,2025-09-17 20:19:26,425,65
1,WM-774,2025-09-17 20:39:18,455,65
1,WM-774,2025-09-17 20:39:18,5,95
1,DG-324,2025-09-17 12:38:48,5,125
1,DG-324,2025-09-17 12:38:48,40,125
1,DG-324,2025-09-17 13:26:49,75,125
1,DG-324,2025-09-17 13:26:49,110,125
1,DG-324,2025-09-17 14:02:13,145,125
1,DG-324,2025-09-17 14:02:13,180,125
1,DG-324,2025-09-17 14:02:13,215,125
1,DG-324,2025-09-17 14:02:13,250,125
1,DG-324,2025-09-17 14:42:15,285,125
1,DG-324,2025-09-17 14:42:15,320,125
1,DG-324,2025-09-17 14:42:15,355,125
1,DG-324,2025-09-17 14:54:08,390,125
1,DG-324,2025-09-17 14:54:08,425,125
1,DG-324,2025-09-17 20:19:26,460,125
1,DG-324,2025-09-17 20:19:26,5,160
1,DG-324,2025-09-17 20:19:26,40,160
1,DG-324,2025-09-17 20:19:26,75,160
1,DG-324,2025-09-17 20:19:26,110,160
1,PL-013,2025-09-17 14:32:28,145,160
1,PL-013,2025-09-17 14:42:15,185,160
1,PL-013,2025-09-17 14:42:15,225,160
1,PL-013,2025-09-17 14:42:15,265,160
1,PL-013,2025-09-17 15:01:29,305,160
1,PL-013,2025-09-17 15:01:29,345,160
1,PL-013,2025-09-17 18:34:24,385,160
1,PL-013,2025-09-17 18:34:24,425,160
1,PL-013,2025-09-17 18:34:24,465,160
1,PL-013,2025-09-17 18:34:24,35,95
1,PL-013,2025-09-17 18:34:24,75,95
1,AZ-011,2025-09-17 14:37:37,5,195
1,GK-874,2025-09-17 12:06:05,115,95
2,AZ-011,2025-09-17 14:37:37,5,5
2,AZ-011,2025-09-17 14:37:37,55,5
2,AZ-011,2025-09-17 14:37:37,105,5
2,AZ-011,2025-09-17 15:09:38,155,5
2,AZ-011,2025-09-17 20:39:18,205,5
2,AZ-011,2025-09-17 20:39:18,255,5
2,AZ-011,2025-09-17 22:08:08,305,5
2,MR-009,2025-09-17 12:38:48,5,40
2,MR-009,2025-09-17 12:38:48,55,40
2,FE-213,2025-09-17 13:26:49,355,5
2,FE-213,2025-09-17 13:26:49,405,5
2,FE-213,2025-09-17 13:26:49,455,5
2,MR-009,2025-09-17 13:39:59,105,40
2,MR-009,2025-09-17 13:39:59,155,40
2,MR-009,2025-09-17 13:39:59,205,40
2,MR-009,2025-09-17 14:42:15,255,40
2,MR-009,2025-09-17 14:42:15,305,40
2,MR-009,2025-09-17 15:01:29,355,40
2,MR-009,2025-09-17 15:01:29,405,40
2,MR-009,2025-09-17 15:01:29,455,40
2,MR-009,2025-09-17 15:01:29,5,80
2,FE-213,2025-09-17 15:03:30,55,80
2,FE-213,2025-09-17 15:03:30,105,80
2,MR-009,2025-09-17 16:16:22,5,120
2,MR-009,2025-09-17 16:16:22,55,120
2,MR-009,2025-09-17 18:34:24,105,120
2,MR-009,2025-09-17 18:34:24,155,120
2,FE-213,2025-09-17 22:08:08,155,80
3,MG-008,2025-09-17 12:06:05,5,5
3,MG-008,2025-09-17 12:06:05,65,5
3,MG-008,2025-09-17 13:39:59,125,5
3,MG-008,2025-09-17 13:39:59,185,5
3,MG-008,2025-09-17 14:54:08,245,5
3,MG-008,2025-09-17 14:54:08,305,5
3,MG-008,2025-09-17 14:54:08,365,5
3,MG-008,2025-09-17 14:54:08,425,5
3,MG-008,2025-09-17 15:09:38,5,35
3,MG-008,2025-09-17 15:09:38,65,35
3,MG-008,2025-09-17 16:08:52,125,35
3,MG-008,2025-09-17 16:08:52,185,35
3,MG-008,2025-09-17 16:08:52,245,35
3,MG-008,2025-09-17 16:08:52,305,35
3,MG-008,2025-09-17 19:33:09,365,35
3,MG-008,2025-09-17 19:33:09,425,35
3,MG-008,2025-09-17 20:15:42,5,65
3,MG-008,2025-09-17 23:23:53,65,65
3,BR-178,2025-09-17 12:06:05,5,95
3,BR-178,2025-09-17 12:06:05,45,95
3,BR-178,2025-09-17 12:06:05,85,95
3,BR-178,2025-09-17 12:06:05,125,95
3,BR-178,2025-09-17 12:38:48,165,95
3,PL-025,2025-09-17 13:26:49,205,95
3,GK-874,2025-09-17 12:06:05,255,95
4,PL-025,2025-09-17 13:39:59,5,5
4,PL-025,2025-09-17 13:39:59,55,5
4,PL-025,2025-09-17 14:37:37,105,5
4,PL-025,2025-09-17 14:37:37,155,5
4,PL-025,2025-09-17 14:37:37,205,5
4,PL-025,2025-09-17 14:42:15,255,5
4,PL-025,2025-09-17 14:42:15,305,5
4,BR-178,2025-09-17 14:54:08,355,5
4,BR-178,2025-09-17 14:54:08,395,5
4,BR-178,2025-09-17 14:54:08,435,5
4,BR-178,2025-09-17 14:54:08,5,45
4,PL-025,2025-09-17 15:03:30,45,45
4,PL-025,2025-09-17 15:03:30,95,45
4,BR-178,2025-09-17 15:09:38,145,45
4,BR-178,2025-09-17 15:09:38,185,45
4,BR-178,2025-09-17 15:09:38,225,45
4,BR-178,2025-09-17 15:09:38,265,45
4,PL-025,2025-09-17 15:41:53,305,45
4,PL-025,2025-09-17 15:41:53,355,45
4,PL-025,2025-09-17 15:41:53,405,45
4,PL-025,2025-09-17 15:41:53,455,45
4,GK-874,2025-09-17 12:38:48,5,85
5,PL-025,2025-09-17 15:41:53,5,5
5,BR-178,2025-09-17 16:08:52,55,5
5,BR-178,2025-09-17 16:08:52,95,5
5,BR-178,2025-09-17 16:08:52,135,5
5,PL-025,2025-09-17 16:16:22,175,5
5,PL-025,2025-09-17 16:16:22,225,5
5,PL-025,2025-09-17 16:16:22,275,5
5,BR-178,2025-09-17 16:16:22,325,5
5,BR-178,2025-09-17 16:16:22,365,5
5,BR-178,2025-09-17 16:16:22,405,5
5,PL-025,2025-09-17 20:07:25,445,5
5,PL-025,2025-09-17 20:07:25,5,45
5,PL-025,2025-09-17 20:07:25,55,45
5,PL-025,2025-09-17 20:07:25,105,45
5,PL-025,2025-09-17 20:07:25,155,45
5,PL-025,2025-09-17 22:08:08,205,45
5,PL-025,2025-09-17 22:08:08,255,45
5,PL-025,2025-09-17 22:08:08,305,45
5,PL-025,2025-09-17 23:23:53,355,45
5,PL-025,2025-09-17 23:23:53,405,45
5,PL-025,2025-09-17 23:23:53,455,45
6,PL-025,2025-09-17 23:23:53,5,5
6,PL-025,2025-09-17 23:23:53,55,5
6,GK-874,2025-09-17 12:38:48,105,5
6,GK-874,2025-09-17 12:38:48,140,5
6,GK-874,2025-09-17 12:38:48,175,5
6,GK-874,2025-09-17 14:32:28,210,5
6,GK-874,2025-09-17 14:32:28,245,5
6,GK-874,2025-09-17 14:32:28,280,5
6,GK-874,2025-09-17 14:32:28,315,5
6,GK-874,2025-09-17 15:01:29,350,5
6,GK-874,2025-09-17 15:03:30,385,5
6,GK-874,2025-09-17 15:03:30,420,5
6,GK-874,2025-09-17 15:03:30,455,5
6,GK-874,2025-09-17 15:03:30,105,25
6,GK-874,2025-09-17 15:41:53,140,25
6,GK-874,2025-09-17 15:41:53,175,25
6,GK-874,2025-09-17 15:41:53,210,25
6,GK-874,2025-09-17 15:41:53,245,25
6,GK-874,2025-09-17 20:07:25,280,25
6,GK-874,2025-09-17 20:07:25,315,25
6,GK-874,2025-09-17 20:07:25,350,25
6,GK-874,2025-09-17 20:07:25,385,25
6,GK-874,2025-09-17 20:07:25,420,25
6,GK-874,2025-09-17 20:15:42,455,25
6,GK-874,2025-09-17 20:15:42,5,45
6,GK-874,2025-09-17 20:15:42,40,45
6,GK-874,2025-09-17 20:15:42,75,45
6,GK-874,2025-09-17 20:58:44,110,45
6,GK-874,2025-09-17 20:58:44,145,45
6,GK-874,2025-09-17 22:08:08,180,45
6,GT-243,2025-09-17 12:06:05,215,45
6,GT-243,2025-09-17 12:06:05,255,45
6,GT-243,2025-09-17 14:54:08,295,45
6,GT-243,2025-09-17 14:54:08,335,45
6,GT-243,2025-09-17 14:54:08,375,45
6,GT-243,2025-09-17 16:08:52,415,45
6,GT-243,2025-09-17 16:08:52,455,45
6,GT-243,2025-09-17 16:08:52,5,65
6,GT-243,2025-09-17 16:08:52,45,65
6,GT-243,2025-09-17 17:48:47,85,65
6,GT-243,2025-09-17 17:48:47,125,65
7,GT-243,2025-09-17 17:48:47,5,5
7,GT-243,2025-09-17 19:33:09,45,5
7,GT-243,2025-09-17 19:33:09,85,5
7,GT-243,2025-09-17 19:33:09,125,5
7,GT-243,2025-09-17 20:07:25,165,5
7,GT-243,2025-09-17 20:07:25,205,5
7,GT-243,2025-09-17 20:07:25,245,5
7,GT-243,2025-09-17 20:19:26,285,5
7,GT-243,2025-09-17 20:19:26,325,5
7,GT-243,2025-09-17 20:19:26,365,5
7,GT-243,2025-09-17 20:19:26,405,5
7,GT-243,2025-09-17 20:58:44,445,5
7,GT-243,2025-09-17 20:58:44,5,25
7,GT-243,2025-09-17 20:58:44,45,25
7,GT-243,2025-09-17 20:58:44,85,25
7,GT-243,2025-09-17 20:58:44,125,25
7,BP-896,2025-09-17 12:06:05,5,45
7,BP-896,2025-09-17 12:06:05,45,45
7,BP-896,2025-09-17 12:06:05,85,45
7,BP-896,2025-09-17 15:01:29,125,45
7,BP-896,2025-09-17 15:01:29,165,45
7,BP-896,2025-09-17 15:03:30,205,45
7,BP-896,2025-09-17 15:03:30,245,45
7,BP-896,2025-09-17 15:41:53,285,45
7,BP-896,2025-09-17 15:41:53,325,45
7,BP-896,2025-09-17 18:34:24,365,45
8,BP-896,2025-09-17 19:33:09,5,5
8,BP-896,2025-09-17 19:33:09,45,5
8,BP-896,2025-09-17 19:33:09,85,5
8,BP-896,2025-09-17 19:33:09,125,5
8,BP-896,2025-09-17 20:15:42,165,5
8,BP-896,2025-09-17 20:15:42,205,5
8,BP-896,2025-09-17 20:15:42,245,5
8,BP-896,2025-09-17 20:15:42,285,5
8,BP-896,2025-09-17 20:58:44,325,5
8,BP-896,2025-09-17 20:58:44,365,5
8,BP-896,2025-09-17 20:58:44,405,5
8,BP-896,2025-09-17 20:58:44,445,5
8,BP-896,2025-09-17 20:58:44,5,35
8,FL-643,2025-09-17 12:38:48,45,35
8,FL-643,2025-09-17 13:39:59,75,35
8,FL-643,2025-09-17 13:39:59,105,35
8,FL-643,2025-09-17 13:39:59,135,35
8,FL-643,2025-09-17 13:39:59,165,35
8,FL-643,2025-09-17 13:39:59,195,35
8,FL-643,2025-09-17 14:02:13,225,35
8,FL-643,2025-09-17 14:37:37,255,35
9,FL-643,2025-09-17 14:37:37,5,5
9,FL-643,2025-09-17 14:37:37,35,5
9,FL-643,2025-09-17 14:37:37,65,5
9,FL-643,2025-09-17 14:37:37,95,5
9,FL-643,2025-09-17 14:42:15,125,5
9,FL-643,2025-09-17 15:01:29,155,5
9,FL-643,2025-09-17 17:48:47,185,5
9,FL-643,2025-09-17 17:48:47,215,5
9,FL-643,2025-09-17 17:48:47,245,5
9,FL-643,2025-09-17 20:39:18,275,5
9,FL-643,2025-09-17 20:39:18,305,5
9,FL-643,2025-09-17 20:39:18,335,5
9,FL-643,2025-09-17 20:58:44,365,5
9,FL-643,2025-09-17 23:23:53,395,5
9,FL-643,2025-09-17 23:23:53,425,5
9,FL-643,2025-09-17 23:23:53,455,5
9,FL-643,2025-09-17 23:23:53,5,35
9,FL-643,2025-09-17 23:23:53,35,35
9,LV-337,2025-09-17 14:02:13,5,65
9,LV-337,2025-09-17 14:02:13,40,65
10,LV-337,2025-09-17 14:02:13,5,5
10,LV-337,2025-09-17 14:02:13,40,5
10,LV-337,2025-09-17 14:02:13,75,5
10,LV-337,2025-09-17 16:08:52,110,5
10,LV-337,2025-09-17 16:08:52,145,5
10,LV-337,2025-09-17 16:08:52,180,5
10,LV-337,2025-09-17 16:08:52,215,5
10,LV-337,2025-09-17 16:08:52,250,5
10,LV-337,2025-09-17 17:48:47,285,5
10,LV-337,2025-09-17 17:48:47,320,5
11,LV-337,2025-09-17 17:48:47,5,5
11,LV-337,2025-09-17 17:48:47,40,5
11,LV-337,2025-09-17 17:48:47,75,5
11,LV-337,2025-09-17 20:39:18,110,5
11,LV-337,2025-09-17 20:39:18,145,5
11,LV-337,2025-09-17 20:39:18,180,5
11,LV-337,2025-09-17 20:39:18,215,5
11,LV-337,2025-09-17 20:39:18,250,5
1,PL-014,2025-09-18 01:14:23,5,5
1,PL-014,2025-09-18 01:14:23,55,5
1,PL-014,2025-09-18 01:14:23,105,5
1,PL-014,2025-09-18 01:14:23,155,5
1,PL-014,2025-09-18 01:32:11,205,5
1,PL-014,2025-09-18 01:32:11,255,5
1,PL-014,2025-09-18 01:32:11,305,5
1,PL-014,2025-09-18 01:32:11,355,5
1,PL-014,2025-09-18 01:32:11,405,5
1,PL-014,2025-09-18 01:55:23,455,5
1,PL-014,2025-09-18 01:55:23,5,35
1,PL-014,2025-09-18 01:55:23,55,35
1,PL-014,2025-09-18 01:57:14,105,35
1,PL-014,2025-09-18 02:08:10,155,35
1,PL-014,2025-09-18 02:08:10,205,35
1,WM-774,2025-09-18 00:45:31,255,35
1,WM-774,2025-09-18 07:21:43,285,35
1,WM-774,2025-09-18 07:21:43,315,35
1,WM-774,2025-09-18 07:21:43,345,35
1,WM-774,2025-09-18 09:17:52,375,35
1,WM-774,2025-09-18 09:17:52,405,35
1,WM-774,2025-09-18 09:17:52,435,35
1,DG-324,2025-09-18 01:56:05,5,65
1,DG-324,2025-09-18 01:56:05,40,65
1,DG-324,2025-09-18 03:24:14,75,65
1,DG-324,2025-09-18 05:02:03,110,65
1,DG-324,2025-09-18 05:02:03,145,65
1,DG-324,2025-09-18 05:02:03,180,65
1,DG-324,2025-09-18 05:02:03,215,65
1,DG-324,2025-09-18 07:21:43,250,65
1,DG-324,2025-09-18 07:21:43,285,65
1,DG-324,2025-09-18 07:21:43,320,65
1,DG-324,2025-09-18 07:21:43,355,65
1,DG-324,2025-09-18 07:21:43,390,65
1,DG-324,2025-09-18 09:17:52,425,65
1,DG-324,2025-09-18 09:17:52,460,65
1,PL-013,2025-09-18 01:56:05,465,35
1,PL-013,2025-09-18 01:56:05,5,100
1,PL-013,2025-09-18 05:02:03,45,100
1,AZ-011,2025-09-18 01:55:23,5,130
1,AZ-011,2025-09-18 01:55:23,55,130
1,AZ-011,2025-09-18 03:24:14,105,130
1,AZ-011,2025-09-18 03:24:14,155,130
1,MR-009,2025-09-18 00:43:29,5,165
1,MR-009,2025-09-18 00:43:29,55,165
1,FE-213,2025-09-18 00:45:31,205,130
1,FE-213,2025-09-18 00:45:31,255,130
1,FE-213,2025-09-18 00:45:31,305,130
1,FE-213,2025-09-18 00:45:31,355,130
1,MR-009,2025-09-18 01:55:23,105,165
1,MR-009,2025-09-18 01:55:23,155,165
1,MR-009,2025-09-18 01:55:23,205,165
2,FE-213,2025-09-18 01:55:23,5,5
2,FE-213,2025-09-18 01:55:23,55,5
2,FE-213,2025-09-18 01:55:23,105,5
2,FE-213,2025-09-18 01:55:23,155,5
2,FE-213,2025-09-18 01:55:23,205,5
2,MR-009,2025-09-18 01:56:05,5,35
2,MR-009,2025-09-18 01:56:05,55,35
2,MR-009,2025-09-18 01:56:05,105,35
2,MR-009,2025-09-18 01:56:05,155,35
2,MR-009,2025-09-18 01:56:05,205,35
2,FE-213,2025-09-18 03:24:14,255,5
2,FE-213,2025-09-18 03:24:14,305,5
2,FE-213,2025-09-18 03:24:14,355,5
2,FE-213,2025-09-18 03:24:14,405,5
2,FE-213,2025-09-18 03:24:14,455,5
2,MG-008,2025-09-18 01:32:11,255,35
2,MG-008,2025-09-18 01:32:11,315,35
2,MG-008,2025-09-18 01:32:11,375,35
2,MG-008,2025-09-18 01:32:11,435,35
2,MG-008,2025-09-18 01:32:11,5,75
2,MG-008,2025-09-18 01:32:55,65,75
2,MG-008,2025-09-18 01:32:55,125,75
2,MG-008,2025-09-18 01:32:55,185,75
2,MG-008,2025-09-18 01:56:05,245,75
2,MG-008,2025-09-18 02:08:10,305,75
2,MG-008,2025-09-18 02:08:10,365,75
2,MG-008,2025-09-18 02:08:10,425,75
2,GK-874,2025-09-18 00:45:31,5,105
3,MG-008,2025-09-18 02:08:10,5,5
3,MG-008,2025-09-18 02:08:10,65,5
3,MG-008,2025-09-18 03:24:14,125,5
3,MG-008,2025-09-18 03:24:14,185,5
3,MG-008,2025-09-18 05:02:03,245,5
3,MG-008,2025-09-18 06:06:20,305,5
3,MG-008,2025-09-18 06:06:20,365,5
3,MG-008,2025-09-18 06:06:20,425,5
3,MG-008,2025-09-18 06:06:20,5,35
3,MG-008,2025-09-18 06:06:20,65,35
3,MG-008,2025-09-18 09:17:52,125,35
3,MG-008,2025-09-18 09:17:52,185,35
3,MG-008,2025-09-18 09:17:52,245,35
3,MG-008,2025-09-18 09:17:52,305,35
3,BR-178,2025-09-18 00:45:31,5,65
3,BR-178,2025-09-18 00:45:31,45,65
3,BR-178,2025-09-18 00:45:31,85,65
3,BR-178,2025-09-18 00:45:31,125,65
3,BR-178,2025-09-18 00:45:31,165,65
3,PL-025,2025-09-18 01:14:23,205,65
3,PL-025,2025-09-18 01:14:23,255,65
3,PL-025,2025-09-18 01:14:23,305,65
3,PL-025,2025-09-18 01:14:23,355,65
3,BR-178,2025-09-18 01:57:14,405,65
4,PL-025,2025-09-18 01:55:23,5,5
4,PL-025,2025-09-18 01:55:23,55,5
4,PL-025,2025-09-18 01:55:23,105,5
4,PL-025,2025-09-18 01:55:23,155,5
4,PL-025,2025-09-18 01:55:23,205,5
4,PL-025,2025-09-18 01:56:05,255,5
4,PL-025,2025-09-18 01:56:05,305,5
4,BR-178,2025-09-18 01:57:14,355,5
4,PL-025,2025-09-18 05:02:03,395,5
4,PL-025,2025-09-18 05:02:03,445,5
4,PL-025,2025-09-18 05:02:03,5,45
4,GK-874,2025-09-18 00:45:31,55,45
4,GK-874,2025-09-18 00:45:31,90,45
4,GK-874,2025-09-18 01:14:23,125,45
4,GK-874,2025-09-18 01:14:23,160,45
4,GK-874,2025-09-18 01:14:23,195,45
4,GK-874,2025-09-18 01:14:23,230,45
4,GK-874,2025-09-18 01:57:14,265,45
4,GK-874,2025-09-18 01:57:14,300,45
4,GK-874,2025-09-18 02:08:10,335,45
4,GK-874,2025-09-18 03:24:14,370,45
4,GK-874,2025-09-18 03:24:14,405,45
4,GK-874,2025-09-18 09:17:52,440,45
4,GK-874,2025-09-18 09:17:52,55,65
4,GK-874,2025-09-18 09:17:52,90,65
4,GK-874,2025-09-18 09:17:52,125,65
4,GK-874,2025-09-18 09:17:52,160,65
4,GT-243,2025-09-18 00:43:29,195,65
4,GT-243,2025-09-18 01:32:55,235,65
4,GT-243,2025-09-18 01:32:55,275,65
4,GT-243,2025-09-18 01:32:55,315,65
5,GT-243,2025-09-18 01:57:14,5,5
5,GT-243,2025-09-18 01:57:14,45,5
5,GT-243,2025-09-18 01:57:14,85,5
5,GT-243,2025-09-18 01:57:14,125,5
5,GT-243,2025-09-18 01:57:14,165,5
5,GT-243,2025-09-18 06:06:20,205,5
5,GT-243,2025-09-18 06:06:20,245,5
5,GT-243,2025-09-18 06:06:20,285,5
5,BP-896,2025-09-18 06:06:20,5,25
5,BP-896,2025-09-18 06:06:20,45,25
5,BP-896,2025-09-18 06:06:20,85,25
5,BP-896,2025-09-18 06:06:20,125,25
5,BP-896,2025-09-18 09:17:52,165,25
5,BP-896,2025-09-18 09:17:52,205,25
5,BP-896,2025-09-18 09:17:52,245,25
5,FL-643,2025-09-18 00:43:29,285,25
5,FL-643,2025-09-18 00:43:29,315,25
5,FL-643,2025-09-18 00:43:29,345,25
5,FL-643,2025-09-18 00:43:29,375,25
5,FL-643,2025-09-18 00:43:29,405,25
5,FL-643,2025-09-18 01:32:11,435,25
5,FL-643,2025-09-18 01:32:11,465,25
5,FL-643,2025-09-18 01:32:11,5,55
5,FL-643,2025-09-18 01:32:11,35,55
5,FL-643,2025-09-18 01:32:11,65,55
6,FL-643,2025-09-18 01:32:55,5,5
6,FL-643,2025-09-18 01:32:55,35,5
6,FL-643,2025-09-18 01:32:55,65,5
6,FL-643,2025-09-18 05:02:03,95,5
6,FL-643,2025-09-18 05:02:03,125,5
6,FL-643,2025-09-18 05:02:03,155,5
6,FL-643,2025-09-18 05:02:03,185,5
6,FL-643,2025-09-18 07:21:43,215,5
6,FL-643,2025-09-18 07:21:43,245,5
6,FL-643,2025-09-18 07:21:43,275,5
1,PL-014,2025-09-18 13:54:32,5,5
1,PL-014,2025-09-18 15:05:07,55,5
1,PL-014,2025-09-18 15:05:07,105,5
1,PL-014,2025-09-18 15:23:02,155,5
1,PL-014,2025-09-18 15:23:02,205,5
1,PL-014,2025-09-18 18:31:53,255,5
1,PL-014,2025-09-18 18:31:53,305,5
1,PL-014,2025-09-18 18:31:53,355,5
1,PL-014,2025-09-18 18:36:19,405,5
1,PL-014,2025-09-18 18:36:19,455,5
1,PL-014,2025-09-18 18:36:19,5,35
1,PL-014,2025-09-18 19:06:17,55,35
1,WM-774,2025-09-18 13:27:13,105,35
1,WM-774,2025-09-18 13:27:13,135,35
1,WM-774,2025-09-18 14:12:51,165,35
1,WM-774,2025-09-18 14:12:51,195,35
1,WM-774,2025-09-18 14:12:51,225,35
1,WM-774,2025-09-18 14:12:51,255,35
1,WM-774,2025-09-18 14:12:51,285,35
1,WM-774,2025-09-18 15:23:02,315,35
1,WM-774,2025-09-18 15:23:02,345,35
1,WM-774,2025-09-18 15:23:02,375,35
1,WM-774,2025-09-18 15:23:02,405,35
1,WM-774,2025-09-18 15:23:02,435,35
1,WM-774,2025-09-18 15:23:16,465,35
1,WM-774,2025-09-18 15:23:16,5,65
1,WM-774,2025-09-18 15:23:16,35,65
1,WM-774,2025-09-18 15:50:35,65,65
1,WM-774,2025-09-18 15:50:35,95,65
1,WM-774,2025-09-18 15:50:35,125,65
1,WM-774,2025-09-18 15:50:35,155,65
1,WM-774,2025-09-18 19:15:41,185,65
1,WM-774,2025-09-18 19:15:41,215,65
1,WM-774,2025-09-18 19:15:41,245,65
1,WM-774,2025-09-18 19:15:41,275,65
1,DG-324,2025-09-18 12:01:09,5,95
1,DG-324,2025-09-18 12:01:09,40,95
1,DG-324,2025-09-18 12:01:09,75,95
1,DG-324,2025-09-18 12:01:09,110,95
1,DG-324,2025-09-18 13:27:13,145,95
1,DG-324,2025-09-18 13:27:13,180,95
1,DG-324,2025-09-18 13:27:13,215,95
1,DG-324,2025-09-18 14:12:51,250,95
1,DG-324,2025-09-18 14:12:51,285,95
1,DG-324,2025-09-18 14:12:51,320,95
1,DG-324,2025-09-18 14:12:51,355,95
1,DG-324,2025-09-18 14:12:51,390,95
1,DG-324,2025-09-18 14:27:18,425,95
1,DG-324,2025-09-18 14:27:18,460,95
1,DG-324,2025-09-18 15:35:46,5,130
1,DG-324,2025-09-18 15:35:46,40,130
1,DG-324,2025-09-18 15:35:46,75,130
1,DG-324,2025-09-18 15:35:46,110,130
1,DG-324,2025-09-18 15:35:46,145,130
1,DG-324,2025-09-18 15:50:35,180,130
1,DG-324,2025-09-18 15:50:35,215,130
1,DG-324,2025-09-18 15:50:35,250,130
1,DG-324,2025-09-18 19:15:41,285,130
1,DG-324,2025-09-18 19:15:41,320,130
1,DG-324,2025-09-18 19:15:41,355,130
1,DG-324,2025-09-18 19:15:41,390,130
1,DG-324,2025-09-18 19:41:19,425,130
1,PL-013,2025-09-18 15:35:46,460,130
1,PL-013,2025-09-18 17:45:32,305,65
1,PL-013,2025-09-18 19:15:41,345,65
1,PL-013,2025-09-18 19:15:41,385,65
1,AZ-011,2025-09-18 14:27:18,5,165
2,AZ-011,2025-09-18 14:27:18,5,5
2,AZ-011,2025-09-18 14:27:18,55,5
2,AZ-011,2025-09-18 14:35:35,105,5
2,AZ-011,2025-09-18 15:35:46,155,5
2,AZ-011,2025-09-18 15:35:46,205,5
2,AZ-011,2025-09-18 15:35:46,255,5
2,AZ-011,2025-09-18 15:35:46,305,5
2,AZ-011,2025-09-18 15:35:46,355,5
2,AZ-011,2025-09-18 15:50:35,405,5
2,AZ-011,2025-09-18 15:50:35,455,5
2,AZ-011,2025-09-18 15:50:35,5,40
2,AZ-011,2025-09-18 15:50:35,55,40
2,AZ-011,2025-09-18 16:54:51,105,40
2,AZ-011,2025-09-18 18:31:53,155,40
2,AZ-011,2025-09-18 18:36:19,205,40
2,AZ-011,2025-09-18 18:36:19,255,40
2,AZ-011,2025-09-18 18:36:19,305,40
2,AZ-011,2025-09-18 18:36:19,355,40
2,AZ-011,2025-09-18 18:36:19,405,40
2,AZ-011,2025-09-18 19:15:41,455,40
2,AZ-011,2025-09-18 19:15:41,5,75
2,AZ-011,2025-09-18 19:15:41,55,75
2,AZ-011,2025-09-18 19:15:41,105,75
2,MR-009,2025-09-18 13:54:32,5,110
2,FE-213,2025-09-18 14:12:51,155,75
2,FE-213,2025-09-18 14:27:18,205,75
2,FE-213,2025-09-18 14:27:18,255,75
2,FE-213,2025-09-18 14:27:18,305,75
2,FE-213,2025-09-18 15:23:02,355,75
2,FE-213,2025-09-18 15:23:02,405,75
2,MR-009,2025-09-18 15:23:16,55,110
2,MR-009,2025-09-18 15:23:16,105,110
3,MR-009,2025-09-18 15:23:16,5,5
3,MR-009,2025-09-18 15:23:16,55,5
3,MR-009,2025-09-18 15:23:16,105,5
3,MR-009,2025-09-18 16:54:51,155,5
3,MR-009,2025-09-18 16:54:51,205,5
3,MR-009,2025-09-18 16:54:51,255,5
3,MR-009,2025-09-18 16:54:51,305,5
3,MR-009,2025-09-18 16:54:51,355,5
3,MR-009,2025-09-18 18:01:25,405,5
3,FE-213,2025-09-18 18:47:20,455,5
3,FE-213,2025-09-18 19:41:19,5,45
3,FE-213,2025-09-18 19:41:19,55,45
3,MR-009,2025-09-18 19:44:37,5,75
3,MR-009,2025-09-18 19:44:37,55,75
3,MR-009,2025-09-18 19:44:37,105,75
3,MR-009,2025-09-18 19:44:37,155,75
3,MR-009,2025-09-18 19:44:37,205,75
3,FE-213,2025-09-18 20:46:39,255,75
3,MG-008,2025-09-18 13:54:32,305,75
3,MG-008,2025-09-18 13:54:32,365,75
3,MG-008,2025-09-18 13:54:32,425,75
3,MG-008,2025-09-18 13:54:32,105,45
3,MG-008,2025-09-18 13:54:32,165,45
3,MG-008,2025-09-18 15:23:02,225,45
3,MG-008,2025-09-18 15:23:02,285,45
3,MG-008,2025-09-18 15:23:02,345,45
4,MG-008,2025-09-18 15:23:02,5,5
4,MG-008,2025-09-18 15:23:02,65,5
4,MG-008,2025-09-18 16:54:51,125,5
4,MG-008,2025-09-18 16:54:51,185,5
4,MG-008,2025-09-18 18:31:53,245,5
4,MG-008,2025-09-18 20:46:39,305,5
4,MG-008,2025-09-18 20:46:39,365,5
4,MG-008,2025-09-18 20:46:39,425,5
4,MG-008,2025-09-18 20:46:39,5,35
4,BR-178,2025-09-18 12:01:09,5,65
4,BR-178,2025-09-18 12:01:09,45,65
4,BR-178,2025-09-18 12:01:09,85,65
4,BR-178,2025-09-18 12:01:09,125,65
4,BR-178,2025-09-18 12:01:09,165,65
4,PL-025,2025-09-18 13:27:13,205,65
4,PL-025,2025-09-18 13:27:13,255,65
4,PL-025,2025-09-18 13:27:13,305,65
4,BR-178,2025-09-18 13:27:13,355,65
4,BR-178,2025-09-18 13:27:13,395,65
4,PL-025,2025-09-18 14:27:18,435,65
4,PL-025,2025-09-18 14:27:18,5,105
4,PL-025,2025-09-18 14:27:18,55,105
4,PL-025,2025-09-18 15:05:07,105,105
5,PL-025,2025-09-18 15:05:07,5,5
5,BR-178,2025-09-18 18:01:25,55,5
5,BR-178,2025-09-18 18:01:25,95,5
5,BR-178,2025-09-18 18:01:25,135,5
5,BR-178,2025-09-18 18:01:25,175,5
5,BR-178,2025-09-18 18:01:25,215,5
5,PL-025,2025-09-18 18:31:53,255,5
5,BR-178,2025-09-18 18:36:19,305,5
5,BR-178,2025-09-18 18:36:19,345,5
5,BR-178,2025-09-18 18:36:19,385,5
5,BR-178,2025-09-18 18:36:19,425,5
5,BR-178,2025-09-18 18:36:19,465,5
5,BR-178,2025-09-18 18:47:20,5,45
5,BR-178,2025-09-18 18:47:20,45,45
5,BR-178,2025-09-18 18:47:20,85,45
5,BR-178,2025-09-18 18:47:20,125,45
5,BR-178,2025-09-18 18:47:20,165,45
5,PL-025,2025-09-18 18:47:20,205,45
5,PL-025,2025-09-18 18:47:20,255,45
5,PL-025,2025-09-18 18:47:20,305,45
5,PL-025,2025-09-18 18:47:20,355,45
5,PL-025,2025-09-18 19:44:37,405,45
5,PL-025,2025-09-18 19:44:37,455,45
6,PL-025,2025-09-18 19:44:37,5,5
6,GK-874,2025-09-18 14:35:35,55,5
6,GK-874,2025-09-18 14:35:35,90,5
6,GK-874,2025-09-18 15:05:07,125,5
6,GK-874,2025-09-18 15:05:07,160,5
6,GK-874,2025-09-18 15:23:02,195,5
6,GK-874,2025-09-18 15:23:02,230,5
6,GK-874,2025-09-18 15:23:02,265,5
6,GK-874,2025-09-18 15:23:02,300,5
6,GK-874,2025-09-18 15:23:16,335,5
6,GK-874,2025-09-18 15:23:16,370,5
6,GK-874,2025-09-18 17:45:32,405,5
6,GK-874,2025-09-18 17:45:32,440,5
6,GK-874,2025-09-18 17:45:32,55,25
6,GK-874,2025-09-18 18:31:53,90,25
6,GK-874,2025-09-18 18:31:53,125,25
6,GK-874,2025-09-18 20:46:39,160,25
6,GT-243,2025-09-18 14:35:35,195,25
6,GT-243,2025-09-18 14:35:35,235,25
6,GT-243,2025-09-18 14:35:35,275,25
6,GT-243,2025-09-18 14:35:35,315,25
6,GT-243,2025-09-18 14:35:35,355,25
6,GT-243,2025-09-18 15:05:07,395,25
6,GT-243,2025-09-18 15:05:07,435,25
6,GT-243,2025-09-18 17:45:32,5,45
6,GT-243,2025-09-18 18:01:25,45,45
6,GT-243,2025-09-18 18:01:25,85,45
6,GT-243,2025-09-18 18:01:25,125,45
6,GT-243,2025-09-18 18:01:25,165,45
6,GT-243,2025-09-18 18:36:19,205,45
6,GT-243,2025-09-18 18:47:20,245,45
6,GT-243,2025-09-18 18:47:20,285,45
6,GT-243,2025-09-18 19:06:17,325,45
6,GT-243,2025-09-18 19:06:17,365,45
6,GT-243,2025-09-18 19:41:19,405,45
6,GT-243,2025-09-18 19:41:19,445,45
6,GT-243,2025-09-18 19:41:19,5,65
6,GT-243,2025-09-18 19:41:19,45,65
7,BP-896,2025-09-18 14:12:51,5,5
7,BP-896,2025-09-18 14:12:51,45,5
7,BP-896,2025-09-18 14:12:51,85,5
7,BP-896,2025-09-18 14:12:51,125,5
7,BP-896,2025-09-18 14:27:18,165,5
7,BP-896,2025-09-18 14:27:18,205,5
7,BP-896,2025-09-18 14:27:18,245,5
7,BP-896,2025-09-18 14:27:18,285,5
7,BP-896,2025-09-18 15:05:07,325,5
7,BP-896,2025-09-18 17:45:32,365,5
7,BP-896,2025-09-18 18:47:20,405,5
7,BP-896,2025-09-18 18:47:20,445,5
7,BP-896,2025-09-18 19:06:17,5,35
7,BP-896,2025-09-18 19:06:17,45,35
7,BP-896,2025-09-18 19:15:41,85,35
7,BP-896,2025-09-18 19:41:19,125,35
7,BP-896,2025-09-18 19:41:19,165,35
7,BP-896,2025-09-18 19:41:19,205,35
7,BP-896,2025-09-18 19:44:37,245,35
7,FL-643,2025-09-18 12:01:09,285,35
8,FL-643,2025-09-18 12:01:09,5,5
8,FL-643,2025-09-18 14:12:51,35,5
8,FL-643,2025-09-18 14:12:51,65,5
8,FL-643,2025-09-18 15:50:35,95,5
8,FL-643,2025-09-18 15:50:35,125,5
8,FL-643,2025-09-18 15:50:35,155,5
8,FL-643,2025-09-18 17:45:32,185,5
8,FL-643,2025-09-18 17:45:32,215,5
8,FL-643,2025-09-18 17:45:32,245,5
8,LV-337,2025-09-18 13:54:32,5,35
8,LV-337,2025-09-18 13:54:32,40,35
8,LV-337,2025-09-18 14:35:35,75,35
8,LV-337,2025-09-18 14:35:35,110,35
8,LV-337,2025-09-18 15:35:46,145,35
8,LV-337,2025-09-18 15:35:46,180,35
9,LV-337,2025-09-18 15:35:46,5,5
9,LV-337,2025-09-18 19:06:17,40,5
9,LV-337,2025-09-18 19:06:17,75,5
9,LV-337,2025-09-18 19:06:17,110,5
9,LV-337,2025-09-18 19:06:17,145,5
9,LV-337,2025-09-18 19:06:17,180,5
9,LV-337,2025-09-18 19:41:19,215,5
9,LV-337,2025-09-18 19:41:19,250,5
9,LV-337,2025-09-18 19:41:19,285,5
9,LV-337,2025-09-18 19:41:19,320,5
10,LV-337,2025-09-18 19:41:19,5,5
1,PL-014,2025-09-19 00:01:15,5,5
1,PL-014,2025-09-19 00:01:15,55,5
1,PL-014,2025-09-19 00:01:15,105,5
1,PL-014,2025-09-19 00:10:12,155,5
1,PL-014,2025-09-19 04:53:49,205,5
1,PL-014,2025-09-19 04:53:49,255,5
1,PL-014,2025-09-19 04:53:49,305,5
1,PL-014,2025-09-19 04:53:49,355,5
1,PL-014,2025-09-19 06:04:30,405,5
1,PL-014,2025-09-19 06:04:30,455,5
1,PL-014,2025-09-19 06:04:30,5,35
1,PL-014,2025-09-19 06:04:30,55,35
1,PL-014,2025-09-19 07:20:28,105,35
1,PL-014,2025-09-19 07:20:28,155,35
1,PL-014,2025-09-19 07:20:28,205,35
1,WM-774,2025-09-19 00:01:15,255,35
1,WM-774,2025-09-19 00:01:15,285,35
1,WM-774,2025-09-19 00:01:15,315,35
1,WM-774,2025-09-19 00:01:15,345,35
1,WM-774,2025-09-19 00:58:00,375,35
1,WM-774,2025-09-19 00:58:00,405,35
1,WM-774,2025-09-19 00:58:00,435,35
1,WM-774,2025-09-19 07:20:28,465,35
1,WM-774,2025-09-19 07:20:28,5,65
1,WM-774,2025-09-19 09:23:07,35,65
1,WM-774,2025-09-19 09:23:07,65,65
1,WM-774,2025-09-19 11:21:07,95,65
1,WM-774,2025-09-19 11:21:07,125,65
1,WM-774,2025-09-19 11:21:07,155,65
1,DG-324,2025-09-19 00:01:15,5,95
1,DG-324,2025-09-19 00:01:15,40,95
1,DG-324,2025-09-19 00:13:25,75,95
1,DG-324,2025-09-19 00:13:25,110,95
1,DG-324,2025-09-19 00:13:25,145,95
1,DG-324,2025-09-19 00:58:00,180,95
1,DG-324,2025-09-19 00:58:00,215,95
1,DG-324,2025-09-19 07:33:17,250,95
1,DG-324,2025-09-19 07:33:17,285,95
1,DG-324,2025-09-19 07:33:17,320,95
1,DG-324,2025-09-19 07:33:17,355,95
1,DG-324,2025-09-19 07:33:17,390,95
1,DG-324,2025-09-19 09:19:03,425,95
1,DG-324,2025-09-19 09:19:03,460,95
1,DG-324,2025-09-19 09:19:03,5,130
1,DG-324,2025-09-19 09:19:03,40,130
1,DG-324,2025-09-19 09:23:07,75,130
1,DG-324,2025-09-19 09:23:07,110,130
1,DG-324,2025-09-19 09:23:07,145,130
1,AZ-011,2025-09-19 00:11:46,180,130
1,AZ-011,2025-09-19 00:11:46,230,130
1,AZ-011,2025-09-19 07:33:17,280,130
1,AZ-011,2025-09-19 07:33:17,330,130
1,AZ-011,2025-09-19 07:33:17,380,130
1,AZ-011,2025-09-19 07:33:17,430,130
1,AZ-011,2025-09-19 07:33:17,5,165
1,AZ-011,2025-09-19 08:47:56,55,165
1,AZ-011,2025-09-19 09:19:03,105,165
1,AZ-011,2025-09-19 10:43:20,155,165
1,AZ-011,2025-09-19 10:43:20,205,165
2,AZ-011,2025-09-19 10:43:20,5,5
2,AZ-011,2025-09-19 10:43:20,55,5
2,AZ-011,2025-09-19 11:21:07,105,5
2,AZ-011,2025-09-19 11:21:07,155,5
2,FE-213,2025-09-19 00:58:00,205,5
2,MR-009,2025-09-19 00:58:00,5,40
2,MR-009,2025-09-19 06:04:30,55,40
2,MR-009,2025-09-19 06:04:30,105,40
2,MR-009,2025-09-19 07:20:28,155,40
2,MR-009,2025-09-19 07:20:28,205,40
2,MR-009,2025-09-19 07:33:17,255,40
2,MR-009,2025-09-19 07:33:17,305,40
2,MR-009,2025-09-19 07:33:17,355,40
2,MR-009,2025-09-19 07:33:17,405,40
2,MR-009,2025-09-19 07:33:17,455,40
2,MR-009,2025-09-19 09:03:44,5,80
2,MR-009,2025-09-19 09:03:44,55,80
2,MR-009,2025-09-19 09:03:44,105,80
2,MR-009,2025-09-19 09:19:03,155,80
2,MR-009,2025-09-19 09:19:03,205,80
2,MR-009,2025-09-19 09:19:03,255,80
2,MR-009,2025-09-19 09:19:03,305,80
2,MR-009,2025-09-19 09:19:03,355,80
2,FE-213,2025-09-19 10:43:20,405,80
2,FE-213,2025-09-19 10:43:20,455,80
2,FE-213,2025-09-19 10:43:20,255,5
2,FE-213,2025-09-19 10:43:20,305,5
3,MG-008,2025-09-19 00:01:15,5,5
3,MG-008,2025-09-19 00:10:12,65,5
3,MG-008,2025-09-19 00:10:12,125,5
3,MG-008,2025-09-19 00:10:12,185,5
3,MG-008,2025-09-19 04:53:49,245,5
3,MG-008,2025-09-19 04:53:49,305,5
3,MG-008,2025-09-19 04:53:49,365,5
3,MG-008,2025-09-19 04:53:49,425,5
3,MG-008,2025-09-19 04:53:49,5,35
3,BR-178,2025-09-19 00:10:12,5,65
3,BR-178,2025-09-19 00:10:12,45,65
3,PL-025,2025-09-19 00:11:46,85,65
3,PL-025,2025-09-19 00:11:46,135,65
3,PL-025,2025-09-19 00:11:46,185,65
3,BR-178,2025-09-19 00:13:25,235,65
3,BR-178,2025-09-19 00:13:25,275,65
3,BR-178,2025-09-19 00:13:25,315,65
3,BR-178,2025-09-19 00:13:25,355,65
3,BR-178,2025-09-19 00:58:00,395,65
3,BR-178,2025-09-19 00:58:00,435,65
3,PL-025,2025-09-19 04:53:49,5,105
3,PL-025,2025-09-19 04:53:49,55,105
3,PL-025,2025-09-19 04:53:49,105,105
3,GK-874,2025-09-19 04:53:49,65,35
4,PL-025,2025-09-19 07:33:17,5,5
4,PL-025,2025-09-19 07:33:17,55,5
4,BR-178,2025-09-19 08:55:40,105,5
4,BR-178,2025-09-19 08:55:40,145,5
4,BR-178,2025-09-19 08:55:40,185,5
4,BR-178,2025-09-19 08:55:40,225,5
4,BR-178,2025-09-19 08:55:40,265,5
4,PL-025,2025-09-19 09:03:44,305,5
4,PL-025,2025-09-19 09:03:44,355,5
4,PL-025,2025-09-19 09:03:44,405,5
4,PL-025,2025-09-19 09:03:44,455,5
4,PL-025,2025-09-19 09:03:44,5,45
4,BR-178,2025-09-19 10:43:20,55,45
4,BR-178,2025-09-19 10:43:20,95,45
4,GK-874,2025-09-19 06:04:30,135,45
4,GK-874,2025-09-19 09:23:07,170,45
4,GK-874,2025-09-19 09:23:07,205,45
4,GK-874,2025-09-19 09:23:07,240,45
4,GK-874,2025-09-19 09:23:07,275,45
4,GK-874,2025-09-19 09:23:07,310,45
4,GT-243,2025-09-19 00:10:12,345,45
4,GT-243,2025-09-19 00:10:12,385,45
4,GT-243,2025-09-19 00:10:12,425,45
4,GT-243,2025-09-19 00:10:12,465,45
4,GT-243,2025-09-19 00:13:25,135,65
4,GT-243,2025-09-19 00:13:25,175,65
4,GT-243,2025-09-19 08:55:40,215,65
4,GT-243,2025-09-19 09:03:44,255,65
5,BP-896,2025-09-19 00:11:46,5,5
5,BP-896,2025-09-19 00:11:46,45,5
5,BP-896,2025-09-19 08:47:56,85,5
5,BP-896,2025-09-19 08:55:40,125,5
5,BP-896,2025-09-19 08:55:40,165,5
5,BP-896,2025-09-19 09:03:44,205,5
5,BP-896,2025-09-19 09:03:44,245,5
5,BP-896,2025-09-19 09:03:44,285,5
5,BP-896,2025-09-19 09:03:44,325,5
5,BP-896,2025-09-19 09:03:44,365,5
5,BP-896,2025-09-19 09:19:03,405,5
5,BP-896,2025-09-19 09:19:03,445,5
5,BP-896,2025-09-19 09:19:03,5,35
5,BP-896,2025-09-19 09:19:03,45,35
5,BP-896,2025-09-19 09:23:07,85,35
5,BP-896,2025-09-19 09:23:07,125,35
5,BP-896,2025-09-19 09:23:07,165,35
5,BP-896,2025-09-19 09:23:07,205,35
5,BP-896,2025-09-19 11:21:07,245,35
5,BP-896,2025-09-19 11:21:07,285,35
6,BP-896,2025-09-19 11:21:07,5,5
6,BP-896,2025-09-19 11:21:07,45,5
6,BP-896,2025-09-19 11:21:07,85,5
6,FL-643,2025-09-19 04:53:49,125,5
6,FL-643,2025-09-19 04:53:49,155,5
6,FL-643,2025-09-19 04:53:49,185,5
6,FL-643,2025-09-19 04:53:49,215,5
6,FL-643,2025-09-19 07:20:28,245,5
6,FL-643,2025-09-19 07:20:28,275,5
6,FL-643,2025-09-19 07:20:28,305,5
6,FL-643,2025-09-19 07:20:28,335,5
6,FL-643,2025-09-19 08:47:56,365,5
6,FL-643,2025-09-19 08:47:56,395,5
6,FL-643,2025-09-19 08:47:56,425,5
6,FL-643,2025-09-19 09:23:07,455,5
6,FL-643,2025-09-19 09:23:07,5,35
6,FL-643,2025-09-19 09:23:07,35,35
6,LV-337,2025-09-19 00:13:25,5,65
6,LV-337,2025-09-19 00:13:25,40,65
7,LV-337,2025-09-19 09:19:03,5,5
7,LV-337,2025-09-19 09:19:03,40,5
7,LV-337,2025-09-19 09:19:03,75,5
1,PL-014,2025-09-19 16:38:55,5,5
1,PL-014,2025-09-19 16:38:55,55,5
1,PL-014,2025-09-19 17:13:02,105,5
1,PL-014,2025-09-19 17:13:02,155,5
1,PL-014,2025-09-19 20:11:49,205,5
1,PL-014,2025-09-19 20:59:56,255,5
1,PL-014,2025-09-19 20:59:56,305,5
1,PL-014,2025-09-19 20:59:56,355,5
1,PL-014,2025-09-19 21:29:34,405,5
1,PL-014,2025-09-19 21:29:34,455,5
1,PL-014,2025-09-19 21:29:34,5,35
1,PL-014,2025-09-19 21:29:34,55,35
1,WM-774,2025-09-19 14:01:07,105,35
1,WM-774,2025-09-19 14:01:07,135,35
1,WM-774,2025-09-19 14:01:07,165,35
1,WM-774,2025-09-19 14:01:07,195,35
1,WM-774,2025-09-19 14:01:07,225,35
1,WM-774,2025-09-19 15:59:30,255,35
1,WM-774,2025-09-19 15:59:30,285,35
1,WM-774,2025-09-19 15:59:30,315,35
1,WM-774,2025-09-19 15:59:30,345,35
1,WM-774,2025-09-19 17:18:07,375,35
1,WM-774,2025-09-19 17:18:07,405,35
1,WM-774,2025-09-19 17:18:07,435,35
1,WM-774,2025-09-19 22:09:06,465,35
1,WM-774,2025-09-19 22:09:06,5,65
1,WM-774,2025-09-19 22:09:06,35,65
1,DG-324,2025-09-19 15:04:28,5,95
1,DG-324,2025-09-19 15:04:28,40,95
1,DG-324,2025-09-19 15:04:28,75,95
1,DG-324,2025-09-19 17:18:07,110,95
1,DG-324,2025-09-19 17:18:07,145,95
1,DG-324,2025-09-19 17:18:07,180,95
1,DG-324,2025-09-19 17:18:07,215,95
1,DG-324,2025-09-19 17:18:07,250,95
1,DG-324,2025-09-19 20:26:39,285,95
1,DG-324,2025-09-19 20:26:39,320,95
1,DG-324,2025-09-19 20:26:39,355,95
1,PL-013,2025-09-19 14:01:07,390,95
1,PL-013,2025-09-19 14:01:07,430,95
1,PL-013,2025-09-19 14:01:07,65,65
1,PL-013,2025-09-19 14:01:07,105,65
1,PL-013,2025-09-19 14:01:07,145,65
1,PL-013,2025-09-19 14:24:42,185,65
1,PL-013,2025-09-19 15:59:30,225,65
1,PL-013,2025-09-19 15:59:30,265,65
1,PL-013,2025-09-19 17:35:35,305,65
1,PL-013,2025-09-19 20:59:56,345,65
1,AZ-011,2025-09-19 12:20:59,5,130
1,AZ-011,2025-09-19 12:20:59,55,130
1,AZ-011,2025-09-19 12:20:59,105,130
1,AZ-011,2025-09-19 17:35:35,155,130
1,AZ-011,2025-09-19 17:35:35,205,130
1,AZ-011,2025-09-19 20:37:07,255,130
1,AZ-011,2025-09-19 20:37:07,305,130
1,AZ-011,2025-09-19 20:37:07,355,130
1,AZ-011,2025-09-19 20:59:56,405,130
1,AZ-011,2025-09-19 20:59:56,455,130
2,AZ-011,2025-09-19 20:59:56,5,5
2,AZ-011,2025-09-19 20:59:56,55,5
2,AZ-011,2025-09-19 21:29:34,105,5
2,AZ-011,2025-09-19 21:29:34,155,5
2,AZ-011,2025-09-19 21:29:34,205,5
2,FE-213,2025-09-19 12:20:59,255,5
2,FE-213,2025-09-19 12:20:59,305,5
2,FE-213,2025-09-19 14:24:42,355,5
2,FE-213,2025-09-19 16:24:41,405,5
2,FE-213,2025-09-19 16:24:41,455,5
2,FE-213,2025-09-19 16:38:55,5,40
2,FE-213,2025-09-19 16:38:55,55,40
2,FE-213,2025-09-19 16:38:55,105,40
2,FE-213,2025-09-19 16:38:55,155,40
2,FE-213,2025-09-19 16:38:55,205,40
2,FE-213,2025-09-19 17:35:35,255,40
2,FE-213,2025-09-19 17:35:35,305,40
2,FE-213,2025-09-19 17:35:35,355,40
2,MR-009,2025-09-19 19:19:49,5,70
2,MR-009,2025-09-19 19:19:49,55,70
2,MR-009,2025-09-19 20:26:39,105,70
2,MR-009,2025-09-19 20:26:39,155,70
2,MR-009,2025-09-19 20:26:39,205,70
2,MR-009,2025-09-19 20:26:39,255,70
2,MR-009,2025-09-19 20:26:39,305,70
2,MR-009,2025-09-19 22:09:06,355,70
2,MR-009,2025-09-19 22:09:06,405,70
2,MR-009,2025-09-19 22:09:06,455,70
2,MR-009,2025-09-19 22:09:06,5,110
2,GK-874,2025-09-19 17:13:02,405,40
3,MG-008,2025-09-19 15:04:28,5,5
3,MG-008,2025-09-19 15:04:28,65,5
3,MG-008,2025-09-19 15:04:28,125,5
3,MG-008,2025-09-19 15:04:28,185,5
3,MG-008,2025-09-19 20:37:07,245,5
3,MG-008,2025-09-19 20:37:07,305,5
3,MG-008,2025-09-19 20:37:07,365,5
3,MG-008,2025-09-19 20:37:07,425,5
3,MG-008,2025-09-19 20:59:56,5,35
3,MG-008,2025-09-19 20:59:56,65,35
3,MG-008,2025-09-19 20:59:56,125,35
3,PL-025,2025-09-19 14:24:42,5,65
3,PL-025,2025-09-19 14:24:42,55,65
3,PL-025,2025-09-19 14:24:42,105,65
3,PL-025,2025-09-19 14:24:42,155,65
3,BR-178,2025-09-19 15:04:28,205,65
3,BR-178,2025-09-19 15:04:28,245,65
3,BR-178,2025-09-19 15:04:28,285,65
3,PL-025,2025-09-19 17:13:02,325,65
3,BR-178,2025-09-19 17:35:35,375,65
3,BR-178,2025-09-19 17:35:35,415,65
3,BR-178,2025-09-19 19:19:49,455,65
3,BR-178,2025-09-19 19:19:49,5,105
3,GK-874,2025-09-19 17:18:07,185,35
4,BR-178,2025-09-19 19:19:49,5,5
4,PL-025,2025-09-19 22:09:06,45,5
4,PL-025,2025-09-19 22:09:06,95,5
4,PL-025,2025-09-19 22:09:06,145,5
4,GK-874,2025-09-19 17:18:07,195,5
4,GK-874,2025-09-19 17:18:07,230,5
4,GK-874,2025-09-19 17:18:07,265,5
4,GK-874,2025-09-19 17:18:07,300,5
4,GK-874,2025-09-19 19:19:49,335,5
4,GK-874,2025-09-19 19:19:49,370,5
4,GK-874,2025-09-19 19:19:49,405,5
4,GK-874,2025-09-19 20:26:39,440,5
4,GK-874,2025-09-19 20:26:39,195,25
4,GT-243,2025-09-19 14:01:07,230,25
4,GT-243,2025-09-19 14:01:07,270,25
4,GT-243,2025-09-19 14:01:07,310,25
4,GT-243,2025-09-19 20:11:49,350,25
4,GT-243,2025-09-19 20:11:49,390,25
4,GT-243,2025-09-19 20:11:49,430,25
4,GT-243,2025-09-19 20:11:49,5,45
4,GT-243,2025-09-19 20:11:49,45,45
4,GT-243,2025-09-19 20:59:56,85,45
4,GT-243,2025-09-19 20:59:56,125,45
4,GT-243,2025-09-19 20:59:56,165,45
4,BP-896,2025-09-19 12:20:59,5,65
4,BP-896,2025-09-19 12:20:59,45,65
4,BP-896,2025-09-19 12:20:59,85,65
4,BP-896,2025-09-19 12:20:59,125,65
4,BP-896,2025-09-19 15:59:30,165,65
4,BP-896,2025-09-19 16:24:41,205,65
5,BP-896,2025-09-19 16:24:41,5,5
5,BP-896,2025-09-19 16:24:41,45,5
5,BP-896,2025-09-19 20:26:39,85,5
5,BP-896,2025-09-19 20:26:39,125,5
5,BP-896,2025-09-19 20:26:39,165,5
5,FL-643,2025-09-19 14:24:42,205,5
5,FL-643,2025-09-19 14:24:42,235,5
5,FL-643,2025-09-19 14:24:42,265,5
5,FL-643,2025-09-19 14:24:42,295,5
5,FL-643,2025-09-19 15:04:28,325,5
5,FL-643,2025-09-19 15:59:30,355,5
5,FL-643,2025-09-19 15:59:30,385,5
5,FL-643,2025-09-19 15:59:30,415,5
5,FL-643,2025-09-19 15:59:30,445,5
5,FL-643,2025-09-19 15:59:30,475,5
5,FL-643,2025-09-19 17:13:02,5,35
5,FL-643,2025-09-19 17:13:02,35,35
5,FL-643,2025-09-19 17:18:07,65,35
5,FL-643,2025-09-19 19:19:49,95,35
5,FL-643,2025-09-19 19:19:49,125,35
5,FL-643,2025-09-19 19:19:49,155,35
5,FL-643,2025-09-19 19:19:49,185,35
5,FL-643,2025-09-19 19:19:49,215,35
6,FL-643,2025-09-19 20:11:49,5,5
6,FL-643,2025-09-19 20:11:49,35,5
6,FL-643,2025-09-19 20:11:49,65,5
6,FL-643,2025-09-19 20:11:49,95,5
6,FL-643,2025-09-19 20:11:49,125,5
6,FL-643,2025-09-19 20:37:07,155,5
6,FL-643,2025-09-19 20:37:07,185,5
6,FL-643,2025-09-19 20:37:07,215,5
6,FL-643,2025-09-19 21:29:34,245,5
6,LV-337,2025-09-19 16:24:41,5,35
6,LV-337,2025-09-19 16:38:55,40,35
6,LV-337,2025-09-19 16:38:55,75,35
6,LV-337,2025-09-19 16:38:55,110,35
6,LV-337,2025-09-19 17:13:02,145,35
6,LV-337,2025-09-19 17:13:02,180,35
7,LV-337,2025-09-19 17:13:02,5,5
7,LV-337,2025-09-19 17:13:02,40,5
7,LV-337,2025-09-19 20:11:49,75,5
7,LV-337,2025-09-19 20:11:49,110,5
7,LV-337,2025-09-19 20:11:49,145,5
7,LV-337,2025-09-19 20:11:49,180,5
7,LV-337,2025-09-19 20:11:49,215,5
7,LV-337,2025-09-19 21:29:34,250,5
7,LV-337,2025-09-19 21:29:34,285,5
7,LV-337,2025-09-19 21:29:34,320,5
8,LV-337,2025-09-19 21:29:34,5,5
8,LV-337,2025-09-19 22:09:06,40,5
8,LV-337,2025-09-19 22:09:06,75,5
8,LV-337,2025-09-19 22:09:06,110,5
8,LV-337,2025-09-19 22:09:06,145,5
8,LV-337,2025-09-19 22:09:06,180,5
1,PL-014,2025-09-20 00:28:30,5,5
1,PL-014,2025-09-20 00:28:30,55,5
1,PL-014,2025-09-20 00:28:30,105,5
1,PL-014,2025-09-20 00:28:30,155,5
1,PL-014,2025-09-20 00:28:30,205,5
1,PL-014,2025-09-20 01:19:45,255,5
1,PL-014,2025-09-20 01:19:45,305,5
1,PL-014,2025-09-20 02:23:06,355,5
1,PL-014,2025-09-20 02:23:06,405,5
1,PL-014,2025-09-20 02:23:06,455,5
1,PL-014,2025-09-20 03:15:20,5,35
1,PL-014,2025-09-20 03:15:20,55,35
1,PL-014,2025-09-20 03:15:20,105,35
1,PL-014,2025-09-20 08:12:25,155,35
1,PL-014,2025-09-20 08:12:25,205,35
1,PL-014,2025-09-20 09:53:06,255,35
1,PL-014,2025-09-20 09:53:06,305,35
1,WM-774,2025-09-20 06:09:03,355,35
1,WM-774,2025-09-20 06:09:03,385,35
1,WM-774,2025-09-20 06:09:03,415,35
1,WM-774,2025-09-20 06:09:03,445,35
1,WM-774,2025-09-20 06:11:48,475,35
1,WM-774,2025-09-20 09:53:06,5,65
1,WM-774,2025-09-20 09:53:06,35,65
1,WM-774,2025-09-20 09:53:06,65,65
1,WM-774,2025-09-20 11:05:25,95,65
1,WM-774,2025-09-20 11:05:25,125,65
1,WM-774,2025-09-20 11:05:25,155,65
1,DG-324,2025-09-20 01:19:45,5,95
1,DG-324,2025-09-20 01:19:45,40,95
1,DG-324,2025-09-20 05:05:09,75,95
1,DG-324,2025-09-20 05:05:09,110,95
1,DG-324,2025-09-20 05:05:09,145,95
1,DG-324,2025-09-20 05:05:09,180,95
1,DG-324,2025-09-20 05:05:09,215,95
1,DG-324,2025-09-20 10:57:22,250,95
1,DG-324,2025-09-20 10:57:22,285,95
1,DG-324,2025-09-20 10:57:22,320,95
1,DG-324,2025-09-20 10:57:22,355,95
1,DG-324,2025-09-20 10:57:22,390,95
1,PL-013,2025-09-20 04:12:28,425,95
1,PL-013,2025-09-20 04:12:28,465,95
1,PL-013,2025-09-20 04:12:28,185,65
1,PL-013,2025-09-20 04:12:28,225,65
1,PL-013,2025-09-20 05:05:09,265,65
1,PL-013,2025-09-20 05:05:09,305,65
1,PL-013,2025-09-20 05:05:09,345,65
1,PL-013,2025-09-20 05:05:09,385,65
1,PL-013,2025-09-20 09:53:06,425,65
1,PL-013,2025-09-20 09:53:06,465,65
1,PL-013,2025-09-20 09:53:06,5,130
1,PL-013,2025-09-20 09:53:06,45,130
1,AZ-011,2025-09-20 00:21:41,5,160
1,AZ-011,2025-09-20 00:28:30,55,160
1,AZ-011,2025-09-20 00:28:30,105,160
1,AZ-011,2025-09-20 00:28:30,155,160
1,AZ-011,2025-09-20 03:14:30,205,160
1,AZ-011,2025-09-20 03:14:30,255,160
1,AZ-011,2025-09-20 03:14:30,305,160
1,AZ-011,2025-09-20 03:14:30,355,160
2,AZ-011,2025-09-20 03:14:30,5,5
2,AZ-011,2025-09-20 04:23:09,55,5
2,AZ-011,2025-09-20 04:23:09,105,5
2,AZ-011,2025-09-20 04:23:09,155,5
2,AZ-011,2025-09-20 04:46:10,205,5
2,AZ-011,2025-09-20 10:57:22,255,5
2,AZ-011,2025-09-20 10:57:22,305,5
2,AZ-011,2025-09-20 10:57:22,355,5
2,AZ-011,2025-09-20 10:57:22,405,5
2,AZ-011,2025-09-20 10:57:22,455,5
2,MR-009,2025-09-20 00:28:30,5,40
2,MR-009,2025-09-20 00:28:30,55,40
2,MR-009,2025-09-20 00:28:30,105,40
2,MR-009,2025-09-20 00:28:30,155,40
2,MR-009,2025-09-20 01:19:45,205,40
2,MR-009,2025-09-20 01:19:45,255,40
2,MR-009,2025-09-20 01:19:45,305,40
2,MR-009,2025-09-20 01:19:45,355,40
2,FE-213,2025-09-20 01:19:45,405,40
2,FE-213,2025-09-20 01:19:45,455,40
2,FE-213,2025-09-20 01:19:45,5,80
2,FE-213,2025-09-20 01:19:45,55,80
2,FE-213,2025-09-20 01:19:45,105,80
2,FE-213,2025-09-20 03:14:30,155,80
2,FE-213,2025-09-20 03:14:30,205,80
2,FE-213,2025-09-20 03:14:30,255,80
2,FE-213,2025-09-20 03:14:30,305,80
2,MR-009,2025-09-20 03:15:20,5,110
2,FE-213,2025-09-20 03:15:20,355,80
2,FE-213,2025-09-20 03:15:20,405,80
3,FE-213,2025-09-20 03:15:20,5,5
3,FE-213,2025-09-20 03:15:20,55,5
3,MR-009,2025-09-20 04:23:09,5,35
3,FE-213,2025-09-20 04:23:09,105,5
3,FE-213,2025-09-20 04:23:09,155,5
3,MR-009,2025-09-20 04:46:10,55,35
3,MR-009,2025-09-20 04:46:10,105,35
3,FE-213,2025-09-20 05:05:09,205,5
3,FE-213,2025-09-20 05:16:02,255,5
3,FE-213,2025-09-20 05:16:02,305,5
3,FE-213,2025-09-20 05:16:02,355,5
3,MR-009,2025-09-20 05:16:02,155,35
3,MR-009,2025-09-20 05:16:02,205,35
3,MR-009,2025-09-20 05:16:02,255,35
3,MR-009,2025-09-20 05:16:02,305,35
3,MR-009,2025-09-20 05:16:02,355,35
3,FE-213,2025-09-20 06:09:03,405,5
3,FE-213,2025-09-20 06:09:03,455,5
3,FE-213,2025-09-20 06:09:03,405,35
3,FE-213,2025-09-20 06:09:03,455,35
3,FE-213,2025-09-20 06:09:03,5,75
3,MR-009,2025-09-20 06:09:03,5,105
3,MR-009,2025-09-20 06:09:03,55,105
3,MR-009,2025-09-20 06:09:03,105,105
3,MR-009,2025-09-20 06:09:03,155,105
3,FE-213,2025-09-20 06:11:48,205,105
3,FE-213,2025-09-20 06:11:48,255,105
3,FE-213,2025-09-20 06:11:48,305,105
3,FE-213,2025-09-20 06:11:48,355,105
4,MR-009,2025-09-20 08:12:25,5,5
4,MR-009,2025-09-20 08:12:25,55,5
4,FE-213,2025-09-20 11:05:25,105,5
4,FE-213,2025-09-20 11:05:25,155,5
4,FE-213,2025-09-20 11:05:25,205,5
4,FE-213,2025-09-20 11:05:25,255,5
4,MR-009,2025-09-20 11:05:25,5,45
4,MR-009,2025-09-20 11:05:25,55,45
4,MG-008,2025-09-20 04:12:28,305,5
4,MG-008,2025-09-20 04:12:28,365,5
4,MG-008,2025-09-20 04:12:28,425,5
4,MG-008,2025-09-20 04:12:28,105,45
4,MG-008,2025-09-20 04:12:28,165,45
4,MG-008,2025-09-20 04:46:10,225,45
4,MG-008,2025-09-20 04:46:10,285,45
4,MG-008,2025-09-20 04:46:10,345,45
4,MG-008,2025-09-20 06:09:03,405,45
4,MG-008,2025-09-20 06:09:03,5,85
4,MG-008,2025-09-20 06:11:48,65,85
4,MG-008,2025-09-20 08:12:25,125,85
4,MG-008,2025-09-20 10:57:22,185,85
4,MG-008,2025-09-20 10:57:22,245,85
4,MG-008,2025-09-20 10:57:22,305,85
4,MG-008,2025-09-20 10:57:22,365,85
4,MG-008,2025-09-20 10:57:22,425,85
4,BR-178,2025-09-20 00:28:30,5,115
5,BR-178,2025-09-20 00:28:30,5,5
5,PL-025,2025-09-20 04:12:28,45,5
5,PL-025,2025-09-20 04:12:28,95,5
5,PL-025,2025-09-20 04:12:28,145,5
5,PL-025,2025-09-20 04:12:28,195,5
5,PL-025,2025-09-20 04:12:28,245,5
5,BR-178,2025-09-20 04:12:28,295,5
5,BR-178,2025-09-20 04:12:28,335,5
5,BR-178,2025-09-20 04:46:10,375,5
5,BR-178,2025-09-20 04:46:10,415,5
5,BR-178,2025-09-20 04:46:10,455,5
5,PL-025,2025-09-20 10:57:22,5,45
5,PL-025,2025-09-20 10:57:22,55,45
5,PL-025,2025-09-20 10:57:22,105,45
5,PL-025,2025-09-20 10:57:22,155,45
5,PL-025,2025-09-20 10:57:22,205,45
5,GK-874,2025-09-20 03:14:30,255,45
5,GK-874,2025-09-20 03:14:30,290,45
5,GK-874,2025-09-20 03:14:30,325,45
5,GK-874,2025-09-20 03:14:30,360,45
5,GK-874,2025-09-20 04:23:09,395,45
5,GK-874,2025-09-20 04:23:09,430,45
5,GK-874,2025-09-20 04:23:09,465,45
5,GK-874,2025-09-20 09:53:06,255,65
5,GK-874,2025-09-20 09:53:06,290,65
5,GK-874,2025-09-20 09:53:06,325,65
5,GK-874,2025-09-20 09:53:06,360,65
5,GT-243,2025-09-20 00:21:41,395,65
6,GT-243,2025-09-20 00:21:41,5,5
6,GT-243,2025-09-20 00:21:41,45,5
6,GT-243,2025-09-20 00:21:41,85,5
6,GT-243,2025-09-20 02:23:06,125,5
6,GT-243,2025-09-20 02:23:06,165,5
6,GT-243,2025-09-20 02:23:06,205,5
6,GT-243,2025-09-20 02:23:06,245,5
6,GT-243,2025-09-20 03:14:30,285,5
6,GT-243,2025-09-20 03:14:30,325,5
6,GT-243,2025-09-20 03:14:30,365,5
6,GT-243,2025-09-20 03:14:30,405,5
6,GT-243,2025-09-20 03:14:30,445,5
6,GT-243,2025-09-20 05:05:09,5,25
6,GT-243,2025-09-20 05:05:09,45,25
6,GT-243,2025-09-20 05:05:09,85,25
6,GT-243,2025-09-20 05:05:09,125,25
6,GT-243,2025-09-20 11:05:25,165,25
6,GT-243,2025-09-20 11:05:25,205,25
6,GT-243,2025-09-20 11:05:25,245,25
6,BP-896,2025-09-20 03:15:20,5,45
6,BP-896,2025-09-20 03:15:20,45,45
6,BP-896,2025-09-20 03:15:20,85,45
6,BP-896,2025-09-20 04:12:28,125,45
6,BP-896,2025-09-20 04:12:28,165,45
6,BP-896,2025-09-20 04:12:28,205,45
6,BP-896,2025-09-20 04:12:28,245,45
6,BP-896,2025-09-20 04:46:10,285,45
7,BP-896,2025-09-20 04:46:10,5,5
7,BP-896,2025-09-20 04:46:10,45,5
7,BP-896,2025-09-20 04:46:10,85,5
7,BP-896,2025-09-20 05:16:02,125,5
7,BP-896,2025-09-20 05:16:02,165,5
7,BP-896,2025-09-20 05:16:02,205,5
7,BP-896,2025-09-20 08:12:25,245,5
7,BP-896,2025-09-20 08:12:25,285,5
7,FL-643,2025-09-20 01:19:45,325,5
7,FL-643,2025-09-20 01:19:45,355,5
7,FL-643,2025-09-20 01:19:45,385,5
7,FL-643,2025-09-20 01:19:45,415,5
7,FL-643,2025-09-20 02:23:06,445,5
7,FL-643,2025-09-20 02:23:06,475,5
7,FL-643,2025-09-20 02:23:06,5,35
7,FL-643,2025-09-20 02:23:06,35,35
7,FL-643,2025-09-20 03:14:30,65,35
7,FL-643,2025-09-20 03:15:20,95,35
7,FL-643,2025-09-20 03:15:20,125,35
7,FL-643,2025-09-20 05:05:09,155,35
7,FL-643,2025-09-20 05:05:09,185,35
7,FL-643,2025-09-20 05:05:09,215,35
7,FL-643,2025-09-20 05:16:02,245,35
8,FL-643,2025-09-20 06:11:48,5,5
8,LV-337,2025-09-20 00:21:41,5,35
8,LV-337,2025-09-20 00:21:41,40,35
8,LV-337,2025-09-20 00:21:41,75,35
8,LV-337,2025-09-20 02:23:06,110,35
8,LV-337,2025-09-20 02:23:06,145,35
8,LV-337,2025-09-20 11:05:25,180,35
8,LV-337,2025-09-20 11:05:25,215,35
8,LV-337,2025-09-20 11:05:25,250,35
8,LV-337,2025-09-20 11:05:25,285,35
1,PL-014,2025-09-20 12:27:52,5,5
1,PL-014,2025-09-20 13:45:24,55,5
1,PL-014,2025-09-20 13:45:24,105,5
1,PL-014,2025-09-20 13:52:28,155,5
1,PL-014,2025-09-20 13:52:28,205,5
1,PL-014,2025-09-20 13:52:28,255,5
1,PL-014,2025-09-20 15:32:58,305,5
1,PL-014,2025-09-20 15:32:58,355,5
1,PL-014,2025-09-20 15:32:58,405,5
1,PL-014,2025-09-20 16:36:31,455,5
1,PL-014,2025-09-20 16:36:31,5,35
1,PL-014,2025-09-20 16:36:31,55,35
1,PL-014,2025-09-20 17:39:24,105,35
1,PL-014,2025-09-20 17:39:24,155,35
1,PL-014,2025-09-20 17:39:24,205,35
1,WM-774,2025-09-20 12:27:52,255,35
1,WM-774,2025-09-20 13:45:24,285,35
1,WM-774,2025-09-20 13:45:24,315,35
1,WM-774,2025-09-20 13:45:24,345,35
1,WM-774,2025-09-20 13:45:24,375,35
1,WM-774,2025-09-20 14:00:52,405,35
1,WM-774,2025-09-20 14:00:52,435,35
1,WM-774,2025-09-20 14:00:52,465,35
1,WM-774,2025-09-20 14:00:52,5,65
1,WM-774,2025-09-20 18:00:24,35,65
1,WM-774,2025-09-20 18:00:24,65,65
1,WM-774,2025-09-20 18:00:24,95,65
1,WM-774,2025-09-20 19:31:55,125,65
1,WM-774,2025-09-20 19:31:55,155,65
1,WM-774,2025-09-20 19:44:12,185,65
1,WM-774,2025-09-20 19:44:12,215,65
1,WM-774,2025-09-20 20:42:45,245,65
1,WM-774,2025-09-20 20:42:45,275,65
1,WM-774,2025-09-20 20:42:45,305,65
1,WM-774,2025-09-20 21:56:41,335,65
1,WM-774,2025-09-20 21:56:41,365,65
1,DG-324,2025-09-20 18:00:24,5,95
1,DG-324,2025-09-20 20:40:22,40,95
1,DG-324,2025-09-20 20:40:22,75,95
1,DG-324,2025-09-20 20:40:22,110,95
1,PL-013,2025-09-20 12:27:52,395,65
1,PL-013,2025-09-20 12:27:52,435,65
1,PL-013,2025-09-20 12:27:52,145,95
1,PL-013,2025-09-20 12:58:19,185,95
1,PL-013,2025-09-20 13:45:24,225,95
1,PL-013,2025-09-20 13:45:24,265,95
1,PL-013,2025-09-20 13:45:24,305,95
1,PL-013,2025-09-20 13:45:24,345,95
1,PL-013,2025-09-20 13:45:24,385,95
1,PL-013,2025-09-20 15:32:58,425,95
1,PL-013,2025-09-20 15:32:58,465,95
1,PL-013,2025-09-20 15:32:58,5,130
1,PL-013,2025-09-20 15:32:58,45,130
1,PL-013,2025-09-20 16:05:25,85,130
1,AZ-011,2025-09-20 17:39:24,5,160
1,AZ-011,2025-09-20 17:39:24,55,160
1,AZ-011,2025-09-20 17:39:24,105,160
1,AZ-011,2025-09-20 19:44:12,155,160
1,AZ-011,2025-09-20 19:44:12,205,160
1,AZ-011,2025-09-20 19:44:12,255,160
1,AZ-011,2025-09-20 19:44:12,305,160
1,AZ-011,2025-09-20 19:44:12,355,160
1,AZ-011,2025-09-20 20:42:45,405,160
2,AZ-011,2025-09-20 23:09:55,5,5
2,AZ-011,2025-09-20 23:09:55,55,5
2,AZ-011,2025-09-20 23:09:55,105,5
2,AZ-011,2025-09-20 23:09:55,155,5
2,AZ-011,2025-09-20 23:09:55,205,5
2,FE-213,2025-09-20 12:58:19,255,5
2,FE-213,2025-09-20 12:58:19,305,5
2,FE-213,2025-09-20 12:58:19,355,5
2,MR-009,2025-09-20 13:58:38,5,40
2,FE-213,2025-09-20 16:05:25,405,5
2,FE-213,2025-09-20 16:05:25,455,5
2,MR-009,2025-09-20 16:05:25,55,40
2,MR-009,2025-09-20 16:05:25,105,40
2,FE-213,2025-09-20 16:36:31,155,40
2,FE-213,2025-09-20 16:36:31,205,40
2,FE-213,2025-09-20 16:36:31,255,40
2,FE-213,2025-09-20 18:00:24,305,40
2,FE-213,2025-09-20 18:00:24,355,40
2,FE-213,2025-09-20 18:00:24,405,40
2,FE-213,2025-09-20 18:00:24,455,40
2,FE-213,2025-09-20 18:08:35,5,80
2,FE-213,2025-09-20 21:12:37,55,80
2,FE-213,2025-09-20 21:12:37,105,80
2,FE-213,2025-09-20 21:12:37,155,80
2,FE-213,2025-09-20 21:12:37,205,80
2,FE-213,2025-09-20 21:12:37,255,80
2,MR-009,2025-09-20 21:12:37,5,110
2,MR-009,2025-09-20 21:12:37,55,110
2,MR-009,2025-09-20 21:12:37,105,110
2,MR-009,2025-09-20 21:12:37,155,110
2,FE-213,2025-09-20 23:13:14,305,80
3,MR-009,2025-09-20 23:09:55,5,5
3,MR-009,2025-09-20 23:09:55,55,5
3,FE-213,2025-09-20 23:13:14,105,5
3,MR-009,2025-09-20 23:20:48,5,45
3,MR-009,2025-09-20 23:20:48,55,45
3,MR-009,2025-09-20 23:20:48,105,45
3,MR-009,2025-09-20 23:20:48,155,45
3,MR-009,2025-09-20 23:20:48,205,45
3,MG-008,2025-09-20 12:02:50,255,45
3,MG-008,2025-09-20 12:02:50,315,45
3,MG-008,2025-09-20 13:45:24,375,45
3,MG-008,2025-09-20 13:45:24,435,45
3,MG-008,2025-09-20 13:58:38,155,5
3,MG-008,2025-09-20 13:58:38,215,5
3,MG-008,2025-09-20 13:58:38,275,5
3,MG-008,2025-09-20 13:58:38,335,5
3,MG-008,2025-09-20 14:00:52,395,5
3,MG-008,2025-09-20 14:00:52,5,85
3,MG-008,2025-09-20 19:31:55,65,85
3,MG-008,2025-09-20 19:31:55,125,85
3,MG-008,2025-09-20 19:31:55,185,85
3,MG-008,2025-09-20 19:31:55,245,85
3,MG-008,2025-09-20 21:56:41,305,85
3,MG-008,2025-09-20 21:56:41,365,85
3,MG-008,2025-09-20 21:56:41,425,85
4,MG-008,2025-09-20 21:56:41,5,5
4,MG-008,2025-09-20 23:09:55,65,5
4,MG-008,2025-09-20 23:09:55,125,5
4,MG-008,2025-09-20 23:09:55,185,5
4,MG-008,2025-09-20 23:09:55,245,5
4,MG-008,2025-09-20 23:09:55,305,5
4,BR-178,2025-09-20 12:02:50,5,35
4,BR-178,2025-09-20 12:27:52,45,35
4,BR-178,2025-09-20 12:58:19,85,35
4,PL-025,2025-09-20 13:58:38,125,35
4,PL-025,2025-09-20 13:58:38,175,35
4,PL-025,2025-09-20 13:58:38,225,35
4,PL-025,2025-09-20 13:58:38,275,35
4,PL-025,2025-09-20 14:00:52,325,35
4,PL-025,2025-09-20 14:00:52,375,35
4,PL-025,2025-09-20 14:00:52,425,35
4,BR-178,2025-09-20 15:32:58,5,75
4,BR-178,2025-09-20 15:32:58,45,75
4,BR-178,2025-09-20 15:32:58,85,75
4,BR-178,2025-09-20 16:05:25,125,75
4,BR-178,2025-09-20 19:31:55,165,75
4,BR-178,2025-09-20 19:44:12,205,75
4,BR-178,2025-09-20 19:44:12,245,75
5,BR-178,2025-09-20 19:44:12,5,5
5,BR-178,2025-09-20 19:44:12,45,5
5,BR-178,2025-09-20 20:40:22,85,5
5,BR-178,2025-09-20 20:40:22,125,5
5,BR-178,2025-09-20 20:40:22,165,5
5,BR-178,2025-09-20 21:12:37,205,5
5,BR-178,2025-09-20 21:12:37,245,5
5,BR-178,2025-09-20 21:56:41,285,5
5,BR-178,2025-09-20 21:56:41,325,5
5,BR-178,2025-09-20 21:56:41,365,5
5,BR-178,2025-09-20 21:56:41,405,5
5,GK-874,2025-09-20 12:27:52,445,5
5,GK-874,2025-09-20 12:27:52,445,25
5,GK-874,2025-09-20 16:05:25,5,45
5,GK-874,2025-09-20 16:05:25,40,45
5,GK-874,2025-09-20 16:05:25,75,45
5,GK-874,2025-09-20 16:05:25,110,45
5,GK-874,2025-09-20 16:05:25,145,45
5,GK-874,2025-09-20 18:08:35,180,45
5,GK-874,2025-09-20 18:08:35,215,45
5,GK-874,2025-09-20 18:08:35,250,45
5,GK-874,2025-09-20 18:08:35,285,45
5,GK-874,2025-09-20 18:08:35,320,45
5,GK-874,2025-09-20 21:56:41,355,45
5,GK-874,2025-09-20 21:56:41,390,45
5,GK-874,2025-09-20 21:56:41,425,45
5,GK-874,2025-09-20 21:56:41,460,45
5,GT-243,2025-09-20 13:52:28,5,65
5,GT-243,2025-09-20 13:58:38,45,65
5,GT-243,2025-09-20 13:58:38,85,65
5,GT-243,2025-09-20 18:00:24,125,65
5,GT-243,2025-09-20 18:00:24,165,65
5,GT-243,2025-09-20 18:00:24,205,65
5,GT-243,2025-09-20 18:00:24,245,65
5,GT-243,2025-09-20 19:31:55,285,65
6,GT-243,2025-09-20 19:31:55,5,5
6,GT-243,2025-09-20 19:31:55,45,5
6,GT-243,2025-09-20 19:31:55,85,5
6,GT-243,2025-09-20 20:40:22,125,5
6,GT-243,2025-09-20 20:40:22,165,5
6,GT-243,2025-09-20 20:40:22,205,5
6,GT-243,2025-09-20 20:40:22,245,5
6,GT-243,2025-09-20 20:42:45,285,5
6,GT-243,2025-09-20 20:42:45,325,5
6,GT-243,2025-09-20 20:42:45,365,5
6,GT-243,2025-09-20 20:42:45,405,5
6,GT-243,2025-09-20 23:13:14,445,5
6,GT-243,2025-09-20 23:13:14,5,25
6,GT-243,2025-09-20 23:20:48,45,25
6,GT-243,2025-09-20 23:20:48,85,25
6,GT-243,2025-09-20 23:20:48,125,25
6,BP-896,2025-09-20 12:02:50,5,45
6,BP-896,2025-09-20 12:02:50,45,45
6,BP-896,2025-09-20 12:02:50,85,45
6,BP-896,2025-09-20 12:02:50,125,45
6,BP-896,2025-09-20 12:02:50,165,45
6,BP-896,2025-09-20 14:00:52,205,45
6,BP-896,2025-09-20 14:00:52,245,45
6,BP-896,2025-09-20 16:36:31,285,45
6,BP-896,2025-09-20 16:36:31,325,45
6,BP-896,2025-09-20 16:36:31,365,45
7,BP-896,2025-09-20 16:36:31,5,5
7,BP-896,2025-09-20 16:36:31,45,5
7,BP-896,2025-09-20 18:00:24,85,5
7,BP-896,2025-09-20 18:00:24,125,5
7,BP-896,2025-09-20 18:00:24,165,5
7,BP-896,2025-09-20 18:00:24,205,5
7,BP-896,2025-09-20 18:00:24,245,5
7,BP-896,2025-09-20 23:20:48,285,5
7,FL-643,2025-09-20 13:52:28,325,5
7,FL-643,2025-09-20 13:52:28,355,5
7,FL-643,2025-09-20 13:52:28,385,5
7,FL-643,2025-09-20 13:52:28,415,5
7,FL-643,2025-09-20 15:32:58,445,5
7,FL-643,2025-09-20 15:32:58,475,5
7,FL-643,2025-09-20 15:32:58,5,35
7,FL-643,2025-09-20 23:13:14,35,35
7,FL-643,2025-09-20 23:13:14,65,35
7,FL-643,2025-09-20 23:13:14,95,35
7,FL-643,2025-09-20 23:13:14,125,35
7,FL-643,2025-09-20 23:13:14,155,35
7,LV-337,2025-09-20 15:32:58,5,65
8,LV-337,2025-09-20 15:32:58,5,5
8,LV-337,2025-09-20 15:32:58,40,5
8,LV-337,2025-09-20 17:39:24,75,5
8,LV-337,2025-09-20 17:39:24,110,5
8,LV-337,2025-09-20 17:39:24,145,5
8,LV-337,2025-09-20 17:39:24,180,5
8,LV-337,2025-09-20 17:39:24,215,5
8,LV-337,2025-09-20 18:08:35,250,5
8,LV-337,2025-09-20 18:08:35,285,5
8,LV-337,2025-09-20 18:08:35,320,5
9,LV-337,2025-09-20 21:12:37,5,5
9,LV-337,2025-09-20 21:12:37,40,5
9,LV-337,2025-09-20 21:56:41,75,5
9,LV-337,2025-09-20 21:56:41,110,5
9,LV-337,2025-09-20 21:56:41,145,5
9,LV-337,2025-09-20 21:56:41,180,5
9,LV-337,2025-09-20 21:56:41,215,5
9,LV-337,2025-09-20 23:13:14,250,5
9,LV-337,2025-09-20 23:13:14,285,5
9,LV-337,2025-09-20 23:13:14,320,5
10,LV-337,2025-09-20 23:13:14,5,5
